date,symbol,last_close,pred_close,real_close,pred_ret,real_ret
2025-06-06,2050,26.85028059,25.40431022644043,25.65098788,-0.05385308204555972,-0.04466592838685868
2025-06-06,2028,71.212176,69.44181060791016,72.18145284,-0.024860431060130028,0.01361111111111124
2025-06-06,2179,38.5251849,38.61716079711914,37.0371291,0.0023874226005113908,-0.03862553298219207
2025-06-06,2156,23.90209299,23.815948486328125,23.26390611,-0.003604056921204135,-0.026700041718815126
2025-06-06,21,17.39788503,16.056875228881836,17.19136055,-0.07707889773991483,-0.011870665867942165
2025-06-06,768,24.37632832,24.87726402282715,25.196448,0.020550088440355774,0.033644102148358446
2025-06-06,603662,62.81041976,66.43408203125,64.18597488,0.057692056271811065,0.02190011028832517
2025-06-06,603619,16.79099427,17.302112579345703,18.10051722,0.03044002642886401,0.07798960138648181
2025-06-06,2241,21.96121707,22.39509391784668,22.15879887,0.019756502859733294,0.008996851102114123
2025-06-06,2342,6.28437674,5.351181983947754,5.85476116,-0.1484944004251798,-0.06836248012718604
2025-06-06,2273,19.21134054,19.338359832763672,19.05281478,0.006611682953576725,-0.008251676121712181
2025-06-06,2371,317.18852529,315.23541259765625,298.42875426,-0.006157576761511185,-0.05914391453110801
2025-06-06,2353,35.29127308,35.20275115966797,34.99354018,-0.002508323237061183,-0.008436445444319651
2025-06-06,2463,34.9771261,31.75269889831543,37.87363825,-0.09218673919823761,0.08281161070005694
2025-06-06,2475,31.27909678,33.476844787597656,31.48676704,0.07026251502897951,0.006639266519127496
2025-06-06,2384,31.1,29.10331916809082,31.97,-0.0642019560099415,0.0279742765273312
2025-06-06,2422,36.617047,32.869667053222656,38.04292936,-0.10233976395686262,0.038940397350993416
2025-06-06,2517,16.93392715,16.31538963317871,17.4801968,-0.03652652520247135,0.032258887448916695
2025-06-06,2555,14.2195131,14.128732681274414,14.32413828,-0.006384214289699264,0.0073578595317724815
2025-06-06,2595,43.0117159,41.206443786621094,42.8086069,-0.041971636694896564,-0.004722178498347218
2025-06-06,2558,15.90937512,13.504728317260742,18.53125597,-0.15114652741554424,0.16480099502487566
2025-06-06,300308,102.24255552,98.86166381835938,115.281264,-0.033067363041207165,0.1275272161741834
2025-06-06,300274,59.64014592,60.52659606933594,62.4208896,0.014863312885333935,0.046625366807955704
2025-06-06,2601,15.87999898,15.774568557739258,16.32734194,-0.00663919578291694,0.02817021339632353
2025-06-06,2916,91.86307708,87.6473617553711,95.3718053,-0.045891292330188294,0.03819519584505526
2025-06-06,300033,178.45052627,167.02134704589844,179.87610798,-0.06404676670333231,0.007988666325607019
2025-06-06,300014,45.815608,47.122718811035156,43.034088,0.028529814796633524,-0.060711188204683464
2025-06-06,300059,21.02513181,19.3966007232666,21.54255105,-0.07745640319642777,0.02460955986748692
2025-06-06,300034,16.10329168,16.117963790893555,15.7661538,0.0009111249541469135,-0.020935960591133118
2025-06-06,300394,44.37452845,42.90137481689453,53.18249589,-0.033198181131442905,0.1984915163644967
2025-06-06,300191,16.9239987,15.824589729309082,19.93936602,-0.06496153717448094,0.17817109144542798
2025-06-06,300164,4.11,4.168306350708008,4.22,0.014186460026279102,0.02676399026763976
2025-06-06,300580,24.50793825,25.10858917236328,23.85597375,0.024508423198890794,-0.026602176541716926
2025-06-06,300476,100.36161681,76.24573516845703,105.32952181,-0.2402898877884565,0.04950004950004949
2025-06-06,300474,68.89,69.31818389892578,71.15,0.006215472476785999,0.032805922485121375
2025-06-06,300433,21.22683824,20.968801498413086,20.88728644,-0.012156155272369684,-0.015996343692870174
2025-06-06,300418,34.48,31.998939514160156,33.82,-0.07195651061020425,-0.019141531322505734
2025-06-06,600406,21.11551431,21.612607955932617,21.38292019,0.023541630984436956,0.01266395296246059
2025-06-06,600426,15.78815656,16.236169815063477,16.56901216,0.028376539931111333,0.049458313707018364
2025-06-06,600316,34.604262,33.16386032104492,34.604262,-0.0416249789969535,0.0
2025-06-06,600362,20.70577014,20.13115692138672,21.26461755,-0.02775135697576525,0.026989935956084343
2025-06-06,600428,5.75319182,5.555020809173584,5.8277875,-0.03444540300872767,0.012965964343598202
2025-06-06,300502,69.1244871,60.0540657043457,71.91372079,-0.13121864300464792,0.04035087719298258
2025-06-06,300760,230.111635,231.12503051757812,231.38297,0.0044039299341736005,0.0055248618784529135
2025-06-06,300750,245.8359685,237.09132385253906,244.18402899,-0.03557105455648957,-0.006719681908548769
2025-06-06,400,20.86612177,21.335708618164062,20.82713789,0.02250474972494443,-0.0018682858477346853
2025-06-06,426,14.1996405,13.31893253326416,16.62105288,-0.06202325803500719,0.17052631578947386
2025-06-06,600160,25.967712,25.48703384399414,26.84548002,-0.018510608713076415,0.03380228570002619
2025-06-06,600183,28.02178764,25.795799255371094,27.7946907,-0.07943777225159587,-0.008104298801973164
2025-06-06,600118,27.6855129,26.39930534362793,26.93590515,-0.04645778321022431,-0.02707581227436817
2025-06-06,600111,23.91405604,23.288862228393555,25.26862148,-0.026143361484171068,0.05664306538942121
2025-06-06,600089,11.28736268,11.185493469238281,11.28736268,-0.009025067560043842,0.0
2025-06-06,600026,9.5937099,9.740381240844727,9.61280186,0.015288281840242668,0.0019900497512437276
2025-06-06,600309,53.38576288,55.15592956542969,53.621896,0.033158029218551155,0.0044231478068559316
2025-06-06,600489,13.7104704,13.737274169921875,14.28498585,0.0019549854337510553,0.04190340909090917
2025-06-06,600276,53.6609778,52.25377655029297,55.5930917,-0.026223921132257688,0.036005939123979314
2025-06-06,601808,12.98259662,13.533002853393555,13.41896058,0.04239569706306989,0.033611454840071886
2025-06-06,601872,5.75578176,5.80510139465332,5.9082528,0.008568711724977085,0.026490066225165476
2025-06-06,601899,17.23159968,16.6735897064209,18.75430256,-0.03238294667596997,0.0883668903803132
2025-06-06,601975,2.704632,2.7677831649780273,2.704632,0.02334926340368204,0.0
2025-06-13,2050,25.65098788,24.603321075439453,25.88886412,-0.04084313670341755,0.009273570324574987
2025-06-13,2028,72.18145284,69.53567504882812,72.52762314,-0.036654537794308606,0.0047958344751986015
2025-06-13,2179,37.0371291,35.70109558105469,37.0166692,-0.03607281534532636,-0.0005524159268597284
2025-06-13,2156,23.26390611,23.061180114746094,23.7733678,-0.00871418558411241,0.021899232553255876
2025-06-13,21,17.19136055,16.137680053710938,16.9427868,-0.061291280188353725,-0.014459224985540642
2025-06-13,768,25.196448,25.866849899291992,24.97906688,0.026607000291945626,-0.008627450980392082
2025-06-13,603662,64.18597488,60.19761276245117,61.64268232,-0.062137595089976294,-0.039623805118717326
2025-06-13,603619,18.10051722,17.003150939941406,22.47529389,-0.060626238837311774,0.24169346195069674
2025-06-13,2241,22.15879887,21.89440155029297,22.93924698,-0.011931933732427513,0.035220686580472726
2025-06-13,2342,5.85476116,5.479198455810547,5.63495784,-0.06414654567897915,-0.03754266211604085
2025-06-13,2273,19.05281478,17.878660202026367,19.31041914,-0.06162630516967804,0.01352054082163301
2025-06-13,2371,298.42875426,288.2853088378906,312.70714748,-0.033989504286413785,0.047845232794023085
2025-06-13,2353,34.99354018,34.912147521972656,35.56915712,-0.0023259338040299005,0.016449234259784618
2025-06-13,2463,37.87363825,34.887123107910156,44.06480855,-0.07885472006613581,0.16346911957950083
2025-06-13,2475,31.48676704,32.10081481933594,32.35700432,0.019501772873533385,0.027638190954773822
2025-06-13,2384,31.97,31.774412155151367,37.09,-0.0061178556411833895,0.16015014075695988
2025-06-13,2422,38.04292936,32.76918029785156,34.03428496,-0.1386262611967387,-0.1053716016993913
2025-06-13,2517,17.4801968,16.663013458251953,16.884281,-0.0467490927646792,-0.03409090909090906
2025-06-13,2555,14.32413828,14.795563697814941,15.7413339,0.03291125850643084,0.09893758300132816
2025-06-13,2595,42.8086069,41.43088150024414,42.585187,-0.032183373847558205,-0.005219041594180074
2025-06-13,2558,18.53125597,15.955045700073242,20.96515291,-0.13901973369194998,0.1313400961025093
2025-06-13,300308,115.281264,111.0445556640625,128.0169702,-0.0367510572744717,0.11047507424970648
2025-06-13,300274,62.4208896,61.58871841430664,62.27254566,-0.013331613679747445,-0.0023765111479603362
2025-06-13,2601,16.32734194,15.804817199707031,15.96937342,-0.03200304998897874,-0.02192448233861144
2025-06-13,2916,95.3718053,88.27598571777344,101.95191318,-0.07440164899789903,0.06899426784783746
2025-06-13,300033,179.87610798,177.68927001953125,170.07962283,-0.012157467631620622,-0.05446240337315533
2025-06-13,300014,43.034088,40.847084045410156,42.149962,-0.050820269610217905,-0.02054478301015683
2025-06-13,300059,21.54255105,20.467609405517578,20.82612441,-0.04989853067946759,-0.033256351039261056
2025-06-13,300034,15.7661538,15.269208908081055,15.25053116,-0.0315197287951704,-0.03270440251572326
2025-06-13,300394,53.18249589,46.45479965209961,54.1140251,-0.12650207789825463,0.017515710656504924
2025-06-13,300191,19.93936602,16.864425659179688,23.08453392,-0.15421455013845586,0.15773660490736097
2025-06-13,300164,4.22,4.101539134979248,8.24,-0.028071295028614163,0.9526066350710902
2025-06-13,300580,23.85597375,22.630632400512695,23.549748,-0.05136413052463662,-0.012836438923395366
2025-06-13,300476,105.32952181,86.77064514160156,116.3483351,-0.17619824289980268,0.10461277237996414
2025-06-13,300474,71.15,70.84921264648438,69.12,-0.004227510239151466,-0.02853127196064653
2025-06-13,300433,20.88728644,20.24333953857422,21.37253811,-0.03082961031226139,0.023231915327724062
2025-06-13,300418,33.82,33.56679153442383,32.47,-0.0074869445764687015,-0.039917208752217714
2025-06-13,600406,21.38292019,21.83669662475586,21.46887208,0.021221443597216227,0.004019651630192023
2025-06-13,600426,16.56901216,16.181562423706055,16.37565744,-0.02338399734109109,-0.011669658886893974
2025-06-13,600316,34.604262,32.005062103271484,34.96351257,-0.07511213204687084,0.010381685643230831
2025-06-13,600362,21.26461755,20.665817260742188,20.48791437,-0.028159466675092504,-0.03652561247216046
2025-06-13,600428,5.8277875,5.751509666442871,5.76251628,-0.013088643598815008,-0.011200000000000099
2025-06-13,300502,71.91372079,65.5978012084961,80.609567,-0.08782634957725854,0.12092054359686544
2025-06-13,300760,231.38297,228.24818420410156,220.9678025,-0.013548040272360784,-0.04501267962806421
2025-06-13,300750,244.18402899,236.93190002441406,236.6476659,-0.029699440195095406,-0.030863456226732366
2025-06-13,400,20.82713789,21.118896484375,20.29110954,0.014008578418981177,-0.025737014506317157
2025-06-13,426,16.62105288,14.45089340209961,15.33561174,-0.13056690773854218,-0.07733812949640295
2025-06-13,600160,26.84548002,26.473831176757812,27.83172102,-0.013844000664741563,0.03673769287288753
2025-06-13,600183,27.7946907,25.38759994506836,28.81169004,-0.0866025379059765,0.03658969804618106
2025-06-13,600118,26.93590515,25.87662696838379,26.55610389,-0.039325880296850246,-0.014100185528757025
2025-06-13,600111,25.26862148,23.25977897644043,24.1032968,-0.07949948932313389,-0.04611746156878205
2025-06-13,600089,11.28736268,11.277593612670898,11.09458108,-0.0008654871475345383,-0.01707941929974377
2025-06-13,600026,9.61280186,9.691605567932129,10.4528481,0.008197787604469431,0.08738828202581939
2025-06-13,600309,53.621896,57.03958511352539,52.5396192,0.06373681962915656,-0.020183486238532167
2025-06-13,600489,14.28498585,13.70533561706543,14.0415471,-0.04057758537678713,-0.017041581458759336
2025-06-13,600276,55.5930917,52.95636749267578,51.3703273,-0.04742899030607828,-0.07595843783590117
2025-06-13,601808,13.41896058,13.250157356262207,14.23015776,-0.012579455966908681,0.06045156591405676
2025-06-13,601872,5.9082528,5.74078369140625,6.33660885,-0.0283449463424702,0.07250130698537482
2025-06-13,601899,18.75430256,16.714872360229492,17.96227785,-0.10874465703247704,-0.04223162698085425
2025-06-13,601975,2.704632,2.849433183670044,3.0327675,0.05353822023478383,0.1213235294117645
2025-06-20,2050,25.88886412,24.331567764282227,25.88886412,-0.06015313566865654,0.0
2025-06-20,2028,72.52762314,70.75322723388672,72.9430275,-0.024465104870294296,0.005727533069684876
2025-06-20,2179,37.0166692,36.145423889160156,38.42748575,-0.023536566894566735,0.038113006396588434
2025-06-20,2156,23.7733678,24.38768768310547,24.6723607,0.025840675510243383,0.037815126050420256
2025-06-20,21,16.9427868,15.983390808105469,18.1558267,-0.0566256309082831,0.07159624413145527
2025-06-20,768,24.97906688,24.077241897583008,26.1630204,-0.036103229426038275,0.04739782817699867
2025-06-20,603662,61.64268232,56.2384033203125,62.82031584,-0.08767105512431728,0.019104190078664374
2025-06-20,603619,22.47529389,19.894712448120117,19.16753592,-0.1148185849987069,-0.14717306862321977
2025-06-20,2241,22.93924698,22.226472854614258,23.1170706,-0.031072254726024262,0.007751937984496138
2025-06-20,2342,5.63495784,5.574764251708984,6.3443231,-0.01068217189909193,0.12588652482269502
2025-06-20,2273,19.31041914,18.309612274169922,19.45903704,-0.051827298960952506,0.007696254489481635
2025-06-20,2371,312.70714748,309.8223571777344,323.30150853,-0.009225213831897228,0.03387949759184061
2025-06-20,2353,35.56915712,34.46318817138672,34.13011477,-0.031093482054749377,-0.0404575892857143
2025-06-20,2463,44.06480855,39.71177291870117,41.75556175,-0.09878712229872677,-0.05240569234244419
2025-06-20,2475,32.35700432,32.767215728759766,32.60423082,0.012677669561214966,0.007640586797065918
2025-06-20,2384,37.09,30.55168342590332,36.93,-0.17628246357769428,-0.004313831221353537
2025-06-20,2422,34.03428496,32.973567962646484,34.36833972,-0.031166131405439,0.009815242494226384
2025-06-20,2517,16.884281,13.987212181091309,17.47026487,-0.17158378369257732,0.03470588235294114
2025-06-20,2555,15.7413339,14.877699851989746,15.80791356,-0.05486409560312133,0.004229607250755274
2025-06-20,2595,42.585187,40.569461822509766,40.7707466,-0.047333951533199414,-0.042607313195548335
2025-06-20,2558,20.96515291,16.492511749267578,21.75666411,-0.21333692055253517,0.03775365738555925
2025-06-20,300308,128.0169702,118.42100524902344,129.4138818,-0.07495853819993437,0.010911925175370207
2025-06-20,300274,62.27254566,61.72511291503906,63.39974004,-0.008790916432898865,0.018100984439504586
2025-06-20,2601,15.96937342,15.953886032104492,16.05886555,-0.0009698181317565613,0.005603985056039873
2025-06-20,2916,101.95191318,98.17924499511719,104.07901754,-0.03700438831610764,0.02086380033148094
2025-06-20,300033,170.07962283,161.85269165039062,197.49573611,-0.04837105728904667,0.16119575539865383
2025-06-20,300014,42.149962,41.255035400390625,44.613594,-0.021231966937701574,0.058449210464293966
2025-06-20,300059,20.82612441,20.737646102905273,23.01520581,-0.004248428817233085,0.10511227902532272
2025-06-20,300034,15.25053116,14.301960945129395,15.93472274,-0.06219915915837548,0.04486345903771127
2025-06-20,300394,54.1140251,51.87581253051758,52.05897211,-0.04136104393170381,-0.03797634691195795
2025-06-20,300191,23.08453392,18.628034591674805,18.89097672,-0.1930513019569422,-0.18166089965397914
2025-06-20,300164,8.24,5.47334623336792,6.22,-0.3357589522611748,-0.24514563106796117
2025-06-20,300580,23.549748,20.329774856567383,24.181956,-0.13673068363332885,0.02684563758389258
2025-06-20,300476,116.3483351,79.86763000488281,127.6751585,-0.3135472893854687,0.09735269000853974
2025-06-20,300474,69.12,68.4976577758789,71.84,-0.009003793751751976,0.03935185185185186
2025-06-20,300433,21.37253811,19.998693466186523,21.3428952,-0.06428083724743339,-0.001386962552011095
2025-06-20,300418,32.47,32.70000457763672,33.19,0.007083602637410591,0.02217431475207876
2025-06-20,600406,21.46887208,21.701091766357422,21.70762733,0.010816575993936484,0.011120996441281061
2025-06-20,600426,16.37565744,16.595521926879883,16.1004988,0.013426299840813005,-0.016802906448683097
2025-06-20,600316,34.96351257,34.13003158569336,35.72293725,-0.023838594095428434,0.021720491569019673
2025-06-20,600362,20.48791437,20.6717472076416,21.03728979,0.008972745313245989,0.026814609338881246
2025-06-20,600428,5.76251628,5.802711486816406,5.83711196,0.006975287333401914,0.012944983818770295
2025-06-20,300502,80.609567,67.0550537109375,83.3203312,-0.1681501810952849,0.03362831858407089
2025-06-20,300760,220.9678025,218.53414916992188,222.483625,-0.011013610591878553,0.006859924762115499
2025-06-20,300750,236.6476659,224.93263244628906,247.09691641,-0.049504115788158054,0.04415530772408105
2025-06-20,400,20.29110954,21.94211769104004,20.40806118,0.08136608536785017,0.0057636887608070175
2025-06-20,426,15.33561174,12.712211608886719,15.40536436,-0.1710658939200087,0.004548408057180042
2025-06-20,600160,27.83172102,26.837299346923828,26.96382894,-0.035729794516177305,-0.031183557760453562
2025-06-20,600183,28.81169004,27.15401268005371,29.127651,-0.05753488801402806,0.010966415352981596
2025-06-20,600118,26.55610389,26.16590690612793,27.82543968,-0.014693306875448786,0.04779826872412496
2025-06-20,600111,24.1032968,22.88642692565918,24.2129872,-0.05048561964107834,0.004550846338995385
2025-06-20,600089,11.09458108,11.114328384399414,11.29700176,0.001779905366144252,0.018245004344048743
2025-06-20,600026,10.4528481,10.162866592407227,9.8800893,-0.027741865644519748,-0.05479452054794531
2025-06-20,600309,52.5396192,55.47422409057617,52.31332496,0.05585508489136859,-0.00430711610486878
2025-06-20,600489,14.0415471,13.421948432922363,14.14866015,-0.044126096837123985,0.007628294036061023
2025-06-20,600276,51.3703273,48.225311279296875,51.8682948,-0.06122242520154475,0.009693679720822024
2025-06-20,601808,14.23015776,13.873698234558105,13.30167906,-0.025049583529135444,-0.06524725274725285
2025-06-20,601872,6.33660885,6.116125106811523,6.10228125,-0.03479522697514725,-0.03697996918335911
2025-06-20,601899,17.96227785,17.332874298095703,18.5587389,-0.03504029706924372,0.03320631464344048
2025-06-20,601975,3.0327675,2.9465253353118896,2.943276,-0.0284367874187883,-0.02950819672131144
2025-06-27,2050,25.88886412,25.173799514770508,25.73027996,-0.027620547657673522,-0.006125574272588086
2025-06-27,2028,72.9430275,72.76446533203125,73.2397449,-0.0024479676000389583,0.0040677966101696494
2025-06-27,2179,38.42748575,37.03416442871094,38.7135954,-0.036258456521295224,0.007445442875481323
2025-06-27,2156,24.6723607,24.845138549804688,25.36158859,0.00700289088286099,0.02793522267206483
2025-06-27,21,18.1558267,17.74542236328125,18.42428635,-0.022604552439286496,0.014786418400876356
2025-06-27,768,26.1630204,25.284292221069336,26.73890472,-0.03358664884619611,0.02201138519924095
2025-06-27,603662,62.82031584,57.82360076904297,61.52392936,-0.07953979543311107,-0.020636420919974863
2025-06-27,603619,19.16753592,18.60161590576172,19.34213898,-0.029524922587873315,0.009109311740890913
2025-06-27,2241,23.1170706,22.356399536132812,23.4134433,-0.03290516679337341,0.012820512820512775
2025-06-27,2342,6.3443231,5.8620405197143555,7.51327712,-0.0760179727110123,0.18425196850393677
2025-06-27,2273,19.45903704,19.201675415039062,20.46963876,-0.013225815050965983,0.05193482688391038
2025-06-27,2371,323.30150853,311.8703308105469,327.87366249,-0.03535763804947534,0.014142074315671715
2025-06-27,2353,34.13011477,33.767662048339844,33.99117275,-0.010619733455416003,-0.004070950857807509
2025-06-27,2463,41.75556175,38.20191955566406,44.20415965,-0.08510584088444062,0.058641239570917936
2025-06-27,2475,32.60423082,32.34999084472656,35.37316762,-0.007797760256238906,0.0849256900212314
2025-06-27,2384,36.93,32.21966552734375,43.3,-0.127547643451293,0.1724884917411318
2025-06-27,2422,34.36833972,33.154510498046875,36.51022024,-0.035318238583598505,0.062321326472269956
2025-06-27,2517,17.47026487,15.697325706481934,18.9699863,-0.1014832446279944,0.08584422967595207
2025-06-27,2555,15.80791356,15.263880729675293,16.5498012,-0.034415220469152574,0.04693140794223827
2025-06-27,2595,40.7707466,38.837989807128906,39.673958,-0.04740547951778484,-0.02690136167386259
2025-06-27,2558,21.75666411,19.038217544555664,22.80541645,-0.1249477655076201,0.048203728967712633
2025-06-27,300308,129.4138818,126.61869049072266,141.94617444,-0.021598852228210896,0.09683885890516564
2025-06-27,300274,63.39974004,63.68251037597656,68.98627359,0.004460118224430598,0.08811603243917654
2025-06-27,2601,16.05886555,15.831361770629883,16.5063262,-0.014166864942095292,0.02786377708978338
2025-06-27,2916,104.07901754,96.85832977294922,112.7663503,-0.06937697854685931,0.08346862763823903
2025-06-27,300033,197.49573611,198.17127990722656,188.63325277,0.003420548769976106,-0.0448743021725988
2025-06-27,300014,44.613594,46.06834030151367,46.083826,0.03260769131295893,0.03295479848586069
2025-06-27,300059,23.01520581,22.188182830810547,22.76644656,-0.03593376422600214,-0.010808473843493371
2025-06-27,300034,15.93472274,16.36798095703125,16.20244988,0.027189567342999155,0.016801493466085837
2025-06-27,300394,52.05897211,48.52642822265625,55.52198528,-0.06785658156829388,0.06652096708099986
2025-06-27,300191,18.89097672,18.393413543701172,19.01079264,-0.026338668649782182,0.006342494714587588
2025-06-27,300164,6.22,5.016716957092285,5.89,-0.1934538654192467,-0.05305466237942125
2025-06-27,300580,24.181956,19.90123748779297,23.82480144,-0.1770211852261674,-0.014769465298836826
2025-06-27,300476,127.6751585,86.6700668334961,141.76413708,-0.32116734491074783,0.11035019455252937
2025-06-27,300474,71.84,70.19176483154297,72.0,-0.022943139872731555,0.00222717149220486
2025-06-27,300433,21.3428952,21.07634925842285,23.94159031,-0.012488743400527413,0.12175925925925912
2025-06-27,300418,33.19,32.4716911315918,32.88,-0.02164232806291655,-0.009340162699608134
2025-06-27,600406,21.70762733,21.586339950561523,21.48373252,-0.005587316273430676,-0.010314107875372347
2025-06-27,600426,16.1004988,15.779937744140625,16.65037344,-0.019910007748292546,0.034152646252176844
2025-06-27,600316,35.72293725,34.30229187011719,35.66298267,-0.039768437011231894,-0.0016783216783217147
2025-06-27,600362,21.03728979,20.539562225341797,22.57175217,-0.02365930068115496,0.07294011706438552
2025-06-27,600428,5.83711196,5.884674072265625,6.00495224,0.008148226827162874,0.028753993610223683
2025-06-27,300502,83.3203312,70.10785675048828,92.49412794,-0.15857443506551638,0.11010273972602747
2025-06-27,300760,222.483625,218.95672607421875,215.34459,-0.01585239779233749,-0.03208791208791195
2025-06-27,300750,247.09691641,243.56446838378906,256.67621061,-0.014295799711031898,0.038767356303651246
2025-06-27,400,20.40806118,21.24993896484375,21.13900893,0.041252217808362523,0.0358166189111746
2025-06-27,426,15.40536436,14.485491752624512,16.77052278,-0.05971118799136854,0.08861578266494186
2025-06-27,600160,26.96382894,26.994525909423828,27.95006994,0.0011384499394406777,0.03657644476956845
2025-06-27,600183,29.127651,25.7925968170166,29.49298086,-0.11449787636440023,0.012542372881355845
2025-06-27,600118,27.82543968,26.885995864868164,28.56531452,-0.03376204746216738,0.026589870582774733
2025-06-27,600111,24.2129872,23.859153747558594,24.5620212,-0.01461337461250578,0.01441515650741354
2025-06-27,600089,11.29700176,11.230280876159668,11.69220404,-0.005906070058037449,0.03498293515358353
2025-06-27,600026,9.8800893,10.010162353515625,9.85145136,0.013165169824489897,-0.0028985507246376274
2025-06-27,600309,52.31332496,56.81304931640625,53.68092928,0.0860148797624094,0.02614256159488426
2025-06-27,600489,14.14866015,13.278680801391602,14.43,-0.061488461761405544,0.01988455776146414
2025-06-27,600276,51.8682948,49.822086334228516,52.25670945,-0.03945008166668096,0.00748847926267282
2025-06-27,601808,13.30167906,13.316638946533203,13.61442978,0.001124661515717218,0.02351212343864817
2025-06-27,601872,6.10228125,6.21636438369751,6.00464475,0.018695161534468818,-0.016000000000000014
2025-06-27,601899,18.5587389,17.52391242980957,19.83966345,-0.055759525243950225,0.06902002107481553
2025-06-27,601975,2.943276,3.0032570362091064,2.8736715,0.020379004962193914,-0.023648648648648685
2025-07-04,2050,25.73027996,23.994922637939453,25.19505842,-0.06744416791260388,-0.02080123266563949
2025-07-04,2028,73.2397449,73.76217651367188,70.202631,0.00713317085395615,-0.04146811139425488
2025-07-04,2179,38.7135954,39.02433776855469,38.5952052,0.008026698769360019,-0.003058103975535187
2025-07-04,2156,25.36158859,25.95757484436035,24.88212571,0.02349956321724056,-0.018905080740448943
2025-07-04,21,18.42428635,18.922086715698242,18.30497095,0.027018705432693357,-0.0064759848893685135
2025-07-04,768,26.73890472,26.225778579711914,26.77862088,-0.01919024528720814,0.001485332343111656
2025-07-04,603662,61.52392936,56.238101959228516,60.4650488,-0.0859149839055644,-0.017210873411613314
2025-07-04,603619,19.34213898,18.367929458618164,18.97353252,-0.05036720718371335,-0.01905717151454378
2025-07-04,2241,23.4134433,23.64580535888672,22.40577612,0.009924301005598712,-0.04303797468354442
2025-07-04,2342,7.51327712,5.933921813964844,7.5432503,-0.21020857886779987,0.003989361702127825
2025-07-04,2273,20.46963876,20.18034553527832,19.6671021,-0.014132795801310882,-0.039206195546950484
2025-07-04,2371,327.87366249,315.05084228515625,329.53216351,-0.03910902787208426,0.005058353901940871
2025-07-04,2353,33.99117275,33.9872932434082,34.82482487,-0.00011413276677230133,0.02452554744525548
2025-07-04,2463,44.20415965,38.16004180908203,47.03099625,-0.13673187973200096,0.06394956090970494
2025-07-04,2475,35.37316762,35.493682861328125,35.36327856,0.0034069677508890006,-0.0002795638803466671
2025-07-04,2384,43.3,32.38838577270508,46.5,-0.25200032857494037,0.07390300230946889
2025-07-04,2422,36.51022024,33.253177642822266,32.63911508,-0.08920906463361655,-0.10602798708288474
2025-07-04,2517,18.9699863,18.548446655273438,19.79433649,-0.022221399533987052,0.043455497382199004
2025-07-04,2555,16.5498012,15.392763137817383,17.7862806,-0.06991250518360415,0.07471264367816088
2025-07-04,2595,39.673958,38.48735809326172,39.80428783,-0.029908785675940908,0.0032850221296296667
2025-07-04,2558,22.80541645,18.171981811523438,26.23859628,-0.20317255107510046,0.1505422993492409
2025-07-04,300308,141.94617444,134.3824462890625,146.26662246,-0.05328588939277579,0.030437227611415762
2025-07-04,300274,68.98627359,67.6019287109375,75.59123715,-0.02006696125217533,0.09574315608427697
2025-07-04,2601,16.5063262,16.316152572631836,16.49638263,-0.011521257066164359,-0.000602409638554291
2025-07-04,2916,112.7663503,93.69445037841797,118.52145976,-0.16912757991052962,0.05103569854561485
2025-07-04,300033,188.63325277,195.4801025390625,193.12769757,0.03629715158127933,0.02382636536242133
2025-07-04,300014,46.083826,45.21369934082031,44.782472,-0.01888138930087291,-0.028238844578573064
2025-07-04,300059,22.76644656,22.6595401763916,23.03510655,-0.004695786991907092,0.01180069930069938
2025-07-04,300034,16.20244988,15.788594245910645,16.03388094,-0.025542781317300145,-0.01040391676866581
2025-07-04,300394,55.52198528,50.115135192871094,62.21335159,-0.0973821461869907,0.12051741803278682
2025-07-04,300191,19.01079264,17.38869285583496,18.6713142,-0.08532520526009157,-0.017857142857142683
2025-07-04,300164,5.89,4.861878395080566,5.61,-0.174553752957459,-0.04753820033955847
2025-07-04,300580,23.82480144,22.620227813720703,23.22868464,-0.05055965017433106,-0.025020850708924125
2025-07-04,300476,141.76413708,99.31017303466797,144.18847472,-0.29946899772947877,0.01710120549481342
2025-07-04,300474,72.0,68.81074523925781,71.92,-0.04429520501030815,-0.0011111111111110628
2025-07-04,300433,23.94159031,22.210987091064453,22.22230153,-0.07228438865285824,-0.07181180354931904
2025-07-04,300418,32.88,30.38621711730957,33.61,-0.07584497818401559,0.02220194647201934
2025-07-04,600406,21.48373252,21.190885543823242,21.28904532,-0.013631103250058452,-0.009062075215224286
2025-07-04,600426,16.65037344,16.231239318847656,16.22054043,-0.02517265589643991,-0.025815217391304324
2025-07-04,600316,35.66298267,34.935997009277344,35.14337631,-0.020384881081026318,-0.01456990753712517
2025-07-04,600362,22.57175217,21.84088134765625,21.84240894,-0.032379888669659684,-0.0323122114981117
2025-07-04,600428,6.00495224,5.870119094848633,5.99562778,-0.02245365820784062,-0.0015527950310557648
2025-07-04,300502,92.49412794,72.05790710449219,94.91241495,-0.22094614318397143,0.026145303100416406
2025-07-04,300760,215.34459,225.70639038085938,213.8287675,0.04811730065222153,-0.007039055404178041
2025-07-04,300750,256.67621061,230.54013061523438,265.874288,-0.10182509681225349,0.03583533264785399
2025-07-04,400,21.13900893,22.56731414794922,21.4890027,0.06756727444881294,0.016556772891244576
2025-07-04,426,16.77052278,15.32507610321045,16.78048744,-0.08618972084241439,0.0005941770647652778
2025-07-04,600160,27.95006994,27.51900291442871,26.38194675,-0.015422753019818991,-0.05610444601270281
2025-07-04,600183,29.49298086,26.479555130004883,33.7189587,-0.10217433579533797,0.1432875795112154
2025-07-04,600118,28.56531452,28.9272403717041,27.87542768,0.012670116110596208,-0.02415120756037803
2025-07-04,600111,24.5620212,22.953458786010742,26.9354524,-0.0654898227182239,0.09663012586276887
2025-07-04,600089,11.69220404,11.612188339233398,12.0004568,-0.006843508759585504,0.026363956611212158
2025-07-04,600026,9.85145136,10.108271598815918,9.81326744,0.026069279482888064,-0.003875968992248069
2025-07-04,600309,53.68092928,54.5068359375,55.50112208,0.015385476156570821,0.03390762463343111
2025-07-04,600489,14.43,14.115008354187012,13.78,-0.021828942883782898,-0.04504504504504503
2025-07-04,600276,52.25670945,49.36503982543945,57.365856,-0.05533585361564608,0.097770154373928
2025-07-04,601808,13.61442978,13.70003890991211,13.44828096,0.006288117188563591,-0.012203876525484603
2025-07-04,601872,6.00464475,5.91788911819458,5.9753538,-0.01444808734195635,-0.004878048780487809
2025-07-04,601899,19.83966345,17.762001037597656,18.4218462,-0.10472266415398002,-0.07146377525874814
2025-07-04,601975,2.8736715,2.8457283973693848,2.8736715,-0.009723833301967577,0.0
2025-07-11,2050,25.19505842,23.907337188720703,27.6531129,-0.05111007126131906,0.09756097560975618
2025-07-11,2028,70.202631,68.39104461669922,78.93563914,-0.02580510669608349,0.12439716312056759
2025-07-11,2179,38.5952052,38.341270446777344,38.476815,-0.00657943783189574,-0.0030674846625766694
2025-07-11,2156,24.88212571,24.09373664855957,26.02085005,-0.031684956125898056,0.04576475311120021
2025-07-11,21,18.30497095,18.46695327758789,18.7524037,0.008849089574102242,0.024443237370993964
2025-07-11,768,26.77862088,25.962064743041992,28.50627384,-0.0304928375743152,0.06451612903225801
2025-07-11,603662,60.4650488,54.765689849853516,65.1162064,-0.09425873398363127,0.07692307692307687
2025-07-11,603619,18.97353252,18.635108947753906,18.63402657,-0.017836613813972724,-0.017893660531697275
2025-07-11,2241,22.40577612,21.436767578125,23.00840061,-0.04324815782703617,0.02689594356261016
2025-07-11,2342,7.5432503,6.4311113357543945,7.23352744,-0.14743498094523066,-0.041059602649006766
2025-07-11,2273,19.6671021,18.595918655395508,20.33092872,-0.054465748901791344,0.03375314861460943
2025-07-11,2371,329.53216351,325.4124450683594,318.3123042,-0.012501718793575645,-0.034047842828123454
2025-07-11,2353,34.82482487,33.52088928222656,38.55641055,-0.03744270337728872,0.10715303505272167
2025-07-11,2463,47.03099625,40.23796081542969,52.86383515,-0.1444374131149797,0.12402116402116392
2025-07-11,2475,35.36327856,34.401878356933594,39.1820392,-0.0271863990618183,0.10798661197436221
2025-07-11,2384,46.5,34.7280387878418,55.31,-0.25316045617544525,0.18946236559139784
2025-07-11,2422,32.63911508,31.225786209106445,34.37816486,-0.04330169085250701,0.05328115593016247
2025-07-11,2517,19.79433649,18.287233352661133,18.89053086,-0.07613809829393614,-0.045659809332664336
2025-07-11,2555,17.7862806,15.64969253540039,15.91253874,-0.12012562449957132,-0.1053475935828877
2025-07-11,2595,39.80428783,37.77267074584961,40.25420785,-0.0510401565988875,0.011303305360506943
2025-07-11,2558,26.23859628,18.811491012573242,24.70504333,-0.2830603126847896,-0.05844645550527905
2025-07-11,300308,146.26662246,140.9967803955078,176.4598689,-0.036029013153245915,0.20642608636332627
2025-07-11,300274,75.59123715,75.03445434570312,73.2676347,-0.007365705672894518,-0.030739045127534226
2025-07-11,2601,16.49638263,16.265430450439453,16.15830125,-0.014000171112698467,-0.020494273658830497
2025-07-11,2916,118.52145976,101.73119354248047,130.1111966,-0.1416643555649667,0.0977859778597785
2025-07-11,300033,193.12769757,186.96336364746094,193.120675,-0.031918435315601346,-3.6362314097648785e-05
2025-07-11,300014,44.782472,43.69188690185547,44.703,-0.024352945459208408,-0.0017746228926351915
2025-07-11,300059,23.03510655,23.41078758239746,23.4828732,0.016309064235583648,0.01943844492440605
2025-07-11,300034,16.03388094,15.813640594482422,16.43299191,-0.013735934945615091,0.024891725932947972
2025-07-11,300394,62.21335159,54.7038459777832,65.97502298,-0.12070569130732789,0.06046405303463254
2025-07-11,300191,18.6713142,17.466402053833008,18.6213909,-0.06453279791986966,-0.002673796791443861
2025-07-11,300164,5.61,5.179437637329102,5.47,-0.07674908425506222,-0.024955436720142665
2025-07-11,300580,23.22868464,24.062908172607422,25.22567592,0.03591350718029385,0.08597091531223255
2025-07-11,300476,144.18847472,103.43121337890625,168.77960447,-0.28266656832482884,0.17054851157662632
2025-07-11,300474,71.92,69.4315414428711,74.66,-0.03460036925930077,0.038097886540600534
2025-07-11,300433,22.22230153,21.220882415771484,23.83289964,-0.04506369931469989,0.0724766562916852
2025-07-11,300418,33.61,33.301841735839844,35.54,-0.009168648145199465,0.057423385897054535
2025-07-11,600406,21.28904532,21.134286880493164,21.3182484,-0.0072693931165361825,0.001371742112483032
2025-07-11,600426,16.22054043,15.851914405822754,15.93398509,-0.022725878078357353,-0.01766620176662015
2025-07-11,600316,35.14337631,34.457462310791016,36.84208941,-0.019517589691967374,0.0483366505544498
2025-07-11,600362,21.84240894,21.8507137298584,21.94660083,0.0003802140085011896,0.004770164787510911
2025-07-11,600428,5.99562778,6.004103183746338,6.1541436,0.0014135973841820082,0.026438569206842955
2025-07-11,300502,94.91241495,77.07635498046875,130.9013765,-0.18792125328311693,0.37918075911311533
2025-07-11,300760,213.8287675,214.00782775878906,212.391181,0.0008374002286155591,-0.006723073404985125
2025-07-11,300750,265.874288,254.85662841796875,259.5206745,-0.04143935716729119,-0.023897058823529438
2025-07-11,400,21.4890027,21.599363327026367,21.32219309,0.0051356793317527405,-0.007762557077625631
2025-07-11,426,16.78048744,15.673517227172852,17.69723616,-0.0659677030709157,0.054631828978622066
2025-07-11,600160,26.38194675,26.043609619140625,26.57919495,-0.01282457030428874,0.007476635514018781
2025-07-11,600183,33.7189587,30.53130340576172,36.98717988,-0.09453599450087058,0.09692532942898957
2025-07-11,600118,27.87542768,27.956195831298828,27.81543752,0.002897467699007672,-0.002152080344332896
2025-07-11,600111,26.9354524,24.502172470092773,29.9172,-0.0903374442638738,0.11069974083672718
2025-07-11,600089,12.0004568,12.059494972229004,12.05947544,0.004919660410677373,0.004918032786885185
2025-07-11,600026,9.81326744,9.886528015136719,9.8041239,0.007465461996694289,-0.0009317528596775038
2025-07-11,600309,55.50112208,57.295433044433594,54.2614232,0.03232927366490457,-0.02233646516575072
2025-07-11,600489,13.78,13.351200103759766,14.99,-0.03111755415386308,0.08780841799709727
2025-07-11,600276,57.365856,49.46216583251953,57.49532755,-0.13777690630957318,0.002256944444444464
2025-07-11,601808,13.44828096,13.087165832519531,13.46782788,-0.026852140325931195,0.0014534883720929148
2025-07-11,601872,5.9753538,5.885200023651123,5.9362992,-0.015087604745492533,-0.006535947712418277
2025-07-11,601899,18.4218462,17.558908462524414,18.64674135,-0.04684317348581424,0.012208067940551848
2025-07-11,601975,2.8736715,2.88310170173645,2.823954,0.003281586547540405,-0.01730103806228367
2025-07-18,2050,27.6531129,25.73288917541504,27.54408629,-0.06943969496414126,-0.003942652329749108
2025-07-18,2028,78.93563914,77.16572570800781,77.40213486,-0.02242223476335048,-0.01942727387410126
2025-07-18,2179,38.476815,37.61581039428711,38.3978882,-0.022377231735862035,-0.002051282051282133
2025-07-18,2156,26.02085005,25.44244384765625,26.35048078,-0.02222856675444196,0.012667946257197693
2025-07-18,21,18.7524037,17.341312408447266,18.58337355,-0.07524855555198684,-0.009013785790031648
2025-07-18,768,28.50627384,28.300127029418945,28.62542232,-0.0072316294910416135,0.004179728317659448
2025-07-18,603662,65.1162064,64.78186798095703,65.0963235,-0.005134488593963371,-0.0003053448764791522
2025-07-18,603619,18.63402657,18.39925765991211,19.15783575,-0.012598936102509284,0.02811035918792304
2025-07-18,2241,23.00840061,21.359100341796875,23.54187147,-0.0716825257069933,0.023185916702447518
2025-07-18,2342,7.23352744,6.2772908210754395,7.37340228,-0.13219506345365573,0.01933701657458564
2025-07-18,2273,20.33092872,19.931396484375,20.27148156,-0.019651450316284347,-0.0029239766081869956
2025-07-18,2371,318.3123042,308.0985107421875,338.34419905,-0.032087334743413076,0.06293157564343987
2025-07-18,2353,38.55641055,38.70356369018555,39.73741772,0.00381656741606462,0.030630630630630762
2025-07-18,2463,52.86383515,42.430023193359375,49.45968685,-0.197371453036559,-0.0643946526077952
2025-07-18,2475,39.1820392,38.701080322265625,37.66050316,-0.012274983322827504,-0.038832487309644725
2025-07-18,2384,55.31,39.31169128417969,53.5,-0.28924803319147196,-0.032724642921714064
2025-07-18,2422,34.37816486,32.13874816894531,34.25043804,-0.06514066996229673,-0.0037153472420691225
2025-07-18,2517,18.89053086,18.835187911987305,18.36413857,-0.0029296661074719177,-0.027865404837013497
2025-07-18,2555,15.91253874,15.481578826904297,16.25494842,-0.027083039365200845,0.021518230723251763
2025-07-18,2595,40.25420785,38.49790573120117,38.97261749,-0.04363027401615671,-0.03183742591024563
2025-07-18,2558,24.70504333,20.836647033691406,23.9432138,-0.15658326296522196,-0.03083700440528636
2025-07-18,300308,176.4598689,137.8974609375,184.7914488,-0.21853358615127028,0.047215154085383126
2025-07-18,300274,73.2676347,74.28412628173828,75.52202346,0.013873678137698686,0.03076923076923066
2025-07-18,2601,16.15830125,16.229717254638672,17.38136036,0.004419771827107732,0.0756923076923075
2025-07-18,2916,130.1111966,108.6476821899414,131.61209734,-0.16496285462690607,0.011535523300229222
2025-07-18,300033,193.120675,190.0737762451172,206.79361879,-0.01577717535878964,0.07079999999999997
2025-07-18,300014,44.703,45.43733215332031,47.226236,0.01642690990135587,0.0564444444444443
2025-07-18,300059,23.4828732,22.876834869384766,24.19929984,-0.02580767376520321,0.03050847457627115
2025-07-18,300034,16.43299191,15.871971130371094,17.74004834,-0.034139904814746824,0.07953855494839113
2025-07-18,300394,65.97502298,53.10659408569336,61.84358427,-0.19505001003497402,-0.06262125458072865
2025-07-18,300191,18.6213909,17.82378578186035,18.7711608,-0.042832735880092065,0.008042895442359255
2025-07-18,300164,5.47,5.557562351226807,5.47,0.01600774245462655,0.0
2025-07-18,300580,25.22567592,24.673891067504883,25.4839932,-0.02187393726316922,0.01024025206774315
2025-07-18,300476,168.77960447,106.02361297607422,153.8063388,-0.37182212679660864,-0.08871489962912826
2025-07-18,300474,74.66,70.02340698242188,73.98,-0.06210277280442167,-0.009107956067505918
2025-07-18,300433,23.83289964,21.466602325439453,23.49694666,-0.09928700872759377,-0.014096185737976885
2025-07-18,300418,35.54,35.21324920654297,34.92,-0.009193888392150518,-0.017445132245357264
2025-07-18,600406,21.3182484,21.07453155517578,21.84390384,-0.011432310959666903,0.02465753424657513
2025-07-18,600426,15.93398509,15.127817153930664,18.01528177,-0.05059424441003646,0.13061997160435412
2025-07-18,600316,36.84208941,34.39973831176758,43.59697209,-0.0662924154776493,0.18334689449416874
2025-07-18,600362,21.94660083,22.00213623046875,23.7747665,0.0025304784508055622,0.08330062974950447
2025-07-18,600428,6.1541436,6.202520847320557,6.58306876,0.007860922731890208,0.06969696969696959
2025-07-18,300502,130.9013765,80.32225036621094,123.2684352,-0.3863910944724791,-0.05831062670299725
2025-07-18,300760,212.391181,211.5372772216797,226.9528565,-0.004020429540905979,0.06856064094299663
2025-07-18,300750,259.5206745,249.0615692138672,278.7770108,-0.04030162647459057,0.07419962335216579
2025-07-18,400,21.32219309,21.314546585083008,23.11784948,-0.0003586171874869759,0.08421537045559147
2025-07-18,426,17.69723616,15.987194061279297,19.431087,-0.09662763627383852,0.09797297297297303
2025-07-18,600160,26.57919495,26.723756790161133,26.80603038,0.005438909659719826,0.008534322820036966
2025-07-18,600183,36.98717988,30.55744743347168,38.3596353,-0.17383678526961865,0.037106246663107356
2025-07-18,600118,27.81543752,27.838457107543945,28.27536208,0.0008275831551236568,0.016534867002156783
2025-07-18,600111,29.9172,26.91031837463379,38.0347336,-0.10050678624223564,0.2713333333333334
2025-07-18,600089,12.05947544,11.80671501159668,14.15463716,-0.02095948780366852,0.1737357259380099
2025-07-18,600026,9.8041239,9.658904075622559,10.10623905,-0.014812116397003305,0.030815109343936165
2025-07-18,600309,54.2614232,54.978214263916016,61.50283888,0.013209956938910805,0.1334542157751586
2025-07-18,600489,14.99,14.060073852539062,15.19,-0.06203643412014259,0.013342228152101399
2025-07-18,600276,57.49532755,53.13936233520508,57.2662625,-0.07576207320511075,-0.003984063745019806
2025-07-18,601808,13.46782788,13.171838760375977,13.8783132,-0.021977494979986578,0.030478955007256836
2025-07-18,601872,5.9362992,5.89487361907959,6.1315722,-0.006978351246246128,0.03289473684210531
2025-07-18,601899,18.64674135,17.633729934692383,19.6734366,-0.054326458242400455,0.0550603041426323
2025-07-18,601975,2.823954,2.83345103263855,2.9333325,0.0033630266776829565,0.03873239436619724
2025-07-25,2050,27.54408629,28.163482666015625,26.21594395,0.022487454094293202,-0.048218783735156534
2025-07-25,2028,77.40213486,74.87154388427734,77.670996,-0.03269407207307429,0.0034735623311461516
2025-07-25,2179,38.3978882,38.71223449707031,37.6678153,0.008186551703911471,-0.01901336073997939
2025-07-25,2156,26.35048078,26.32772445678711,28.08853372,-0.0008636018220268271,0.06595905989385886
2025-07-25,21,18.58337355,18.5849552154541,18.4740011,8.511185818038669e-05,-0.005885500267522881
2025-07-25,768,28.62542232,28.99799346923828,28.297764,0.01301539397649254,-0.01144640998959412
2025-07-25,603662,65.0963235,65.3427963256836,63.58569126,0.0037862787394375985,-0.02320610687022895
2025-07-25,603619,19.15783575,18.963420867919922,19.23679611,-0.010148060804836878,0.004121569942993064
2025-07-25,2241,23.54187147,22.64625358581543,22.74166518,-0.038043614558251226,-0.03399076793957201
2025-07-25,2342,7.37340228,6.5149736404418945,7.10364366,-0.11642232540147057,-0.03658536585365846
2025-07-25,2273,20.27148156,20.54877281188965,20.7074274,0.013678884351344234,0.021505376344086002
2025-07-25,2371,338.34419905,323.4927673339844,334.8973144,-0.04389444760015193,-0.010187509227816194
2025-07-25,2353,39.73741772,36.843833923339844,38.63580599,-0.07281761026972333,-0.027722277722277755
2025-07-25,2463,49.45968685,42.96294403076172,56.00918855,-0.13135430555679461,0.1324210102636345
2025-07-25,2475,37.66050316,36.26925277709961,36.42736284,-0.03694189578375218,-0.03274359651439129
2025-07-25,2384,53.5,39.41163635253906,58.49,-0.26333389995254086,0.09327102803738319
2025-07-25,2422,34.25043804,31.75731658935547,37.11937892,-0.0727909362132213,0.08376362593230069
2025-07-25,2517,18.36413857,17.489416122436523,18.23502348,-0.04763209797340784,-0.007030827474310608
2025-07-25,2555,16.25494842,15.173897743225098,15.79840218,-0.06650594322678904,-0.02808660035108257
2025-07-25,2595,38.97261749,35.747798919677734,38.18866594,-0.08274575273651352,-0.02011544516354724
2025-07-25,2558,23.9432138,20.179489135742188,23.48809486,-0.15719379594137073,-0.0190082644628099
2025-07-25,300308,184.7914488,148.7789764404297,217.12995234,-0.19488170363633361,0.17499999999999982
2025-07-25,300274,75.52202346,74.69435119628906,71.191224,-0.010959349680948471,-0.0573448546739983
2025-07-25,2601,17.38136036,17.751331329345703,16.95378685,0.02128550134643792,-0.024599542334096003
2025-07-25,2916,131.61209734,108.69985961914062,141.2437054,-0.17408914669651576,0.07318178385318341
2025-07-25,300033,206.79361879,218.16151428222656,199.1600852,0.054972177375408826,-0.03691377729480094
2025-07-25,300014,47.226236,47.46125411987305,43.987752,0.0049764313182412145,-0.06857383256205296
2025-07-25,300059,24.19929984,25.197402954101562,23.11470951,0.04124512364823718,-0.04481907894736836
2025-07-25,300034,17.74004834,16.941688537597656,17.34094714,-0.04500324841856351,-0.022497187851518552
2025-07-25,300394,61.84358427,57.917442321777344,75.11254233,-0.0634850323532623,0.21455674370472577
2025-07-25,300191,18.7711608,18.599430084228516,19.84950408,-0.009148646564866914,0.057446808510638325
2025-07-25,300164,5.47,5.214446067810059,5.47,-0.046719183215711335,0.0
2025-07-25,300580,25.4839932,23.926149368286133,24.62955912,-0.06113028752942329,-0.03352826510721252
2025-07-25,300476,153.8063388,123.7466812133789,190.84703848,-0.19543835332891424,0.24082687338501296
2025-07-25,300474,73.98,73.83536529541016,79.6,-0.0019550514272755892,0.07596647742633134
2025-07-25,300433,23.49694666,23.42417335510254,22.53849257,-0.003097138787881093,-0.04079058031959626
2025-07-25,300418,34.92,33.45998001098633,35.9,-0.04181042351127362,0.028064146620847552
2025-07-25,600406,21.84390384,21.433107376098633,21.29877968,-0.01880600037934277,-0.024955436720142665
2025-07-25,600426,18.01528177,17.219228744506836,18.08315014,-0.0441876533298966,0.0037672666387609244
2025-07-25,600316,43.59697209,39.51500701904297,41.64844824,-0.09362955442250376,-0.044694017877607184
2025-07-25,600362,23.7747665,21.616554260253906,21.921934,-0.09077743159942675,-0.07793273174733384
2025-07-25,600428,6.58306876,6.259486198425293,6.23806374,-0.049153756913623226,-0.052407932011331315
2025-07-25,300502,123.2684352,95.90675354003906,134.97465639,-0.22196827286374876,0.09496527777777786
2025-07-25,300760,226.9528565,231.8800811767578,226.10204,0.02171034439814523,-0.003748868875770306
2025-07-25,300750,278.7770108,258.53179931640625,258.66049298,-0.07262152436994918,-0.0721598877980365
2025-07-25,400,23.11784948,23.3262939453125,22.28380143,0.009016602755063108,-0.0360780984719864
2025-07-25,426,19.431087,16.591140747070312,17.46804898,-0.1461547803748544,-0.10102564102564116
2025-07-25,600160,26.80603038,25.496389389038086,26.40167157,-0.04885620781579947,-0.015084621044885838
2025-07-25,600183,38.3596353,31.604917526245117,42.37826376,-0.1760892073380813,0.10476190476190483
2025-07-25,600118,28.27536208,28.10051727294922,28.90525876,-0.0061836452016454935,0.022277227722772297
2025-07-25,600111,38.0347336,30.355531692504883,37.3965,-0.2018997158821988,-0.01678028316727842
2025-07-25,600089,14.15463716,12.642966270446777,13.28903044,-0.10679686610583683,-0.06115357887421824
2025-07-25,600026,10.10623905,10.138444900512695,9.81386955,0.0031867295393825934,-0.028929604628736727
2025-07-25,600309,61.50283888,59.16337966918945,61.30606128,-0.03803823129815409,-0.0031994880819068428
2025-07-25,600489,15.19,13.963918685913086,14.32,-0.08071634720782839,-0.057274522712310705
2025-07-25,600276,57.2662625,54.079750061035156,62.6443115,-0.055643799679869876,0.0939130434782609
2025-07-25,601808,13.8783132,13.71288776397705,13.60465632,-0.011919707650274725,-0.019718309859154903
2025-07-25,601872,6.1315722,6.307308197021484,5.9167719,0.028660837920408744,-0.035031847133757954
2025-07-25,601899,19.6734366,18.720544815063477,18.72496575,-0.048435451533491714,-0.048210735586481146
2025-07-25,601975,2.9333325,2.899495840072632,2.8338975,-0.011535228252292695,-0.03389830508474578
2025-08-01,2050,26.21594395,25.001068115234375,27.12780287,-0.04634110589657503,0.034782608695652195
2025-08-01,2028,77.670996,76.1614761352539,77.45192396,-0.01943479474302212,-0.002820512820512877
2025-08-01,2179,37.6678153,38.538692474365234,38.1019127,0.023119927912709004,0.011524358302776205
2025-08-01,2156,28.08853372,26.924373626708984,27.51917155,-0.04144609700513113,-0.020270270270270285
2025-08-01,21,18.4740011,18.433557510375977,18.64303125,-0.0021892165863313107,0.009149623250807482
2025-08-01,768,28.297764,27.947519302368164,28.5956352,-0.012377115648849024,0.010526315789473717
2025-08-01,603662,63.58569126,63.957279205322266,68.84308899,0.005843892516680382,0.08268208815254763
2025-08-01,603619,19.23679611,19.33582305908203,18.83295144,0.005147788047228596,-0.020993343573988854
2025-08-01,2241,22.74166518,22.566505432128906,23.03803788,-0.007702151380943545,0.01303214596003488
2025-08-01,2342,7.10364366,6.836922645568848,7.2435185,-0.03754707122107426,0.019690576652601877
2025-08-01,2273,20.7074274,21.091480255126953,21.17309682,0.01854662328198975,0.022488038277512112
2025-08-01,2371,334.8973144,315.0221862792969,332.56941839,-0.05934693192840712,-0.0069510739856802894
2025-08-01,2353,38.63580599,36.055397033691406,43.9652249,-0.0667880193045921,0.1379398921140509
2025-08-01,2463,56.00918855,44.20650863647461,50.9825953,-0.21072756487069988,-0.0897458681357739
2025-08-01,2475,36.42736284,37.48444747924805,36.81520536,0.02901897246559071,0.01064701064701068
2025-08-01,2384,58.49,34.414669036865234,52.24,-0.4116144804775991,-0.10685587279876907
2025-08-01,2422,37.11937892,33.549407958984375,36.2056409,-0.09617539584133827,-0.024616199047114984
2025-08-01,2517,18.23502348,16.815906524658203,19.65528947,-0.07782369772642572,0.07788671023965144
2025-08-01,2555,15.79840218,15.07036018371582,16.4071305,-0.04608326766145032,0.03853100541842269
2025-08-01,2595,38.18866594,36.4447135925293,38.48179565,-0.04566675228222705,0.007675830060692723
2025-08-01,2558,23.48809486,19.09701156616211,28.28663151,-0.18694931709067064,0.2042965459140691
2025-08-01,300308,217.12995234,169.35182189941406,208.00013724,-0.22004394108543346,-0.042047700013786105
2025-08-01,300274,71.191224,72.41778564453125,73.96965927,0.017229113022853015,0.03902777777777766
2025-08-01,2601,16.95378685,17.13326072692871,17.31175537,0.010586064253173655,0.021114369501466168
2025-08-01,2916,141.2437054,112.19410705566406,133.67956326,-0.2056700386191932,-0.053553835327234345
2025-08-01,300033,199.1600852,196.4656982421875,204.87645718,-0.013528749774869508,0.0287023977433003
2025-08-01,300014,43.987752,43.73979949951172,43.769204,-0.005636853196959946,-0.0049683830171635135
2025-08-01,300059,23.11470951,22.00588607788086,23.42317098,-0.04797046796713744,0.013344812742143608
2025-08-01,300034,17.34094714,16.58932113647461,17.88971129,-0.0433439994630761,0.03164556962025311
2025-08-01,300394,75.11254233,61.41970443725586,72.531282,-0.1822976225806061,-0.03436523714853723
2025-08-01,300191,19.84950408,18.194732666015625,20.40864504,-0.08336588195428474,0.028169014084507005
2025-08-01,300164,5.47,5.114158630371094,5.41,-0.06505326684257884,-0.010968921389396646
2025-08-01,300580,24.62955912,23.65256690979004,26.55700344,-0.03966746645564645,0.07825736183945131
2025-08-01,300476,190.84703848,104.9222183227539,190.4694777,-0.4502287320861449,-0.0019783423573511705
2025-08-01,300474,79.6,80.6577377319336,84.12,0.013288162461477349,0.05678391959799001
2025-08-01,300433,22.53849257,22.711275100708008,23.21039853,0.007666108555014484,0.02981148619026741
2025-08-01,300418,35.9,36.913177490234375,34.91,0.028222214212656693,-0.027576601671309264
2025-08-01,600406,21.29877968,21.280527114868164,21.5129356,-0.0008569770384063702,0.010054844606947055
2025-08-01,600426,18.08315014,17.67035675048828,17.87954503,-0.022827515466932846,-0.01125938281901595
2025-08-01,600316,41.64844824,37.79880142211914,45.21574575,-0.0924319387770991,0.08565259117082547
2025-08-01,600362,21.921934,22.359895706176758,22.8776055,0.01997824216498234,0.04359430604982206
2025-08-01,600428,6.23806374,6.152843952178955,6.23806374,-0.01366125634058446,0.0
2025-08-01,300502,134.97465639,112.67040252685547,130.98697958,-0.16524771730996612,-0.029543893028909807
2025-08-01,300760,226.10204,237.86473083496094,225.7010805,0.05202381559653757,-0.0017733564013840963
2025-08-01,300750,258.66049298,250.7464141845703,257.12585095,-0.03059639570099182,-0.005933036051696927
2025-08-01,400,22.28380143,21.835437774658203,22.61742065,-0.02012060898811363,0.014971378247468081
2025-08-01,426,17.46804898,16.232633590698242,18.8332074,-0.07072429157464821,0.07815173987450086
2025-08-01,600160,26.40167157,25.851587295532227,28.01910681,-0.020835206324315902,0.06126260739633915
2025-08-01,600183,42.37826376,31.196895599365234,39.22852794,-0.26384677352422914,-0.07432432432432445
2025-08-01,600118,28.90525876,28.81694984436035,29.77511608,-0.0030551159002890627,0.03009339328951932
2025-08-01,600111,37.3965,28.52196502685547,38.7028844,-0.2373092394514068,0.03493333333333326
2025-08-01,600089,13.28903044,13.040061950683594,13.20050248,-0.01873488742767948,-0.006661732050332936
2025-08-01,600026,9.81386955,9.783665657043457,9.98929125,-0.0030776741837313937,0.017874875868917783
2025-08-01,600309,61.30606128,59.84664535522461,59.64329056,-0.02380541000847991,-0.02712245225485488
2025-08-01,600489,14.32,13.90244197845459,14.97,-0.02915907971685827,0.045391061452513926
2025-08-01,600276,62.6443115,55.8435173034668,60.56280735,-0.10856203913316542,-0.03322734499205093
2025-08-01,601808,13.60465632,13.640898704528809,13.69261746,0.002663969135003441,0.006465517241379226
2025-08-01,601872,5.9167719,6.234197616577148,6.053463,0.05364846269925483,0.02310231023102305
2025-08-01,601899,18.72496575,17.85157012939453,19.8494415,-0.04664337613570635,0.060052219321149014
2025-08-01,601975,2.8338975,2.9102652072906494,2.8935585,0.026947942644590883,0.021052631578947434
2025-08-08,2050,27.12780287,26.583003997802734,26.92957267,-0.02008267587345769,-0.007307270734380755
2025-08-08,2028,77.45192396,75.95033264160156,85.26881266,-0.019387398551570345,0.10092568783749023
2025-08-08,2179,38.1019127,38.2254638671875,40.1145461,0.003242649999234848,0.05282237182806826
2025-08-08,2156,27.51917155,27.312829971313477,28.51805255,-0.007498102852101396,0.0362976406533575
2025-08-08,21,18.64303125,18.475406646728516,18.9910345,-0.008991274059656162,0.01866666666666683
2025-08-08,768,28.5956352,27.208017349243164,27.54315696,-0.04852551240955949,-0.036805555555555536
2025-08-08,603662,68.84308899,67.5951156616211,67.31258001,-0.018127793896061006,-0.02223184639815201
2025-08-08,603619,18.83295144,18.660085678100586,19.03979871,-0.009178899146538244,0.010983263598326465
2025-08-08,2241,23.03803788,23.27300262451172,25.36950312,0.010198991152614578,0.10120068610634658
2025-08-08,2342,7.2435185,6.431003570556641,8.28258874,-0.11217130589828128,0.14344827586206876
2025-08-08,2273,21.17309682,20.721160888671875,21.57931908,-0.021344819568445472,0.019185774450163784
2025-08-08,2371,332.56941839,320.26953125,341.35148102,-0.03698442027395343,0.02640670532039535
2025-08-08,2353,43.9652249,35.84305953979492,45.58290699,-0.1847406758109198,0.03679458239277644
2025-08-08,2463,50.9825953,46.28941345214844,54.81475055,-0.09205458883046624,0.0751659508004685
2025-08-08,2475,36.81520536,37.037391662597656,38.26712864,0.006035177596457553,0.03943814154511083
2025-08-08,2384,52.24,43.9800910949707,54.9,-0.1581146421330264,0.0509188361408881
2025-08-08,2422,36.2056409,33.05105972290039,35.57683194,-0.08712954939294026,-0.017367706919945713
2025-08-08,2517,19.65528947,17.881853103637695,19.9631793,-0.09022692690784906,0.015664477008590305
2025-08-08,2555,16.4071305,16.233671188354492,16.0742322,-0.010572190648785784,-0.020289855072463725
2025-08-08,2595,38.48179565,37.52125930786133,38.48179565,-0.024960798370090465,0.0
2025-08-08,2558,28.28663151,23.742351531982422,29.37495941,-0.16065115340478298,0.03847499125568388
2025-08-08,300308,208.00013724,168.5941162109375,238.94172918,-0.18945189917636462,0.1487575554063132
2025-08-08,300274,73.96965927,69.8026351928711,86.96205765,-0.05633423376899249,0.1756449672503677
2025-08-08,2601,17.31175537,17.092039108276367,17.2023761,-0.012691737898768207,-0.00631820792647908
2025-08-08,2916,133.67956326,115.9266357421875,149.0961,-0.13280210590817054,0.11532455944679909
2025-08-08,300033,204.87645718,208.6536102294922,221.77978317,0.018436247392611183,0.08250497017892644
2025-08-08,300014,43.769204,45.13646697998047,45.110294,0.031238013375350926,0.030640036314117047
2025-08-08,300059,23.42317098,23.160049438476562,24.23910132,-0.01123338687781017,0.03483432455395086
2025-08-08,300034,17.88971129,16.60369873046875,17.21123925,-0.07188559606605316,-0.037925264919130064
2025-08-08,300394,72.531282,60.03240966796875,78.35511729,-0.17232388546546373,0.08029411764705863
2025-08-08,300191,20.40864504,19.69643211364746,20.0192433,-0.03489760956480126,-0.019080234833659504
2025-08-08,300164,5.41,5.0282368659973145,5.15,-0.07056619852175339,-0.04805914972273562
2025-08-08,300580,26.55700344,25.093589782714844,26.06023944,-0.05510462280096595,-0.01870557426112973
2025-08-08,300476,190.4694777,138.58551025390625,224.24129589,-0.2724004290483427,0.17730829420970262
2025-08-08,300474,84.12,82.99993133544922,84.4,-0.013315129155382577,0.003328578221588163
2025-08-08,300433,23.21039853,23.361587524414062,24.22813844,0.006513847412772611,0.04384844614729677
2025-08-08,300418,34.91,35.0074577331543,35.42,0.0027916852808449466,0.014608994557433475
2025-08-08,600406,21.5129356,21.95505142211914,21.20143608,0.020551161884161617,-0.014479638009049722
2025-08-08,600426,17.87954503,17.135639190673828,18.6260971,-0.04160653070746345,0.04175453395191897
2025-08-08,600316,45.21574575,41.424468994140625,41.40862992,-0.08384859506291298,-0.08419889502762434
2025-08-08,600362,22.8776055,22.054401397705078,24.106326,-0.03598296606237583,0.053708439897698135
2025-08-08,600428,6.23806374,6.051143646240234,6.28468604,-0.029964441139193276,0.007473841554558991
2025-08-08,300502,130.98697958,113.72372436523438,164.82873054,-0.13179367346372106,0.258359655810914
2025-08-08,300760,225.7010805,228.41310119628906,228.292648,0.012015984550366676,0.011482299926339978
2025-08-08,300750,257.12585095,249.21429443359375,273.58659731,-0.03076919915743781,0.06401824748146745
2025-08-08,400,22.61742065,21.558216094970703,22.1758658,-0.046831359394171046,-0.0195227765726681
2025-08-08,426,18.8332074,17.848217010498047,20.14854252,-0.052300724384416464,0.06984126984126982
2025-08-08,600160,28.01910681,26.812570571899414,28.24594224,-0.04306119557208632,0.008095740936290063
2025-08-08,600183,39.22852794,34.53304672241211,40.2356535,-0.11969557523977514,0.025673294739491537
2025-08-08,600118,29.77511608,28.458572387695312,29.16521612,-0.04421624045956318,-0.020483546004029574
2025-08-08,600111,38.7028844,33.50199508666992,38.244154,-0.13437988909503806,-0.011852615305333658
2025-08-08,600089,13.20050248,12.711873054504395,13.14148384,-0.037015971644710155,-0.0044709388971685415
2025-08-08,600026,9.98929125,10.213618278503418,9.81386955,0.022456751223808524,-0.017560975609756224
2025-08-08,600309,59.64329056,62.07805633544922,61.50283888,0.04082212353793424,0.03117782909930722
2025-08-08,600489,14.97,13.799464225769043,14.66,-0.0781921024870379,-0.020708082832331387
2025-08-08,600276,60.56280735,54.14358139038086,62.5646367,-0.10599287319231476,0.03305377405032073
2025-08-08,601808,13.69261746,13.695450782775879,13.55578902,0.00020692338657357645,-0.009992862241256173
2025-08-08,601872,6.053463,6.136581897735596,5.98511745,0.013730801317460184,-0.011290322580645218
2025-08-08,601899,19.8494415,18.606292724609375,20.70013185,-0.06262890446517733,0.042857142857142705
2025-08-08,601975,2.8935585,2.841907262802124,2.843841,-0.017850420925609845,-0.01718213058419249
2025-08-15,2050,26.92957267,25.898271560668945,30.53736231,-0.03829623002075855,0.13397129186602874
2025-08-15,2028,85.26881266,76.74256896972656,84.08383208,-0.09999252275589776,-0.013896998715403508
2025-08-15,2179,40.1145461,39.35359573364258,40.83475315,-0.01896943728243805,0.01795376291195283
2025-08-15,2156,28.51805255,29.342397689819336,28.83769447,0.028906081099823844,0.011208406304728413
2025-08-15,21,18.9910345,18.886648178100586,20.43276225,-0.005496610619048492,0.07591623036649198
2025-08-15,768,27.54315696,27.581012725830078,28.3970544,0.0013744163708269141,0.03100216294160041
2025-08-15,603662,67.31258001,66.69622802734375,69.75741903,-0.009156564531692113,0.03632068507308417
2025-08-15,603619,19.03979871,18.573373794555664,20.14298415,-0.024497365888608957,0.05794102431453707
2025-08-15,2241,25.36950312,25.0347957611084,29.32113912,-0.013193295797257365,0.15576323987538943
2025-08-15,2342,8.28258874,6.8452324867248535,8.97197188,-0.17353949331488194,0.08323281061519916
2025-08-15,2273,21.57931908,22.742416381835938,25.13624082,0.053898702620042815,0.1648301193755739
2025-08-15,2371,341.35148102,329.2107238769531,360.65403506,-0.03556673346419592,0.05654744482819174
2025-08-15,2353,45.58290699,39.588069915771484,45.83101774,-0.13151502328589237,0.005443065534509017
2025-08-15,2463,54.81475055,45.62608337402344,53.32170305,-0.16763128690323958,-0.027238060650081608
2025-08-15,2475,38.26712864,37.455284118652344,41.95660492,-0.021215193044273772,0.09641372141372129
2025-08-15,2384,54.9,47.67023468017578,51.46,-0.13168971438659782,-0.06265938069216759
2025-08-15,2422,35.57683194,33.91539764404297,37.09972864,-0.046699894435767164,0.04280585473626086
2025-08-15,2517,19.9631793,18.58466339111328,20.74780177,-0.06905292429481502,0.03930348258706462
2025-08-15,2555,16.0742322,15.31716537475586,16.58784672,-0.047098164056889824,0.031952662721893565
2025-08-15,2595,38.48179565,38.157249450683594,40.81319939,-0.008433759231721516,0.060584588131089356
2025-08-15,2558,29.37495941,24.352184295654297,29.68167,-0.17098832526848762,0.01044122600202102
2025-08-15,300308,238.94172918,184.08966064453125,264.63492468,-0.22956253277194416,0.1075291268217311
2025-08-15,300274,86.96205765,80.25904083251953,91.45105983,-0.07707978627251899,0.05162023877202948
2025-08-15,2601,17.2023761,17.02623176574707,18.12712811,-0.010239535121716603,0.053757225433526123
2025-08-15,2916,149.0961,115.19767761230469,140.72683892,-0.22735955124041018,-0.05613333333333337
2025-08-15,300033,221.77978317,212.87010192871094,267.25092392,-0.04017355014933688,0.20502833982457802
2025-08-15,300014,45.110294,45.2100830078125,47.752738,0.0022121116703983645,0.05857740585774063
2025-08-15,300059,24.23910132,23.739116668701172,26.6669916,-0.02062719424693704,0.10016420361247946
2025-08-15,300034,17.21123925,17.065807342529297,18.12917201,-0.008449821965649695,0.053333333333333455
2025-08-15,300394,78.35511729,70.15878295898438,85.13892543,-0.10460496537424835,0.08657772937653152
2025-08-15,300191,20.0192433,18.561309814453125,22.2158685,-0.07282660306880206,0.10972568578553621
2025-08-15,300164,5.15,5.13102388381958,5.44,-0.0036846827534796622,0.056310679611650594
2025-08-15,300580,26.06023944,25.705276489257812,28.067166,-0.013620862983989013,0.07701105604269931
2025-08-15,300476,224.24129589,183.23980712890625,214.77246896,-0.18284539695670843,-0.042226062297842204
2025-08-15,300474,84.4,84.69823455810547,80.36,0.0035335848116762048,-0.04786729857819916
2025-08-15,300433,24.22813844,23.010957717895508,28.00266898,-0.05023830968767118,0.15579119086460036
2025-08-15,300418,35.42,35.428321838378906,36.98,0.00023494744152752212,0.04404291360813084
2025-08-15,600406,21.20143608,21.30718994140625,21.37665456,0.004988051800227433,0.008264462809917328
2025-08-15,600426,18.6260971,17.937253952026367,18.61101524,-0.0369826885511958,-0.0008097165991901578
2025-08-15,600316,41.40862992,35.67461395263672,41.2687359,-0.1384739359510614,-0.0033783783783783994
2025-08-15,600362,24.106326,22.154926300048828,24.028312,-0.08094969345188363,-0.003236245954692518
2025-08-15,600428,6.28468604,6.358232021331787,6.4509592,0.011702411363700538,0.026456876117872064
2025-08-15,300502,164.82873054,121.55175018310547,183.94675174,-0.26255726301545623,0.11598718947459519
2025-08-15,300760,228.292648,234.3141326904297,240.2920945,0.026376165606654567,0.05256168608636047
2025-08-15,300750,273.58659731,265.8267822265625,273.70179,-0.02836328665122756,0.0004210465393137408
2025-08-15,400,22.1758658,21.734052658081055,22.84310424,-0.019923151858131538,0.030088495575221197
2025-08-15,426,20.14854252,17.055551528930664,19.73999146,-0.1535094157802802,-0.02027695351137493
2025-08-15,600160,28.24594224,26.314828872680664,30.87920571,-0.06836781548694892,0.09322625698324027
2025-08-15,600183,40.2356535,33.39541244506836,43.8889521,-0.17000447264840968,0.09079754601226986
2025-08-15,600118,29.16521612,29.126691818237305,29.63513904,-0.0013208988955949463,0.016112444292080808
2025-08-15,600111,38.244154,31.504161834716797,44.476904,-0.17623588079064856,0.16297262059973905
2025-08-15,600089,13.14148384,12.759846687316895,13.98741768,-0.02904064391278849,0.06437125748502992
2025-08-15,600026,9.81386955,9.947088241577148,9.9600543,0.013574532542787843,0.014895729890764597
2025-08-15,600309,61.50283888,60.49083709716797,64.5430528,-0.01645455398906992,0.04943209086546152
2025-08-15,600489,14.66,13.593263626098633,14.52,-0.07276510053897456,-0.009549795361528002
2025-08-15,600276,62.5646367,54.59684753417969,63.72988065,-0.12735291989348851,0.01862464183381074
2025-08-15,601808,13.55578902,13.542278289794922,14.16174354,-0.0009966760463109292,0.044700793078586765
2025-08-15,601872,5.98511745,6.1298089027404785,6.06322665,0.02417520691101549,0.013050570962479524
2025-08-15,601899,20.70013185,18.066539764404297,20.142783,-0.1272258604283094,-0.0269248937175246
2025-08-15,601975,2.843841,2.831035852432251,2.8935585,-0.004502764946334503,0.0174825174825175
2025-08-22,2050,30.53736231,26.659910202026367,31.39966368,-0.1269740349088333,0.028237585199610615
2025-08-22,2028,84.08383208,79.6434326171875,84.8406264,-0.05280919474017021,0.009000473709142698
2025-08-22,2179,40.83475315,41.00157165527344,41.3971066,0.004085209102664633,0.013771442377386034
2025-08-22,2156,28.83769447,27.891889572143555,30.04634048,-0.032797521273428054,0.04191201939729838
2025-08-22,21,20.43276225,20.7006893157959,21.9540336,0.013112620923091178,0.07445255474452561
2025-08-22,768,28.3970544,27.248178482055664,28.21833168,-0.04045757358355917,-0.0062937062937062915
2025-08-22,603662,69.75741903,67.94071197509766,70.94008506,-0.026043209169207437,0.016953982048725003
2025-08-22,603619,20.14298415,18.896615982055664,18.90190053,-0.061876043721373675,-0.061613691931540426
2025-08-22,2241,29.32113912,26.353862762451172,34.50766137,-0.10119921826382405,0.17688679245283012
2025-08-22,2342,8.97197188,7.413730621337891,8.36251722,-0.17367879430559574,-0.06792873051224935
2025-08-22,2273,25.13624082,22.0837459564209,27.56366652,-0.12143800202416677,0.096570752857706
2025-08-22,2371,360.65403506,321.7301330566406,396.57157221,-0.10792587416049249,0.09959000498642578
2025-08-22,2353,45.83101774,36.971378326416016,46.52572784,-0.19331099003397312,0.015158077089649336
2025-08-22,2463,53.32170305,47.643898010253906,63.8228038,-0.10648206480618205,0.19693858502893402
2025-08-22,2475,41.95660492,40.793827056884766,45.8449748,-0.027713821586192178,0.09267598957098855
2025-08-22,2384,51.46,42.779685974121094,60.94,-0.16868080112473582,0.18422075398367665
2025-08-22,2422,37.09972864,33.36991500854492,35.85193586,-0.10053479548725563,-0.033633474576271305
2025-08-22,2517,20.74780177,17.509592056274414,22.28725092,-0.15607483383650933,0.07419818094782205
2025-08-22,2555,16.58784672,15.160587310791016,18.57572514,-0.08604247635638784,0.11983944954128423
2025-08-22,2595,40.81319939,38.291751861572266,41.20176668,-0.061780197732930864,0.00952062802739273
2025-08-22,2558,29.68167,22.672704696655273,30.2753034,-0.2361378353490463,0.020000000000000018
2025-08-22,300308,264.63492468,190.44769287109375,358.23797982,-0.2803380237835743,0.35370635698665276
2025-08-22,300274,91.45105983,80.38961791992188,98.44164252,-0.12095477002279076,0.07644069629149097
2025-08-22,2601,18.12712811,17.329421997070312,18.35583022,-0.04400620484883244,0.012616566099835413
2025-08-22,2916,140.72683892,123.37762451171875,185.3264523,-0.12328291135810909,0.3169232942506004
2025-08-22,300033,267.25092392,263.87744140625,285.9590504,-0.012622903091477511,0.0700021021652304
2025-08-22,300014,47.752738,47.42578125,53.176702,-0.006846869178475212,0.11358435614728513
2025-08-22,300059,26.6669916,24.50969886779785,27.82123452,-0.08089749172164395,0.0432835820895523
2025-08-22,300034,18.12917201,16.67637825012207,17.65025057,-0.08013569285329603,-0.02641717116125486
2025-08-22,300394,85.13892543,72.74987030029297,128.00349091,-0.14551575636097425,0.5034661321306273
2025-08-22,300191,22.2158685,19.819385528564453,20.2688598,-0.10787257637195435,-0.08764044943820215
2025-08-22,300164,5.44,5.036646842956543,5.22,-0.0741458009271061,-0.040441176470588314
2025-08-22,300580,28.067166,25.9586238861084,27.14318496,-0.07512486703828958,-0.032920353982300976
2025-08-22,300476,214.77246896,187.72772216796875,257.337479,-0.12592278201666607,0.19818652849740914
2025-08-22,300474,80.36,79.25032806396484,87.9,-0.013808759781423041,0.0938277750124441
2025-08-22,300433,28.00266898,25.187030792236328,31.44124654,-0.10054892231075008,0.12279463655610456
2025-08-22,300418,36.98,36.021873474121094,41.3,-0.025909316546211536,0.11681990265008113
2025-08-22,600406,21.37665456,21.170452117919922,21.50320124,-0.009646151202065245,0.005919854280510117
2025-08-22,600426,18.61101524,16.694421768188477,20.17198775,-0.1029816722567749,0.08387358184764993
2025-08-22,600316,41.2687359,39.670318603515625,41.11884945,-0.03873191803978604,-0.003631961259080052
2025-08-22,600362,24.028312,22.838146209716797,25.432564,-0.04953181023632469,0.05844155844155852
2025-08-22,600428,6.4509592,6.1629719734191895,6.4801051,-0.044642543481101304,0.004518072289156683
2025-08-22,300502,183.94675174,131.5186767578125,253.20677705,-0.2850176721592349,0.37652214379896076
2025-08-22,300760,240.2920945,229.02264404296875,241.631886,-0.04689896469744759,0.005575678645557858
2025-08-22,300750,273.70179,259.4141845703125,272.1419841,-0.0522013591130972,-0.005698924731182831
2025-08-22,400,22.84310424,22.826486587524414,23.00010152,-0.0007274690996894595,0.006872852233677174
2025-08-22,426,19.73999146,17.92870330810547,20.34,-0.09175729156544077,0.03039558255209096
2025-08-22,600160,30.87920571,27.588623046875,35.7019242,-0.10656306039825925,0.15618013414244647
2025-08-22,600183,43.8889521,37.67359161376953,51.837345,-0.14161560458470068,0.18110236220472453
2025-08-22,600118,29.63513904,28.225149154663086,38.8936204,-0.04757831179512195,0.3124156545209178
2025-08-22,600111,44.476904,35.770301818847656,55.9850536,-0.1957555809449404,0.25874439461883414
2025-08-22,600089,13.98741768,13.023072242736816,13.97758124,-0.06894377928258044,-0.0007032348804500987
2025-08-22,600026,9.9600543,9.78978443145752,10.28166075,-0.01709527512741371,0.03228962818003933
2025-08-22,600309,64.5430528,62.091190338134766,67.03228944,-0.037988015061246605,0.038567073170731714
2025-08-22,600489,14.52,14.0596923828125,15.27,-0.03170162652806474,0.051652892561983466
2025-08-22,600276,63.72988065,55.22153091430664,62.77378305,-0.1335064438990654,-0.015002344116268107
2025-08-22,601808,14.16174354,13.846364974975586,13.88808666,-0.022269755424791038,-0.019323671497584516
2025-08-22,601872,6.06322665,6.014689922332764,6.5221182,-0.008005098682437706,0.07568438003220623
2025-08-22,601899,20.142783,17.923307418823242,22.0201686,-0.11018713656284529,0.09320388349514563
2025-08-22,601975,2.8935585,2.873988389968872,2.9333325,-0.006763336573678447,0.013745704467353903
2025-08-29,2050,31.39966368,28.80012321472168,29.52638829,-0.08278879964354824,-0.05965909090909094
2025-08-29,2028,84.8406264,77.43737030029297,90.25768048,-0.08726074304075426,0.06384976525821595
2025-08-29,2179,41.3971066,40.68942642211914,38.36829065,-0.0170949188482864,-0.07316491897044808
2025-08-29,2156,30.04634048,27.967151641845703,31.78439342,-0.0691994034860347,0.05784574468085113
2025-08-29,21,21.9540336,21.355337142944336,19.289323,-0.027270453710869003,-0.12137681159420288
2025-08-29,768,28.21833168,28.309995651245117,24.95167752,0.003248383791238929,-0.11576354679802947
2025-08-29,603662,70.94008506,64.3104248046875,65.91126984,-0.09345436010832575,-0.07088820397870554
2025-08-29,603619,18.90190053,18.315839767456055,18.47835612,-0.031005388141461365,-0.022407503908285498
2025-08-29,2241,34.50766137,27.471263885498047,31.49453892,-0.20390826863217115,-0.08731749212711137
2025-08-29,2342,8.36251722,7.39891242980957,7.83299104,-0.11522903509075588,-0.06332138590203118
2025-08-29,2273,27.56366652,23.104007720947266,25.14614868,-0.16179483218667,-0.08770668583752705
2025-08-29,2371,396.57157221,337.1331787109375,350.63309215,-0.14988062096288524,-0.11583906482251283
2025-08-29,2353,46.52572784,39.26021194458008,45.0569122,-0.1561612516929498,-0.03156996587030725
2025-08-29,2463,63.8228038,50.5189094543457,59.1047737,-0.20845048405181943,-0.07392389270118527
2025-08-29,2475,45.8449748,40.190792083740234,44.14443452,-0.12333266057896863,-0.03709327548806951
2025-08-29,2384,60.94,48.083431243896484,58.18,-0.2109709346259192,-0.045290449622579554
2025-08-29,2422,35.85193586,32.37906265258789,38.33769628,-0.09686710421923939,0.06933406412715826
2025-08-29,2517,22.28725092,19.391109466552734,21.7509267,-0.12994610523491457,-0.024064171122994638
2025-08-29,2555,18.57572514,16.683334350585938,18.8434792,-0.10187439656603692,0.01441419153125989
2025-08-29,2595,41.20176668,38.600128173828125,39.15667568,-0.06314385803836786,-0.04963600264725343
2025-08-29,2558,30.2753034,27.21001434326172,34.76712946,-0.10124717880575496,0.14836601307189556
2025-08-29,300308,358.23797982,207.5236358642578,368.32567716,-0.42071012133183094,0.028159206751524835
2025-08-29,300274,98.44164252,84.9107894897461,114.696972,-0.13745050045771934,0.16512655685014055
2025-08-29,2601,18.35583022,17.759729385375977,18.38566093,-0.03247474113017945,0.0016251354279521735
2025-08-29,2916,185.3264523,126.71622467041016,167.7828112,-0.3162539772504448,-0.09466344864574949
2025-08-29,300033,285.9590504,217.24444580078125,252.87572313,-0.24029526081829078,-0.11569253438113958
2025-08-29,300014,53.176702,49.96841049194336,66.45846,-0.06033265297378987,0.24976648608257057
2025-08-29,300059,27.82123452,26.21582794189453,26.07991977,-0.05770436164331183,-0.06258941344778257
2025-08-29,300034,17.65025057,16.985504150390625,15.964048,-0.037662151988892445,-0.09553420011305824
2025-08-29,300394,128.00349091,82.48574829101562,123.48806306,-0.3555976660901239,-0.03527581801011059
2025-08-29,300191,20.2688598,19.62691879272461,20.29881378,-0.031671293482201324,0.001477832512315258
2025-08-29,300164,5.22,4.973266124725342,5.15,-0.04726702591468546,-0.013409961685823646
2025-08-29,300580,27.14318496,25.82135009765625,25.96088664,-0.0486985909830292,-0.04355783308931194
2025-08-29,300476,257.337479,223.1305694580078,244.9177165,-0.13292626350004833,-0.048262548262548166
2025-08-29,300474,87.9,83.23982238769531,74.3,-0.053016810151361726,-0.1547212741751992
2025-08-29,300433,31.44124654,25.31452178955078,29.8405294,-0.19486265414619341,-0.05091137649277189
2025-08-29,300418,41.3,41.50482177734375,43.5,0.00495936506885597,0.053268765133172025
2025-08-29,600406,21.50320124,21.3872013092041,20.7341868,-0.00539454239865067,-0.03576278859212312
2025-08-29,600426,20.17198775,17.503801345825195,19.5310087,-0.13227186320172157,-0.031775700934579376
2025-08-29,600316,41.11884945,39.09981918334961,35.90280099,-0.049102304506489336,-0.1268529769137302
2025-08-29,600362,25.432564,23.3350830078125,27.89975675,-0.08247225848669837,0.09700920245398792
2025-08-29,600428,6.4801051,6.402148723602295,6.4606745,-0.012030109881659978,-0.002998500749625266
2025-08-29,300502,253.20677705,186.79849243164062,222.6393439,-0.26226898581488567,-0.12072122834202004
2025-08-29,300760,241.631886,239.28536987304688,228.351325,-0.009711119528956313,-0.05496195564189743
2025-08-29,300750,272.1419841,257.34185791015625,298.2564703,-0.054383840254524474,0.09595904978191117
2025-08-29,400,23.00010152,22.494993209838867,22.05811784,-0.02196113394203547,-0.04095563139931735
2025-08-29,426,20.34,18.09026527404785,22.02,-0.11060642703796209,0.08259587020648973
2025-08-29,600160,35.7019242,28.5430908203125,34.60719669,-0.2005167379658349,-0.030662983425414292
2025-08-29,600183,51.837345,38.50436019897461,45.78471786,-0.25720809584336135,-0.11676190476190473
2025-08-29,600118,38.8936204,31.179948806762695,32.80461916,-0.19832742526682623,-0.15655526992287916
2025-08-29,600111,55.9850536,42.2064208984375,49.3534076,-0.24611270000753382,-0.11845386533665847
2025-08-29,600089,13.97758124,13.331084251403809,13.93823548,-0.04625242218203629,-0.0028149190710766714
2025-08-29,600026,10.28166075,10.279083251953125,10.3108977,-0.0002506888828125442,0.0028436018957345155
2025-08-29,600309,67.03228944,66.02318572998047,63.64771472,-0.015053994402544957,-0.050491707030676625
2025-08-29,600489,15.27,14.383894920349121,17.59,-0.058029147324877406,0.15193189259986895
2025-08-29,600276,62.77378305,57.41574478149414,68.37093775,-0.08535471351532409,0.08916389021101057
2025-08-29,601808,13.88808666,13.832502365112305,13.37986674,-0.0040023004067066825,-0.03659394792399717
2025-08-29,601872,6.5221182,6.416264533996582,6.6588093,-0.01622995210412137,0.020958083832335328
2025-08-29,601899,22.0201686,19.831132888793945,23.34020535,-0.09941048821969767,0.059946714031971604
2025-08-29,601975,2.9333325,2.9175755977630615,3.042711,-0.00537167274318151,0.03728813559322042
2025-09-05,2050,29.52638829,28.188404083251953,34.45240876,-0.04531486186548572,0.16683450822423618
2025-09-05,2028,90.25768048,81.26998901367188,92.607726,-0.09957813471973387,0.026037069726390083
2025-09-05,2179,38.36829065,39.843116760253906,39.01943675,0.03843867123785749,0.016970943687323103
2025-09-05,2156,31.78439342,31.11358070373535,32.8631849,-0.021105097316173604,0.033940917661847925
2025-09-05,21,19.289323,19.284503936767578,20.65150715,-0.0002498306048596133,0.0706185567010309
2025-09-05,768,24.95167752,25.518375396728516,24.9715356,0.022711814717638834,0.0007958615200953645
2025-09-05,603662,65.91126984,65.79379272460938,72.27182664,-0.001782352481992877,0.09650180940892628
2025-09-05,603619,18.47835612,18.14776039123535,19.29589533,-0.01789097074532675,0.044243070362473436
2025-09-05,2241,31.49453892,28.14219856262207,31.82054889,-0.10644195699747461,0.01035131744040152
2025-09-05,2342,7.83299104,7.043370723724365,8.11274072,-0.10080699853266195,0.03571428571428581
2025-09-05,2273,25.14614868,24.766828536987305,26.5567278,-0.01508462181782877,0.0560952350179138
2025-09-05,2371,350.63309215,330.1221008300781,377.09917168,-0.05849702090054665,0.07548083772617176
2025-09-05,2353,45.0569122,41.280494689941406,47.61741514,-0.08381438775244332,0.05682819383259918
2025-09-05,2463,59.1047737,53.697357177734375,69.50633795,-0.09148865960831232,0.17598518019535203
2025-09-05,2475,44.14443452,41.00749206542969,52.6073572,-0.07106088204956151,0.19170984455958573
2025-09-05,2384,58.18,48.810462951660156,79.44,-0.16104395064179866,0.36541766930216557
2025-09-05,2422,38.33769628,35.18798828125,36.49056996,-0.0821569448447308,-0.04818042029728342
2025-09-05,2517,21.7509267,19.255512237548828,24.62125447,-0.114726811269663,0.13196347031963462
2025-09-05,2555,18.8434792,17.248079299926758,21.41042254,-0.08466588803161379,0.13622448979591817
2025-09-05,2595,39.15667568,37.04021072387695,42.3333837,-0.054051191000467624,0.08112813370473537
2025-09-05,2558,34.76712946,30.161376953125,43.6320549,-0.13247433936626762,0.2549800796812749
2025-09-05,300308,368.32567716,268.89849853515625,438.99942618,-0.26994365256173214,0.19187842011161083
2025-09-05,300274,114.696972,87.88395690917969,135.79725978,-0.23377264999480818,0.18396551724137922
2025-09-05,2601,18.38566093,17.506118774414062,18.44532235,-0.04783848450891326,0.0032449972958357165
2025-09-05,2916,167.7828112,151.060791015625,200.42491736,-0.09966467997989414,0.1945497630331754
2025-09-05,300033,252.87572313,228.40284729003906,258.01624437,-0.09677827328398692,0.02032825127051563
2025-09-05,300014,66.45846,51.15282440185547,71.22678,-0.23030379575669568,0.0717488789237668
2025-09-05,300059,26.07991977,25.62026596069336,27.13465899,-0.017624816846077307,0.04044257916825633
2025-09-05,300034,15.964048,16.139856338500977,16.34319414,0.011012766843408128,0.02375000000000016
2025-09-05,300394,123.48806306,102.12626647949219,141.2226726,-0.17298673289683564,0.1436139583093401
2025-09-05,300191,20.29881378,18.311744689941406,20.52846096,-0.09789089705411314,0.011313330054107285
2025-09-05,300164,5.15,5.085178375244141,5.86,-0.012586723253565024,0.13786407766990294
2025-09-05,300580,25.96088664,23.950035095214844,29.2593996,-0.07745696719336526,0.12705702257941054
2025-09-05,300476,244.9177165,213.17190551757812,335.830378,-0.1296182711323861,0.37119675456389434
2025-09-05,300474,74.3,76.9063491821289,77.87,0.03507872385099464,0.048048452220726956
2025-09-05,300433,29.8405294,27.415481567382812,29.75160067,-0.08126691722222557,-0.002980132450331241
2025-09-05,300418,43.5,42.04027557373047,42.04,-0.03355688336251794,-0.03356321839080467
2025-09-05,600406,20.7341868,20.606212615966797,21.81470076,-0.006172134227767412,0.05211267605633818
2025-09-05,600426,19.5310087,18.337438583374023,19.93067799,-0.061111544977499155,0.020463320463320445
2025-09-05,600316,35.90280099,36.536827087402344,35.36320977,0.017659516247184648,-0.015029223490119814
2025-09-05,600362,27.89975675,23.990585327148438,28.280075,-0.1401148926809752,0.0136315973435861
2025-09-05,600428,6.4606745,6.343962669372559,6.8590018,-0.018064960651932083,0.06165413533834596
2025-09-05,300502,222.6393439,170.59811401367188,271.0050841,-0.23374678066650612,0.21723806472284513
2025-09-05,300760,228.351325,230.69493103027344,239.71024658,0.010263159323789406,0.04974318226530983
2025-09-05,300750,298.2564703,264.8223571777344,316.4247755,-0.11209853415295923,0.0609150412788213
2025-09-05,400,22.05811784,21.675737380981445,23.19634812,-0.01733513538154874,0.05160142348754437
2025-09-05,426,22.02,19.95769691467285,23.69,-0.09365590759887144,0.07584014532243422
2025-09-05,600160,34.60719669,31.309951782226562,36.69802761,-0.09527627843737496,0.06041607295525786
2025-09-05,600183,45.78471786,42.31721115112305,52.10393706,-0.07573502406370303,0.13802027172740994
2025-09-05,600118,32.80461916,31.360395431518555,37.61383032,-0.04402501127775471,0.14660164583968283
2025-09-05,600111,49.3534076,45.7767333984375,50.4204544,-0.07247066363787402,0.021620529399878796
2025-09-05,600089,13.93823548,13.238823890686035,14.6562956,-0.05017934948204539,0.05151729004940009
2025-09-05,600026,10.3108977,10.615608215332031,11.62656045,0.029552278006989674,0.1275992438563327
2025-09-05,600309,63.64771472,63.739341735839844,67.32745584,0.001439596319253944,0.05781419075591265
2025-09-05,600489,17.59,15.239266395568848,18.99,-0.1336403413548125,0.07959067652075036
2025-09-05,600276,68.37093775,64.39958190917969,68.01240115,-0.05808543763640728,-0.005243991260014513
2025-09-05,601808,13.37986674,13.220008850097656,13.59488286,-0.011947644398014767,0.01607012417823217
2025-09-05,601872,6.6588093,6.441738128662109,7.89879285,-0.032599097159591306,0.18621700879765402
2025-09-05,601899,23.34020535,19.67511749267578,25.13936655,-0.15702894650514376,0.07708420611646405
2025-09-05,601975,3.042711,3.0623972415924072,3.301242,0.006469967602051874,0.08496732026143783
2025-09-12,2050,34.45240876,30.79642105102539,45.14692805,-0.10611704204610761,0.3104142692750289
2025-09-12,2028,92.607726,79.73497772216797,95.76435494,-0.13900296264516887,0.03408602150537643
2025-09-12,2179,39.01943675,38.76618576049805,39.82843645,-0.006490380451274702,0.020733249051833047
2025-09-12,2156,32.8631849,31.352493286132812,34.80101404,-0.045969117675724314,0.05896656534954392
2025-09-12,21,20.65150715,19.15418815612793,21.7949464,-0.07250410263020779,0.05536831969186329
2025-09-12,768,24.9715356,24.51871109008789,24.38572224,-0.018133626908875766,-0.023459244532803125
2025-09-12,603662,72.27182664,71.6690673828125,80.93808528,-0.008340169125515051,0.11991199119911977
2025-09-12,603619,19.29589533,19.54032325744629,18.714753,0.012667353510477763,-0.03011740684022457
2025-09-12,2241,31.82054889,27.1370906829834,32.42317338,-0.14718345127253407,0.018938217944737712
2025-09-12,2342,8.11274072,7.323349952697754,7.91291952,-0.09730260026136339,-0.024630541871921152
2025-09-12,2273,26.5567278,23.597169876098633,26.71586924,-0.11144286849607155,0.0059925093632957616
2025-09-12,2371,377.09917168,350.5152893066406,407.3318469,-0.07049573260775543,0.08017168291649024
2025-09-12,2353,47.61741514,41.00309371948242,47.98461905,-0.13890551179795885,0.007711546477699116
2025-09-12,2463,69.50633795,59.61760711669922,75.0704283,-0.14227092269505448,0.08005155377344986
2025-09-12,2475,52.6073572,42.76594924926758,52.81619548,-0.18707284445629635,0.003969754253307922
2025-09-12,2384,79.44,51.57275390625,80.11,-0.3507961492163897,0.008434038267875144
2025-09-12,2422,36.49056996,35.766109466552734,37.21763032,-0.01985336195738796,0.019924609585352693
2025-09-12,2517,24.62125447,20.422407150268555,27.06450925,-0.17053750550556113,0.099233561920129
2025-09-12,2555,21.41042254,17.321157455444336,22.3525965,-0.19099413273679666,0.044005388414908087
2025-09-12,2595,42.3333837,40.3464469909668,38.9248987,-0.04693545696970125,-0.08051529790660228
2025-09-12,2558,43.6320549,33.04383850097656,45.09635062,-0.24267058755977677,0.03356009070294785
2025-09-12,300308,438.99942618,276.76055908203125,408.4968636,-0.36956510059638903,-0.0694820101370548
2025-09-12,300274,135.79725978,99.40711212158203,140.94873585,-0.2679740940087617,0.03793505169651956
2025-09-12,2601,18.44532235,17.326580047607422,19.10159797,-0.06065181627972904,0.03557951482479771
2025-09-12,2916,200.42491736,160.4265594482422,196.28004578,-0.19956779046546091,-0.020680420551477896
2025-09-12,300033,258.01624437,223.45822143554688,257.66511587,-0.1339373922709156,-0.001360877493807866
2025-09-12,300014,71.22678,60.1171875,70.24332816,-0.15597493667409934,-0.013807332579122589
2025-09-12,300059,27.13465899,25.95122718811035,26.73664419,-0.043613291854000424,-0.014668133480014611
2025-09-12,300034,16.34319414,15.986408233642578,15.85429517,-0.021830855296773866,-0.02991452991453003
2025-09-12,300394,141.2226726,109.265380859375,127.91104908,-0.22629009317180282,-0.09425981873111788
2025-09-12,300191,20.52846096,19.217914581298828,19.69973418,-0.0638404594116817,-0.04036964980544744
2025-09-12,300164,5.86,5.002742767333984,5.58,-0.1462896301477843,-0.04778156996587035
2025-09-12,300580,29.2593996,27.499494552612305,30.3522804,-0.06014836501934562,0.03735144312393901
2025-09-12,300476,335.830378,239.4922332763672,321.4234535,-0.28686548637250686,-0.04289940828402372
2025-09-12,300474,77.87,79.00163269042969,77.54,0.014532331969046908,-0.004237832284576859
2025-09-12,300433,29.75160067,26.924652099609375,31.03612677,-0.09501836898614924,0.0431750249086682
2025-09-12,300418,42.04,38.78778076171875,41.62,-0.07736011508756535,-0.009990485252140857
2025-09-12,600406,21.81470076,22.006633758544922,21.69788844,0.008798332860785907,-0.0053547523427042165
2025-09-12,600426,19.93067799,17.962417602539062,19.50838591,-0.09875531522051029,-0.021188043889519448
2025-09-12,600316,35.36320977,35.35762023925781,34.42392135,-0.00015806061662781978,-0.026561175473297505
2025-09-12,600362,28.280075,25.59564781188965,28.34833725,-0.09492291615599857,0.0024137931034482474
2025-09-12,600428,6.8590018,6.474527359008789,6.5383969,-0.056053993307190964,-0.04674220963172793
2025-09-12,300502,271.0050841,206.58285522460938,246.47266809,-0.2377159420803302,-0.09052382205843634
2025-09-12,300760,239.71024658,240.90509033203125,233.8684526,0.0049845334902380856,-0.024370230573561913
2025-09-12,300750,316.4247755,288.93206787109375,359.9227589,-0.08688544563384315,0.1374670593706402
2025-09-12,400,23.19634812,23.2150936126709,23.28465909,0.0008081225792062607,0.0038071065989848663
2025-09-12,426,23.69,18.937358856201172,24.17,-0.20061803055292649,0.020261713803292558
2025-09-12,600160,36.69802761,33.7316780090332,36.25421916,-0.08083130876926148,-0.012093523246439086
2025-09-12,600183,52.10393706,43.97783660888672,55.67824542,-0.15595943242745203,0.0685995830964563
2025-09-12,600118,37.61383032,33.55703353881836,35.57416488,-0.10785385978158579,-0.054226475279106845
2025-09-12,600111,50.4204544,46.189720153808594,47.967244,-0.08390908603535718,-0.04865506329113911
2025-09-12,600089,14.6562956,13.54396915435791,15.51206588,-0.07589410557754372,0.05838926174496639
2025-09-12,600026,11.62656045,11.116272926330566,12.1625712,-0.04388980953257182,0.04610226320201183
2025-09-12,600309,67.32745584,66.03414154052734,64.81854144,-0.019209314882566608,-0.03726435773783421
2025-09-12,600489,18.99,15.717281341552734,18.05,-0.1723390552104931,-0.04949973670352803
2025-09-12,600276,68.01240115,63.06396484375,70.80101915,-0.07275785331172657,0.041001610777566144
2025-09-12,601808,13.59488286,13.451889991760254,13.2919056,-0.010518139046307828,-0.022286125089863495
2025-09-12,601872,7.89879285,6.597809791564941,8.46508455,-0.16470656759090208,0.07169344870210126
2025-09-12,601899,25.13936655,21.093273162841797,23.8779981,-0.16094651307585162,-0.05017502917152861
2025-09-12,601975,3.301242,3.135221004486084,3.2117505,-0.05029046507766344,-0.027108433734939763
2025-09-19,2050,45.14692805,32.13692855834961,43.66020155,-0.2881702045650123,-0.03293084522502754
2025-09-19,2028,95.76435494,80.54450988769531,104.04926118,-0.15893016834750784,0.08651346573775598
2025-09-19,2179,39.82843645,38.378910064697266,39.96655835,-0.036394257834410526,0.003467921724052525
2025-09-19,2156,34.80101404,30.891921997070312,38.7565828,-0.11232695801440173,0.11366245694603894
2025-09-19,21,21.7949464,19.385326385498047,24.70823075,-0.11055865751071325,0.13366788321167866
2025-09-19,768,24.38572224,24.771554946899414,24.58430304,0.015822074208100778,0.008143322475570036
2025-09-19,603662,80.93808528,83.29666137695312,77.29070349,0.0291404978113059,-0.04506385068762275
2025-09-19,603619,18.714753,18.857608795166016,18.59655456,0.007633325172179184,-0.006315789473684275
2025-09-19,2241,32.42317338,27.88572883605957,35.33750493,-0.1399444925011356,0.08988421694088977
2025-09-19,2342,7.91291952,6.64220666885376,7.4433397,-0.16058710668477016,-0.059343434343434365
2025-09-19,2273,26.71586924,24.552627563476562,27.38227402,-0.08097216141799912,0.024944154877140745
2025-09-19,2371,407.3318469,347.51385498046875,453.24035405,-0.14685321654757966,0.11270542065244049
2025-09-19,2353,47.98461905,42.544830322265625,53.750304,-0.11336525818963183,0.12015693912234982
2025-09-19,2463,75.0704283,61.88996887207031,74.36371915,-0.17557458677679727,-0.009413948554760077
2025-09-19,2475,52.81619548,43.698646545410156,68.35973032,-0.17262790043335097,0.29429485972509895
2025-09-19,2384,80.11,59.75522232055664,74.09,-0.2540853536317983,-0.07514667332417924
2025-09-19,2422,37.21763032,35.407188415527344,36.93270126,-0.04864473876779196,-0.007655755015839372
2025-09-19,2517,27.06450925,22.004425048828125,28.802597,-0.18696382611008822,0.06422018348623837
2025-09-19,2555,22.3525965,18.77625846862793,22.41028062,-0.15999653692903515,0.002580645161290418
2025-09-19,2595,38.9248987,38.06186294555664,41.68577155,-0.022171817609466515,0.07092819614711021
2025-09-19,2558,45.09635062,36.97351837158203,45.11862405,-0.18012172020002737,0.0004939075932703929
2025-09-19,300308,408.4968636,272.83013916015625,433.6412724,-0.33211203445784243,0.06155349291646317
2025-09-19,300274,140.94873585,113.32711791992188,158.04451728,-0.19596924912809088,0.12129077516660836
2025-09-19,2601,19.10159797,17.580400466918945,18.93255728,-0.0796371856150554,-0.008849557522123908
2025-09-19,2916,196.28004578,148.452392578125,207.25351874,-0.24367048118320955,0.05590722641413892
2025-09-19,300033,257.66511587,214.5584716796875,257.798049,-0.1672971680499472,0.00051591434700482
2025-09-19,300014,70.24332816,62.815338134765625,81.00706176,-0.10574655586242909,0.15323496027241768
2025-09-19,300059,26.73664419,25.600467681884766,26.33862939,-0.0424951052211775,-0.014886490509862238
2025-09-19,300034,15.85429517,15.127485275268555,15.67469963,-0.045843090906162676,-0.011327879169288901
2025-09-19,300394,127.91104908,98.59330749511719,130.0645152,-0.22920413674776818,0.016835653647505833
2025-09-19,300191,19.69973418,17.935680389404297,19.73967282,-0.08954708598995442,0.0020273694880892368
2025-09-19,300164,5.58,5.404551982879639,5.33,-0.03144229697497514,-0.04480286738351258
2025-09-19,300580,30.3522804,27.30042839050293,29.2394172,-0.10054770084085907,-0.036664895860674895
2025-09-19,300476,321.4234535,279.88775634765625,297.4781514,-0.1292242264839698,-0.07449768160741888
2025-09-19,300474,77.54,78.9828872680664,82.78,0.018608295951333398,0.0675780242455506
2025-09-19,300433,31.03612677,25.508066177368164,33.21982114,-0.1781169613592165,0.07035975803884109
2025-09-19,300418,41.62,36.65932846069336,48.77,-0.11918960930578182,0.17179240749639613
2025-09-19,600406,21.69788844,21.56392478942871,21.9996536,-0.006174040895349342,0.013907581875280295
2025-09-19,600426,19.50838591,18.424001693725586,18.87494779,-0.05558554261111681,-0.03247004252029384
2025-09-19,600316,34.42392135,33.0090446472168,34.973505,-0.04110155517721703,0.0159651669085632
2025-09-19,600362,28.34833725,26.888442993164062,29.5087955,-0.05149840867072153,0.040935672514619936
2025-09-19,600428,6.5383969,6.305709362030029,6.3440909,-0.03558785762454575,-0.029717682020802383
2025-09-19,300502,246.47266809,241.60629272460938,268.222984,-0.019744077114520753,0.08824636045266421
2025-09-19,300760,233.8684526,231.5024871826172,240.949415,-0.010116650583178455,0.030277544154751812
2025-09-19,300750,359.9227589,276.8404541015625,385.3897785,-0.2308337073553075,0.07075690261386236
2025-09-19,400,23.28465909,23.241147994995117,24.38364005,-0.001868659310694909,0.0471976401179941
2025-09-19,426,24.17,21.304821014404297,27.14,-0.1185427797102071,0.12287960281340493
2025-09-19,600160,36.25421916,33.76447296142578,36.13587024,-0.06867466066739081,-0.0032644178454841466
2025-09-19,600183,55.67824542,43.69635009765625,56.00702976,-0.2151988668457533,0.00590507724372169
2025-09-19,600118,35.57416488,32.787200927734375,34.95426656,-0.07834235776628085,-0.017425519955030833
2025-09-19,600111,47.967244,40.84036636352539,47.1495072,-0.1485780095365623,-0.017047817047816993
2025-09-19,600089,15.51206588,13.79531192779541,15.95470568,-0.11067216742665031,0.028535193405199832
2025-09-19,600026,12.1625712,11.361245155334473,11.7922365,-0.06588459228633559,-0.030448717948718063
2025-09-19,600309,64.81854144,62.98377227783203,63.51980928,-0.028306239563664737,-0.020036429872495543
2025-09-19,600489,18.05,15.941532135009766,20.44,-0.11681262409918203,0.13240997229916895
2025-09-19,600276,70.80101915,65.05815887451172,71.97622245,-0.0811126781003163,0.016598677732451828
2025-09-19,601808,13.2919056,13.26999282836914,13.25281176,-0.0016485801427041924,-0.002941176470588225
2025-09-19,601872,8.46508455,6.763821601867676,8.44555725,-0.20097412354048183,-0.0023068050749711633
2025-09-19,601899,23.8779981,21.56442642211914,26.66474235,-0.09689135865543341,0.11670761670761687
2025-09-19,601975,3.2117505,3.0684871673583984,3.0327675,-0.044605996836180606,-0.05572755417956665
2025-09-26,2050,43.66020155,35.271095275878906,45.13701654,-0.1921453858730776,0.03382519863791145
2025-09-26,2028,104.04926118,82.90977478027344,110.17332048,-0.20316805866748355,0.05885730691932234
2025-09-26,2179,39.96655835,38.636295318603516,40.30199725,-0.0332844029187338,0.008392989385336946
2025-09-26,2156,38.7565828,30.34616470336914,45.5489736,-0.21700618292464258,0.17525773195876293
2025-09-26,21,24.70823075,20.134315490722656,31.5390374,-0.18511706910772407,0.2764587525150908
2025-09-26,768,24.58430304,24.225217819213867,26.38145928,-0.014606280283882112,0.07310177705977372
2025-09-26,603662,77.29070349,69.64930725097656,72.39108708,-0.09886565775678435,-0.06339205349106325
2025-09-26,603619,18.59655456,18.411518096923828,19.54214208,-0.00995004007216338,0.05084745762711873
2025-09-26,2241,35.33750493,28.008140563964844,35.43629583,-0.2074103528405269,0.0027956388034664492
2025-09-26,2342,7.4433397,7.159745216369629,7.5432503,-0.038100435430935775,0.01342281879194629
2025-09-26,2273,27.38227402,24.486982345581055,26.855118,-0.10573598351635172,-0.019251725390483143
2025-09-26,2371,453.24035405,359.554443359375,437.5045763,-0.2067024920739734,-0.03471839523862008
2025-09-26,2353,53.750304,44.71331024169922,54.08873184,-0.16812916552622248,0.006296296296296244
2025-09-26,2463,74.36371915,60.29766082763672,72.4227574,-0.18915216295180792,-0.0261009235711418
2025-09-26,2475,68.35973032,52.43934631347656,60.4636544,-0.2328912640819124,-0.11550771021239448
2025-09-26,2384,74.09,60.67070388793945,68.67,-0.18112155637819616,-0.0731542718315562
2025-09-26,2422,36.93270126,35.185665130615234,34.7809956,-0.04730323181848861,-0.058260175578611406
2025-09-26,2517,28.802597,22.36050796508789,24.76030149,-0.22366347850202917,-0.1403448275862068
2025-09-26,2555,22.41028062,18.975872039794922,19.86256532,-0.1532514758936151,-0.11368511368511369
2025-09-26,2595,41.68577155,40.22563171386719,39.72930116,-0.03502729544975425,-0.04693376941946037
2025-09-26,2558,45.11862405,35.31413269042969,40.9988817,-0.21730475088746226,-0.09130913091309134
2025-09-26,300308,433.6412724,343.85675048828125,389.13966,-0.20704791639136133,-0.10262310170271516
2025-09-26,300274,158.04451728,114.87818908691406,144.87414084,-0.27312765375220327,-0.08333333333333337
2025-09-26,2601,18.93255728,17.85163116455078,20.19539067,-0.057093508260032566,0.06670168067226867
2025-09-26,2916,207.25351874,171.0171356201172,215.48362346,-0.17484085838533547,0.039710325643854016
2025-09-26,300033,257.798049,237.59921264648438,257.22204246,-0.07835139339443031,-0.0022343324250680974
2025-09-26,300014,81.00706176,62.07665252685547,80.11008396,-0.2336883824922541,-0.011072834645669327
2025-09-26,300059,26.33862939,23.846616744995117,25.96051533,-0.09461436311302618,-0.014355874574990657
2025-09-26,300034,15.67469963,14.910630226135254,16.37312673,-0.04874539365350161,0.04455760661998731
2025-09-26,300394,130.0645152,93.18856811523438,112.8081486,-0.2835204285201196,-0.13267543859649122
2025-09-26,300191,19.73967282,18.830463409423828,20.57838426,-0.04606000407742172,0.04248861911987856
2025-09-26,300164,5.33,5.3657331466674805,5.82,0.006704155097088327,0.09193245778611625
2025-09-26,300580,29.2394172,26.717641830444336,27.75755558,-0.0862457467023543,-0.050680272108843516
2025-09-26,300476,297.4781514,236.8892364501953,264.43164734,-0.20367517636054766,-0.11108884435537747
2025-09-26,300474,82.78,77.9920654296875,77.84,-0.05783926758048441,-0.059676250302005296
2025-09-26,300433,33.21982114,29.0042724609375,31.5202943,-0.12689859651250668,-0.05116002379535989
2025-09-26,300418,48.77,40.485042572021484,46.36,-0.16987815107604098,-0.0494156243592373
2025-09-26,600406,21.9996536,21.67911148071289,23.05739995,-0.01457032574763395,0.04808013658905974
2025-09-26,600426,18.87494779,17.969684600830078,20.37559286,-0.047961096329470765,0.07950459448661618
2025-09-26,600316,34.973505,34.861602783203125,37.15185474,-0.0031996283128292724,0.062285714285714056
2025-09-26,600362,29.5087955,26.285520553588867,41.0548675,-0.10923099000808534,0.3912756113681426
2025-09-26,600428,6.3440909,6.338257312774658,6.7812794,-0.0009195308385858691,0.06891271056661563
2025-09-26,300502,268.222984,207.7481689453125,246.9648858,-0.22546470161814136,-0.07925531914893624
2025-09-26,300760,240.949415,236.2533416748047,237.999014,-0.019489872283754206,-0.01224489795918371
2025-09-26,300750,385.3897785,307.2528076171875,374.6967695,-0.20274790677359,-0.027745959017436594
2025-09-26,400,24.38364005,23.24993896484375,27.62170895,-0.04649433320175056,0.1327967806841046
2025-09-26,426,27.14,20.921918869018555,36.3,-0.22911131654316308,0.3375092114959468
2025-09-26,600160,36.13587024,32.50818634033203,40.03152219,-0.10039010754616795,0.10780567685589504
2025-09-26,600183,56.00702976,48.843170166015625,56.00702976,-0.1279100074523284,0.0
2025-09-26,600118,34.95426656,33.1875114440918,36.4440222,-0.050544762908285246,0.04262013729977121
2025-09-26,600111,47.1495072,42.050437927246094,52.3351552,-0.1081468200955854,0.10998307952622666
2025-09-26,600089,15.95470568,14.126131057739258,19.30893172,-0.11461036379711786,0.21023427866831068
2025-09-26,600026,11.7922365,11.069178581237793,11.9091843,-0.06131643634879669,0.009917355371900749
2025-09-26,600309,63.51980928,63.79428482055664,66.63873424,0.004321101459022536,0.04910161090458498
2025-09-26,600489,20.44,16.854860305786133,23.6,-0.17539822378737124,0.1545988258317026
2025-09-26,600276,71.97622245,66.28251647949219,67.922767,-0.07910537364562409,-0.05631659056316596
2025-09-26,601808,13.25281176,13.087165832519531,13.6339767,-0.01249892705640221,0.028761061946902533
2025-09-26,601872,8.44555725,7.077102184295654,8.46508455,-0.16203253677598906,0.0023121387283238093
2025-09-26,601899,26.66474235,22.708688735961914,30.4174458,-0.1483627166582424,0.14073653518726004
2025-09-26,601975,3.0327675,3.013535261154175,3.122259,-0.006341481450795383,0.029508196721311553
2025-10-03,2050,48.00144293,36.391319274902344,43.78905118,-0.24187030527454312,-0.08775552343588688
2025-10-03,2028,108.56015364,85.08074951171875,107.12622756,-0.21628012987290068,-0.013208585580627319
2025-10-03,2179,40.71636295,39.49741744995117,38.9306441,-0.029937484876674803,-0.04385752362490902
2025-10-03,2156,40.12504977,31.47129249572754,42.43246488,-0.2156696957106966,0.05750560119492154
2025-10-03,21,27.71100165,21.66464614868164,29.3317025,-0.21819332183246287,0.05848582705418015
2025-10-03,768,26.67933048,26.0949649810791,26.2623108,-0.021903304483557595,-0.01563081503535535
2025-10-03,603662,75.57136548,72.9404525756836,68.29647864,-0.03481362137108235,-0.09626512361914774
2025-10-03,603619,19.19739663,18.912405014038086,19.58154156,-0.014845326241608947,0.02001026167265274
2025-10-03,2241,37.0465875,30.15178108215332,33.00603969,-0.18611178203246603,-0.10906666666666665
2025-10-03,2342,7.36341122,6.9828290939331055,8.03281224,-0.051685572718413786,0.09090909090909105
2025-10-03,2273,26.29812296,24.719348907470703,25.42284504,-0.060033716281981286,-0.033282904689863946
2025-10-03,2371,451.95151892,371.6536865234375,412.00762086,-0.17766912829155912,-0.08838093553806714
2025-10-03,2353,55.4424432,44.57938003540039,52.62552912,-0.19593406310419614,-0.0508078994614003
2025-10-03,2463,73.12946655,63.776641845703125,67.87393935,-0.1278940643974502,-0.0718660677827685
2025-10-03,2475,64.33213492,48.78254318237305,57.8780376,-0.24170800109406587,-0.10032462513526053
2025-10-03,2384,71.5,57.81896209716797,62.51,-0.19134318745219625,-0.12573426573426572
2025-10-03,2422,36.08773922,31.840755462646484,34.1914872,-0.11768494921399286,-0.05254560304927869
2025-10-03,2517,27.88885944,21.110986709594727,24.01540674,-0.24303154974792596,-0.13888888888888895
2025-10-03,2555,20.87203742,17.9744930267334,19.57414472,-0.13882422376696768,-0.06218332565637963
2025-10-03,2595,40.39054725,40.27729797363281,38.78174233,-0.0028038559533799523,-0.03983122362869196
2025-10-03,2558,44.85059262,35.06965255737305,39.65872455,-0.21807827926593304,-0.11575918548030095
2025-10-03,300308,402.78948192,318.5348205566406,353.70143016,-0.20917790842436546,-0.12187024230625187
2025-10-03,300274,160.16047866,108.72911071777344,149.6993238,-0.3211239649914428,-0.0653167057661439
2025-10-03,2601,19.35018722,17.96110725402832,19.56894576,-0.07178638377906499,0.01130524152106882
2025-10-03,2916,215.33452736,168.2102813720703,200.782748,-0.21884203413949754,-0.06757754800590843
2025-10-03,300033,261.14872119,232.3794708251953,250.4223555,-0.11016423987722113,-0.04107378217715252
2025-10-03,300014,90.694422,63.289146423339844,80.95722966,-0.30217156658940014,-0.1073626373626374
2025-10-03,300059,26.98540344,25.318679809570312,25.41324498,-0.06176389521600145,-0.05825958702064882
2025-10-03,300034,16.22346378,16.333234786987305,16.53276721,0.006766188064143863,0.019065190651906594
2025-10-03,300394,119.6536494,100.54006958007812,107.09643387,-0.15974088476002535,-0.1049463647199047
2025-10-03,300191,20.53844562,19.450288772583008,20.02922796,-0.05298146060076547,-0.024793388429752095
2025-10-03,300164,5.78,5.128249645233154,5.75,-0.11275957694928129,-0.005190311418685201
2025-10-03,300580,28.93111042,25.176437377929688,26.46465618,-0.12977977642623484,-0.08525266414575461
2025-10-03,300476,283.6673755,249.99285888671875,265.1867689,-0.11871127779120039,-0.06514886164623468
2025-10-03,300474,82.75,82.97615814208984,76.71,0.0027330289074301017,-0.07299093655589128
2025-10-03,300433,33.08148756,28.307756423950195,29.08957568,-0.14430219098798602,-0.12066905615292711
2025-10-03,300418,48.59,42.0198974609375,42.97,-0.1352151170829904,-0.11566165877752632
2025-10-03,600406,22.4988484,22.33892822265625,23.21418635,-0.007107927237011369,0.03179442508710806
2025-10-03,600426,20.06641473,18.44361114501953,19.3801901,-0.08087162588911923,-0.03419767004885388
2025-10-03,600316,37.8713097,38.9853515625,37.21180932,0.02941651269324863,-0.017414248021108136
2025-10-03,600362,34.60896075,25.587238311767578,38.70469575,-0.2606759129059495,0.11834319526627213
2025-10-03,600428,6.4801051,6.211242198944092,6.8298559,-0.041490515494248426,0.05397301349325323
2025-10-03,300502,260.92532143,221.381103515625,230.12247981,-0.1515537767574764,-0.11805232796566156
2025-10-03,300760,241.62800723,239.8710479736328,226.6891435,-0.007271339430013901,-0.06182587813911844
2025-10-03,300750,394.36602,306.22808837890625,362.286993,-0.22349271273699933,-0.08134328358208953
2025-10-03,400,26.03211149,24.09281349182129,26.92503352,-0.07449637725021552,0.03430079155672838
2025-10-03,426,32.89,22.508020401000977,34.55,-0.3156576345089396,0.050471267862572056
2025-10-03,600160,39.45950241,31.806949615478516,36.7867893,-0.19393434602921245,-0.06773306673331658
2025-10-03,600183,53.71981086,44.88323974609375,61.71513258,-0.16449371232775511,0.14883376527212144
2025-10-03,600118,36.98393364,34.14875030517578,38.52368108,-0.07665986431897065,0.04163287374966229
2025-10-03,600111,48.166692,38.71672439575195,54.34958,-0.1961929958621208,0.12836438923395455
2025-10-03,600089,17.5088632,14.451416015625,19.54500628,-0.1746228267049913,0.1162921348314605
2025-10-03,600026,11.8117278,11.598827362060547,12.0066408,-0.01802449578455856,0.01650165016501637
2025-10-03,600309,65.50726304,65.2622299194336,63.706748,-0.0037405488978646817,-0.027485731450886175
2025-10-03,600489,21.93,16.86264419555664,25.2,-0.2310695761260082,0.14911080711354296
2025-10-03,600276,71.25914925,63.01144027709961,66.130084,-0.11574245636816083,-0.07197763801537382
2025-10-03,601808,13.15507716,13.130355834960938,13.45805442,-0.001879223111988293,0.023031203566121983
2025-10-03,601872,8.6701212,7.155473232269287,8.54319375,-0.17469743880059174,-0.014639639639639657
2025-10-03,601899,29.0084096,23.767074584960938,30.5258332,-0.1806832945105361,0.05230978260869579
2025-10-03,601975,3.022824,3.0310184955596924,3.142146,0.002710874189067125,0.03947368421052633
2025-10-10,2050,48.95294789,33.13988494873047,42.54020092,-0.3230257547880949,-0.1309981777687791
2025-10-10,2028,111.5773731,85.265625,111.34834324,-0.23581616387776383,-0.0020526550647032016
2025-10-10,2179,40.44011915,38.779232025146484,38.70372955,-0.0410702826738214,-0.042937301780922255
2025-10-10,2156,44.14055139,33.475830078125,42.77208442,-0.24160824856145957,-0.031002489250961718
2025-10-10,21,30.4850847,22.197769165039062,30.2663398,-0.27184820434371104,-0.0071754729288976415
2025-10-10,768,26.67933048,26.101154327392578,26.06373,-0.02167131416737944,-0.02307406029028658
2025-10-10,603662,75.51173526,75.02234649658203,65.71250244,-0.006480963014992458,-0.1297709923664122
2025-10-10,603619,19.22694624,18.64618682861328,19.47319299,-0.030205494109017628,0.012807377049180335
2025-10-10,2241,39.11131731,28.585750579833984,32.47256883,-0.2691181850700496,-0.1697398332912351
2025-10-10,2342,7.52326818,6.915544033050537,8.3425351,-0.08077927469939838,0.10889774236387773
2025-10-10,2273,28.1978739,23.562484741210938,24.62713784,-0.16438789588278369,-0.12663139329806006
2025-10-10,2371,457.63638085,355.0649719238281,410.31914693,-0.22413298683915572,-0.10339482589236992
2025-10-10,2353,55.6415184,45.44541549682617,53.08340208,-0.1832463095251159,-0.045974955277280904
2025-10-10,2463,73.60724175,60.139068603515625,66.93829625,-0.18297347959631127,-0.09060175794455727
2025-10-10,2475,64.9387604,52.99116897583008,58.8725056,-0.18398243746226373,-0.09341500765696797
2025-10-10,2384,69.69,61.81299591064453,62.68,-0.11302918767908543,-0.10058831970153537
2025-10-10,2422,35.42945484,33.57045364379883,34.27008832,-0.052470499605383414,-0.03272323904603436
2025-10-10,2517,26.816211,21.04932403564453,23.46915059,-0.21505226686780876,-0.12481481481481471
2025-10-10,2555,20.75666918,19.485488891601562,19.31456618,-0.061242017077734134,-0.0694766095414544
2025-10-10,2595,40.00197996,38.37107467651367,38.55678232,-0.040770613982536674,-0.03612815269256975
2025-10-10,2558,42.22984086,37.09651565551758,39.27156804,-0.12155682095749254,-0.07005171603197002
2025-10-10,300308,397.93022514,347.5893859863281,366.53624146,-0.1265066988464144,-0.07889318703789083
2025-10-10,300274,157.10518863,127.76110076904297,161.169021,-0.18677987733470458,0.025866951979356845
2025-10-10,2601,19.7877043,18.057527542114258,19.34024365,-0.08743696245176569,-0.022613065326633208
2025-10-10,2916,236.8640042,179.9407958984375,200.285761,-0.24032021452064312,-0.15442719261435167
2025-10-10,300033,267.13356963,246.81443786621094,249.52322334,-0.07606356547375381,-0.0659233742670069
2025-10-10,300014,89.96687334,66.42448425292969,83.4687675,-0.261678417989471,-0.07222776116096163
2025-10-10,300059,26.62719012,26.604093551635742,25.29384054,-0.0008674053950180616,-0.05007473841554555
2025-10-10,300034,16.47290203,16.551395416259766,16.2633739,0.004765000490916327,-0.012719563900666198
2025-10-10,300394,116.943972,99.2652359008789,107.49575475,-0.15117270088210355,-0.08079268292682928
2025-10-10,300191,20.40864504,19.548614501953125,19.51002564,-0.042140501555162246,-0.04403131115459891
2025-10-10,300164,5.78,5.215445518493652,5.68,-0.09767378572774188,-0.01730103806228378
2025-10-10,300580,28.75209358,28.340673446655273,25.91766028,-0.014309223507498303,-0.09858180560359742
2025-10-10,300476,283.62763226,280.4543151855469,265.31593443,-0.011188321282970537,-0.06456246058992487
2025-10-10,300474,82.95,83.08458709716797,74.45,0.001622508706063508,-0.10247136829415315
2025-10-10,300433,33.46684539,28.599180221557617,28.24969323,-0.14544738566536242,-0.1558901682905227
2025-10-10,300418,49.98,43.10371017456055,42.2,-0.1375808288403252,-0.15566226490596224
2025-10-10,600406,22.9104127,22.175535202026367,23.4199685,-0.032076135318750976,0.022241231822070162
2025-10-10,600426,20.26247891,18.463581085205078,18.98052081,-0.08877975063096166,-0.06326758466691462
2025-10-10,600316,37.0719153,37.384220123291016,36.12263445,0.00842429695805369,-0.025606469002695476
2025-10-10,600362,38.070832,27.53281593322754,37.5052305,-0.2768002566051738,-0.014856557377049162
2025-10-10,600428,6.5578275,6.335141658782959,6.8687171,-0.03395725813419781,0.04740740740740734
2025-10-10,300502,250.49601285,207.66334533691406,231.67046884,-0.17099141429741893,-0.07515306848924952
2025-10-10,300760,244.13584808,240.65000915527344,227.11203431,-0.014278275608194502,-0.06973090557524964
2025-10-10,300750,402.1061889,313.07769775390625,361.502185,-0.22140542375047678,-0.10097831125423895
2025-10-10,400,26.34610605,24.77473258972168,26.55216498,-0.05964348041779477,0.007821229050279266
2025-10-10,426,36.18,22.01010513305664,34.28,-0.3916499410432106,-0.052515201768933095
2025-10-10,600160,40.96845114,33.54576873779297,36.14573265,-0.18118044972805458,-0.11771786230139625
2025-10-10,600183,55.25125308,46.1735725402832,59.98480176,-0.1642981839085702,0.08567314614830823
2025-10-10,600118,37.28388444,32.893592834472656,37.41386312,-0.11775306332666402,0.003486189326897371
2025-10-10,600111,52.9833612,45.16525650024414,53.003306,-0.14755773364857527,0.00037643515904384195
2025-10-10,600089,19.25974952,15.078927993774414,19.74173508,-0.2170755918649967,0.02502553626149151
2025-10-10,600026,11.43164745,11.309486389160156,12.2015538,-0.010686216608249532,0.06734867860187554
2025-10-10,600309,66.63873424,68.71095275878906,61.97510512,0.03109630671143826,-0.06998375904326004
2025-10-10,600489,24.12,16.99694061279297,24.42,-0.29531755336679233,0.01243781094527363
2025-10-10,600276,70.86077525,61.260990142822266,66.5682954,-0.13547389332545778,-0.06057624736472256
2025-10-10,601808,13.4385075,13.268356323242188,13.51669518,-0.012661463838734566,0.005818181818181722
2025-10-10,601872,8.13312045,7.208735942840576,8.6505939,-0.11365680772125086,0.06362545018007215
2025-10-10,601899,31.9053092,24.37915802001953,30.0233098,-0.23589024424751448,-0.05898702903026565
2025-10-10,601975,3.0327675,2.9918861389160156,3.122259,-0.013479886303181532,0.029508196721311553
2025-10-17,2050,42.54020092,34.54669952392578,47.53560196,-0.18790464603367973,0.11742777260018644
2025-10-17,2028,111.34834324,85.6604232788086,117.89063098,-0.23069871732014657,0.05875514219280986
2025-10-17,2179,38.70372955,37.10035705566406,36.503645,-0.041426821471160724,-0.0568442518480754
2025-10-17,2156,42.77208442,32.86221694946289,39.66556451,-0.2316900755461735,-0.07262961233068654
2025-10-17,21,30.2663398,23.173261642456055,27.8004882,-0.23435533349638615,-0.08147174770039423
2025-10-17,768,26.06373,25.639476776123047,25.4679876,-0.01627753295007861,-0.022857142857142798
2025-10-17,603662,65.71250244,62.00360107421875,65.81188614,-0.05644133502856208,0.0015124016938898865
2025-10-17,603619,19.47319299,17.852859497070312,20.46802986,-0.08320841342053009,0.051087506322711196
2025-10-17,2241,32.47256883,29.12093162536621,31.74151617,-0.10321441528633724,-0.022512929723151776
2025-10-17,2342,8.3425351,7.807107925415039,7.88294634,-0.06418039219097327,-0.05508982035928134
2025-10-17,2273,24.62713784,22.582427978515625,24.17955254,-0.08302669497237747,-0.01817447495961233
2025-10-17,2371,410.31914693,376.3518981933594,403.21556726,-0.08278250964105116,-0.017312328033309732
2025-10-17,2353,53.08340208,45.64949417114258,51.54056928,-0.14004203983863084,-0.029064316519782474
2025-10-17,2463,66.93829625,58.915435791015625,67.77440285,-0.11985456619661672,0.012490706319702616
2025-10-17,2475,58.8725056,50.84270095825195,59.80730552,-0.13639311865381254,0.015878378378378466
2025-10-17,2384,62.68,54.09107208251953,65.75,-0.1370282054479972,0.04897894065092534
2025-10-17,2422,34.27008832,30.81971549987793,34.3138092,-0.10068176037084897,0.0012757737765878296
2025-10-17,2517,23.46915059,20.256837844848633,24.19418148,-0.1368738392483666,0.030892932712653476
2025-10-17,2555,19.31456618,18.105981826782227,19.6606709,-0.06257372502982994,0.017919362867097943
2025-10-17,2595,38.55678232,37.55380630493164,39.17712659,-0.026012959451445328,0.016089108910890992
2025-10-17,2558,39.27156804,33.544151306152344,39.55945365,-0.14584130503813864,0.0073306370070780336
2025-10-17,300308,366.53624146,285.653564453125,440.35887984,-0.22066761170655402,0.20140610949123916
2025-10-17,300274,161.169021,107.40153503417969,152.7846392,-0.33360931047549336,-0.052022291554404854
2025-10-17,2601,19.34024365,18.13230323791504,19.36013079,-0.0624573523449361,0.0010282776349612721
2025-10-17,2916,200.285761,151.1534881591797,192.54270354,-0.24531086281675474,-0.03866004962779168
2025-10-17,300033,249.52322334,223.20611572265625,250.27484163,-0.10546957219081798,0.003012217780530513
2025-10-17,300014,83.4687675,65.39183044433594,78.22643058,-0.21657127087283345,-0.06280597014925371
2025-10-17,300059,25.29384054,24.5531063079834,25.34359239,-0.029285162561422662,0.0019669551534224894
2025-10-17,300034,16.2633739,15.549903869628906,16.68243016,-0.0438697428195447,0.025766871165644023
2025-10-17,300394,107.49575475,97.40974426269531,119.2258056,-0.09382705866628371,0.10912106135986721
2025-10-17,300191,19.51002564,18.539894104003906,21.1175559,-0.04972476991558128,0.08239508700102349
2025-10-17,300164,5.68,5.276189804077148,6.35,-0.07109334435261472,0.11795774647887325
2025-10-17,300580,25.91766028,25.637969970703125,25.96738718,-0.010791495307649557,0.0019186492709133418
2025-10-17,300476,265.31593443,244.32958984375,284.38275382,-0.07909945036409782,0.07186458450361366
2025-10-17,300474,74.45,72.06495666503906,73.34,-0.03203550483493545,-0.014909335124244416
2025-10-17,300433,28.24969323,26.813222885131836,28.58564621,-0.05084905995873579,0.01189227002448412
2025-10-17,300418,42.2,41.41960144042969,41.09,-0.018492856861855866,-0.026303317535545045
2025-10-17,600406,23.4199685,22.69378089904785,22.54784415,-0.03100719802215568,-0.03723849372384935
2025-10-17,600426,18.98052081,18.072078704833984,18.91265244,-0.04786181128851841,-0.0035756853396902155
2025-10-17,600316,36.12263445,35.66297149658203,33.84436041,-0.01272506727199596,-0.06307053941908713
2025-10-17,600362,37.5052305,30.01575469970703,36.20824775,-0.19969150170382155,-0.034581383255330334
2025-10-17,600428,6.8687171,6.5536322593688965,7.0144466,-0.04587244401594337,0.021216407355021394
2025-10-17,300502,231.67046884,190.60092163085938,248.07772584,-0.17727571155175914,0.07082152974504252
2025-10-17,300760,227.11203431,218.8628692626953,218.1329806,-0.03632200764863425,-0.03953579006625396
2025-10-17,300750,361.502185,314.9587707519531,369.3012145,-0.12875002193429863,0.02157394843962024
2025-10-17,400,26.55216498,24.731264114379883,24.69094916,-0.06857824463623519,-0.0700965748518787
2025-10-17,426,34.28,24.21214485168457,30.34,-0.2936947242799134,-0.11493582263710622
2025-10-17,600160,36.14573265,32.12321472167969,35.13976683,-0.11128610857802912,-0.02783083219645288
2025-10-17,600183,59.98480176,49.1303825378418,55.3904751,-0.18095282310987515,-0.0765915119363395
2025-10-17,600118,37.41386312,32.39198303222656,35.55416816,-0.13422511521107627,-0.049706039551042136
2025-10-17,600111,53.003306,44.60242462158203,49.61269,-0.1584973091757328,-0.06396989651928509
2025-10-17,600089,19.74173508,15.291193008422852,18.51218008,-0.22543824306942073,-0.06228201295465874
2025-10-17,600026,12.2015538,11.53839111328125,12.0261321,-0.054350675134403725,-0.01437699680511173
2025-10-17,600309,61.97510512,59.85712814331055,61.71929424,-0.03417464113354063,-0.004127639307826669
2025-10-17,600489,24.42,19.09964370727539,22.61,-0.21786880805588082,-0.07411957411957426
2025-10-17,600276,66.5682954,61.646827697753906,64.8752059,-0.07393110598181385,-0.025433871932974306
2025-10-17,601808,13.51669518,13.444698333740234,13.89786012,-0.005326512531428129,0.028199566160520773
2025-10-17,601872,8.6505939,7.503128528594971,8.2991025,-0.13264584890582254,-0.040632054176072296
2025-10-17,601899,30.0233098,24.49301528930664,29.264598,-0.1842000281625632,-0.02527075812274371
2025-10-17,601975,3.122259,2.9970035552978516,3.2117505,-0.040116929666036194,0.028662420382165488
2025-10-24,2050,47.53560196,36.57794189453125,50.76675422,-0.2305148060329465,0.0679733110925771
2025-10-24,2028,117.89063098,86.38314056396484,128.96372682,-0.2672603425235748,0.09392685193006178
2025-10-24,2179,36.503645,37.673858642578125,34.7080603,0.032057446388658706,-0.04918918918918913
2025-10-24,2156,39.66556451,33.241336822509766,44.63000308,-0.1619598199811486,0.12515739108536894
2025-10-24,21,27.8004882,23.532909393310547,28.9936422,-0.15350733325213528,0.0429184549356223
2025-10-24,768,25.4679876,25.523151397705078,25.52756184,0.00216600536216216,0.002339181286549641
2025-10-24,603662,65.81188614,63.147396087646484,67.13368935,-0.040486456301911944,0.020084566596194398
2025-10-24,603619,20.46802986,18.90216636657715,19.6922682,-0.07650289276169997,-0.03790113974359821
2025-10-24,2241,31.74151617,28.53609848022461,32.74918335,-0.10098502140250443,0.031746031746031855
2025-10-24,2342,7.88294634,7.340704441070557,7.91291952,-0.06878670430343736,0.0038022813688212143
2025-10-24,2273,24.17955254,23.407176971435547,24.97525974,-0.031943335894521585,0.03290826820238579
2025-10-24,2371,403.21556726,386.3330993652344,415.1248035,-0.04186958358152759,0.029535655879875167
2025-10-24,2353,51.54056928,43.72395324707031,51.44103168,-0.1516594818824183,-0.0019312475859404321
2025-10-24,2463,67.77440285,58.111915588378906,75.3491305,-0.1425683865191163,0.11176384197385802
2025-10-24,2475,59.80730552,49.962337493896484,64.68019872,-0.16461146243766633,0.08147655470568682
2025-10-24,2384,65.75,54.895973205566406,72.65,-0.1650802554286478,0.10494296577946782
2025-10-24,2422,34.3138092,33.11468505859375,33.77149325,-0.034945818297732245,-0.015804597701149503
2025-10-24,2517,24.19418148,19.420547485351562,23.38969515,-0.19730504206536348,-0.03325123152709353
2025-10-24,2555,19.6606709,19.3031005859375,20.13175788,-0.018187086080694193,0.023960880195599055
2025-10-24,2595,39.17712659,38.059242248535156,46.04863235,-0.028534107495014283,0.17539585870889152
2025-10-24,2558,39.55945365,28.85599708557129,35.23124241,-0.270566339442575,-0.10941028858218327
2025-10-24,300308,440.35887984,318.7342529296875,514.13157732,-0.2761943325737035,0.1675285792052259
2025-10-24,300274,152.7846392,106.43533325195312,193.7474828,-0.3033636508927716,0.2681083897863472
2025-10-24,2601,19.36013079,18.378629684448242,18.46520949,-0.050697028661538135,-0.046224961479198745
2025-10-24,2916,192.54270354,168.6082305908203,232.03329056,-0.12430734849532943,0.20510040782613204
2025-10-24,300033,250.27484163,224.0764617919922,257.85424476,-0.10467843938041055,0.030284318953661238
2025-10-24,300014,78.22643058,61.01863098144531,83.5185996,-0.21997423979299102,0.06765193018218896
2025-10-24,300059,25.34359239,25.162233352661133,25.50279831,-0.007156011450469402,0.006281900274833108
2025-10-24,300034,16.68243016,15.649110794067383,16.58265486,-0.06194057796269037,-0.005980861244018976
2025-10-24,300394,119.2258056,90.42667388916016,122.66281746,-0.24155116055546155,0.028827751196172313
2025-10-24,300191,21.1175559,19.19472312927246,19.93936602,-0.09105375545507799,-0.05579196217494076
2025-10-24,300164,6.35,5.983132362365723,5.76,-0.05777443112350822,-0.09291338582677167
2025-10-24,300580,25.96738718,27.09162139892578,25.857988,0.0432940831179065,-0.004212945231712006
2025-10-24,300476,284.38275382,251.31004333496094,326.4907166,-0.11629647030555312,0.14806791978198586
2025-10-24,300474,73.34,68.56318664550781,75.31,-0.06513244279373043,0.026861194436869296
2025-10-24,300433,28.58564621,25.10645294189453,29.47476795,-0.12171119877948944,0.031103783117869988
2025-10-24,300418,41.09,39.63811492919922,44.31,-0.03533426796789452,0.0783645655877343
2025-10-24,600406,22.54784415,22.59368324279785,23.8511311,0.0020329700920809213,0.05780095610604086
2025-10-24,600426,18.91265244,18.607234954833984,19.41789475,-0.016148844596755807,0.026714513556618913
2025-10-24,600316,33.84436041,33.68052673339844,34.1741106,-0.00484079694864481,0.009743135518157642
2025-10-24,600362,36.20824775,29.012529373168945,42.27383625,-0.19873147208099995,0.16751952598976572
2025-10-24,600428,7.0144466,6.728122711181641,7.1310302,-0.040819170085115486,0.01662049861495829
2025-10-24,300502,248.07772584,213.17071533203125,266.796266,-0.14070997462497836,0.07545433632390153
2025-10-24,300760,218.1329806,215.21807861328125,213.10746423,-0.013362958589301699,-0.023038773669972867
2025-10-24,300750,369.3012145,311.2366638183594,390.7264729,-0.15722816064998524,0.0580156727321024
2025-10-24,400,24.69094916,23.557037353515625,25.92846666,-0.045924188622175066,0.05012028869286289
2025-10-24,426,30.34,25.873104095458984,30.55,-0.14722794675481266,0.006921555702043447
2025-10-24,600160,35.13976683,31.939491271972656,35.58357528,-0.09107276020099142,0.012629806342969285
2025-10-24,600183,55.3904751,46.83433532714844,69.1137885,-0.15446951407086895,0.2477558348294433
2025-10-24,600118,35.55416816,32.51292419433594,44.5426938,-0.08553832428248453,0.25281214848143985
2025-10-24,600111,49.61269,47.791866302490234,52.85372,-0.03670076541928624,0.0653266331658291
2025-10-24,600089,18.51218008,15.896364212036133,20.410613,-0.1413024212523687,0.10255047821466534
2025-10-24,600026,12.0261321,11.536829948425293,13.18586445,-0.040686577155984116,0.09643435980551063
2025-10-24,600309,61.71929424,61.29094314575195,60.71572848,-0.006940310959849483,-0.016260162601625994
2025-10-24,600489,22.61,18.485004425048828,22.3,-0.18244120189965374,-0.013710747456877392
2025-10-24,600276,64.8752059,60.924781799316406,62.6243928,-0.0608926637824142,-0.03469450414491859
2025-10-24,601808,13.89786012,13.63833999633789,14.24970468,-0.01867338722805556,0.025316455696202445
2025-10-24,601872,8.2991025,7.182269096374512,9.29341568,-0.13457279309726422,0.11980972400328849
2025-10-24,601899,29.264598,26.745344161987305,30.6539274,-0.08608537311917608,0.04747474747474745
2025-10-24,601975,3.2117505,3.1360199451446533,3.3509595,-0.02357921477877767,0.04334365325077405
2025-10-31,2050,50.76675422,38.229618072509766,49.91436436,-0.2469556374071109,-0.01679031628270211
2025-10-31,2028,128.96372682,108.4898452758789,147.0770014,-0.15875690047866975,0.14045247471237743
2025-10-31,2179,34.7080603,36.738059997558594,34.7869871,0.058487846339214666,0.0022740193291641564
2025-10-31,2156,44.63000308,34.32897186279297,41.57342722,-0.23080955649369483,-0.06848701880035812
2025-10-31,21,28.9936422,23.704553604125977,26.7863073,-0.18242235864640777,-0.07613168724279828
2025-10-31,768,25.52756184,25.468305587768555,25.28926488,-0.0023212656423221567,-0.009334889148191361
2025-10-31,603662,67.13368935,66.57455444335938,66.87529173,-0.008328678373768272,-0.003849000740192454
2025-10-31,603619,19.6922682,18.987171173095703,21.3830185,-0.03580578020485714,0.08585858585858563
2025-10-31,2241,32.74918335,28.605398178100586,31.86006525,-0.1265309466686111,-0.02714932126696834
2025-10-31,2342,7.91291952,7.736691474914551,7.95288376,-0.022270926001462632,0.005050505050504972
2025-10-31,2273,24.97525974,24.900970458984375,24.63708418,-0.002974514851456944,-0.013540422142572672
2025-10-31,2371,415.1248035,386.2511901855469,410.628867,-0.0695540547589879,-0.010830324909747224
2025-10-31,2353,51.44103168,48.436641693115234,55.1438304,-0.05840454378081339,0.07198142414860675
2025-10-31,2463,75.3491305,64.38923645019531,72.17391615,-0.1454548178204218,-0.0421400264200793
2025-10-31,2475,64.68019872,53.28860855102539,61.31889688,-0.17612175587599388,-0.05196801968019693
2025-10-31,2384,72.65,50.25593566894531,75.46,-0.3082458958163068,0.038678596008258515
2025-10-31,2422,33.77149325,31.81351661682129,32.88406715,-0.057977200436012954,-0.026277372262773713
2025-10-31,2517,23.38969515,21.031402587890625,23.08180532,-0.10082613505586357,-0.013163481953290868
2025-10-31,2555,20.13175788,18.748449325561523,22.10060928,-0.06871275537307797,0.0977982852633037
2025-10-31,2595,46.04863235,42.003971099853516,47.90284819,-0.08783455759129577,0.040266469282013384
2025-10-31,2558,35.23124241,34.657840728759766,36.48205575,-0.01627537498017617,0.035502958579881616
2025-10-31,300308,514.13157732,393.89312744140625,496.29268784,-0.23386707835639575,-0.03469712864747254
2025-10-31,300274,193.7474828,134.87738037109375,204.416134,-0.3038496375701365,0.05506472159441134
2025-10-31,2601,18.46520949,17.915590286254883,17.7989903,-0.029765121486586277,-0.03607969843834136
2025-10-31,2916,232.03329056,170.05300903320312,229.111007,-0.2671180561082884,-0.012594242631939756
2025-10-31,300033,257.85424476,247.91172790527344,252.95818917,-0.03855867047672845,-0.018987686607823795
2025-10-31,300014,83.5185996,65.02510070800781,84.87403272,-0.22142970524606576,0.016229116945107425
2025-10-31,300059,25.50279831,24.221254348754883,25.38339387,-0.05025111149244377,-0.004682013265704277
2025-10-31,300034,16.58265486,16.248321533203125,17.42076738,-0.020161628497939788,0.05054151624548742
2025-10-31,300394,122.66281746,93.25405883789062,110.75449836,-0.23975283815488335,-0.09708173468201375
2025-10-31,300191,19.93936602,20.12253761291504,19.98928932,0.009186430136811197,0.0025037556334501776
2025-10-31,300164,5.76,5.702958106994629,6.1,-0.009903106424543506,0.05902777777777768
2025-10-31,300580,25.857988,23.98284149169922,26.13645864,-0.07251710799389266,0.010769230769230864
2025-10-31,300476,326.4907166,287.1498107910156,314.18024801,-0.12049624632109479,-0.03770541692026774
2025-10-31,300474,75.31,70.87199401855469,73.34,-0.05892983642869887,-0.02615854468198109
2025-10-31,300433,29.47476795,27.14998435974121,31.00154705,-0.0788736859337612,0.05179952909519003
2025-10-31,300418,44.31,41.12656784057617,43.94,-0.07184455336095308,-0.008350259535093718
2025-10-31,600406,23.8511311,22.816129684448242,24.84084525,-0.04339422777109958,0.04149548069022191
2025-10-31,600426,19.41789475,18.190128326416016,19.416567,-0.06322860636496053,-6.83776494359023e-05
2025-10-31,600316,34.1741106,34.29058837890625,34.44390621,0.0034083631398516,0.007894736842105399
2025-10-31,600362,42.27383625,33.6428337097168,38.95824125,-0.20416889750059541,-0.07843137254901966
2025-10-31,600428,7.1310302,6.63918399810791,7.0047313,-0.06897267128276774,-0.017711171662125214
2025-10-31,300502,266.796266,197.1357421875,254.46228889,-0.2611000703154519,-0.0462299465240642
2025-10-31,300760,213.10746423,215.59616088867188,202.93841545,0.011678129940985604,-0.04771793806820801
2025-10-31,300750,390.7264729,316.9720153808594,387.1850268,-0.1887623763287133,-0.009063747520650756
2025-10-31,400,25.92846666,24.896018981933594,29.04701076,-0.039819079608713226,0.12027491408934687
2025-10-31,426,30.55,25.364612579345703,29.1,-0.16973444912125357,-0.04746317512274956
2025-10-31,600160,35.58357528,33.70618438720703,34.36063644,-0.05276004105883558,-0.03436807095343675
2025-10-31,600183,69.1137885,51.783241271972656,64.0421292,-0.25075383080797753,-0.07338129496402868
2025-10-31,600118,44.5426938,35.828365325927734,42.93295784,-0.19563990703391776,-0.03613916947250284
2025-10-31,600111,52.85372,45.44566345214844,47.8575476,-0.14016149757957552,-0.09452830188679251
2025-10-31,600089,20.410613,16.301456451416016,25.02390336,-0.20132450449106964,0.226024096385542
2025-10-31,600026,13.18586445,12.431657791137695,12.19180815,-0.05719812013252612,-0.07538802660753885
2025-10-31,600309,60.71572848,59.57195281982422,60.7058896,-0.018838210276148626,-0.00016204829039057067
2025-10-31,600489,22.3,19.86896324157715,21.07,-0.10901510127456737,-0.05515695067264581
2025-10-31,600276,62.6243928,59.26504135131836,62.1662627,-0.05364285861278073,-0.0073155216284988
2025-10-31,601808,14.24970468,14.081022262573242,14.42562696,-0.011837607951518558,0.012345679012345734
2025-10-31,601872,9.29341568,7.3443732261657715,8.37785672,-0.20972293943858422,-0.09851694915254239
2025-10-31,601899,30.6539274,26.49048614501953,29.264598,-0.1358208101902293,-0.045323047251687565
2025-10-31,601975,3.3509595,3.207324743270874,3.2117505,-0.042863769833424104,-0.041543026706231445
2025-11-07,2050,49.91436436,35.81399154663086,43.89807779,-0.28249128270315693,-0.12053216838760916
2025-11-07,2028,147.0770014,96.55313873291016,151.9065441,-0.3435198038181505,0.032836831415030465
2025-11-07,2179,34.7869871,36.12393569946289,35.38880395,0.038432434393345094,0.017300056721497592
2025-11-07,2156,41.57342722,35.40888595581055,39.2560233,-0.14828080522608045,-0.055742431523306046
2025-11-07,21,26.7863073,24.563716888427734,26.0107572,-0.08297487170141837,-0.028953229398663738
2025-11-07,768,25.28926488,25.10025405883789,24.94174848,-0.007473954741625932,-0.013741656851197437
2025-11-07,603662,66.87529173,67.54837799072266,63.23784831,0.010064797375989754,-0.05439144003566654
2025-11-07,603619,21.3830185,19.5496826171875,22.19855688,-0.08573793652250261,0.038139534883721016
2025-11-07,2241,31.86006525,29.016679763793945,29.1433173,-0.0892460660044021,-0.08527126133239804
2025-11-07,2342,7.95288376,7.923959255218506,7.47331288,-0.0036369832194672602,-0.06030150753768837
2025-11-07,2273,24.63708418,24.054658889770508,24.0204111,-0.0236401875308887,-0.025030278562777508
2025-11-07,2371,410.628867,352.852294921875,413.29645599,-0.1407026556613834,0.0064963503649635435
2025-11-07,2353,55.1438304,50.0245246887207,49.49009472,-0.09283551168181625,-0.10252707581227427
2025-11-07,2463,72.17391615,57.364601135253906,64.1612279,-0.20518929558938848,-0.11101916976968684
2025-11-07,2475,61.31889688,51.736656188964844,57.06257384,-0.15626896729384143,-0.06941290950373014
2025-11-07,2384,75.46,61.42121887207031,72.17,-0.18604268656148537,-0.0435992578849721
2025-11-07,2422,32.88406715,31.788192749023438,34.10674311,-0.03332539116824429,0.037181409295352186
2025-11-07,2517,23.08180532,22.187236785888672,21.6516074,-0.038756437016484124,-0.061962134251290935
2025-11-07,2555,22.10060928,19.629655838012695,20.74236288,-0.11180476568233799,-0.06145741878841082
2025-11-07,2595,47.90284819,43.81062698364258,46.68261056,-0.08542751341478061,-0.025473174896826545
2025-11-07,2558,36.48205575,31.70401382446289,36.52176411,-0.13096964596182636,0.001088435374149599
2025-11-07,300308,496.29268784,394.12353515625,480.431458,-0.20586471488914693,-0.03195942682337782
2025-11-07,300274,204.416134,143.7725830078125,189.5974571,-0.29666714561868923,-0.0724926971762414
2025-11-07,2601,17.7989903,17.741220474243164,19.36013079,-0.0032456799393185687,0.08770949720670385
2025-11-07,2916,229.111007,169.37887573242188,206.249605,-0.2607126215790153,-0.09978308026030369
2025-11-07,300033,252.95818917,219.00038146972656,238.5510012,-0.13424276878204633,-0.056954819360750863
2025-11-07,300014,84.87403272,65.76280975341797,87.07661154,-0.22517161438092714,0.025951150775011644
2025-11-07,300059,25.38339387,24.9168758392334,25.00527981,-0.01837886742631234,-0.014896119168953281
2025-11-07,300034,17.42076738,17.171091079711914,16.91191335,-0.014332106895286856,-0.029209621993127266
2025-11-07,300394,110.75449836,100.31363677978516,116.04550002,-0.09427031619318549,0.04777234097347427
2025-11-07,300191,19.98928932,19.274959564208984,20.05918194,-0.035735625431980944,0.0034965034965033226
2025-11-07,300164,6.1,5.689836025238037,6.2,-0.06723999586261686,0.016393442622950838
2025-11-07,300580,26.13645864,25.37014389038086,24.44574404,-0.029319762106039482,-0.06468797564687978
2025-11-07,300476,314.18024801,282.6271057128906,287.4429833,-0.10043006362419415,-0.08510167293886983
2025-11-07,300474,73.34,69.98950958251953,70.75,-0.04568435256995462,-0.03531497136623951
2025-11-07,300433,31.00154705,27.62148094177246,28.9096614,-0.10902894951584485,-0.06747681483850332
2025-11-07,300418,43.94,40.67546081542969,40.63,-0.07429538426423099,-0.07532999544833852
2025-11-07,600406,24.84084525,22.271509170532227,23.909926,-0.10343191037220334,-0.03747534516765294
2025-11-07,600426,19.416567,18.265064239501953,22.1577294,-0.059305167617841326,0.14117647058823524
2025-11-07,600316,34.44390621,33.23273468017578,33.26479947,-0.03516359388624113,-0.034232666086452035
2025-11-07,600362,38.95824125,32.61152267456055,39.46533225,-0.16291080838869887,0.013016270337922409
2025-11-07,600428,7.0047313,6.311205863952637,7.1990373,-0.09900814268883718,0.0277392510402219
2025-11-07,300502,254.46228889,217.107666015625,232.44803015,-0.14679826640450766,-0.08651285357853722
2025-11-07,300760,202.93841545,211.3555450439453,206.1008327,0.04147627532855713,0.015583137588748741
2025-11-07,300750,387.1850268,327.48870849609375,407.707756,-0.15418033800863462,0.0530049660484444
2025-11-07,400,29.04701076,25.45492935180664,28.1163976,-0.12366440863305406,-0.032038173142467596
2025-11-07,426,29.1,25.988460540771484,33.5,-0.10692575461266385,0.15120274914089338
2025-11-07,600160,34.36063644,31.92221450805664,35.77096107,-0.07096556363853423,0.041044776119402826
2025-11-07,600183,64.0421292,45.306644439697266,58.05558234,-0.29254937326947494,-0.09347826086956523
2025-11-07,600118,42.93295784,35.947669982910156,44.37272168,-0.16270222711237836,0.03353516534699574
2025-11-07,600111,47.8575476,41.82114791870117,46.6309424,-0.1261326579404337,-0.025630339654094447
2025-11-07,600089,25.02390336,17.929447174072266,24.53208136,-0.2835071764730366,-0.019654088050314433
2025-11-07,600026,12.19180815,12.222881317138672,12.9227319,0.002548692265853303,0.05995203836930463
2025-11-07,600309,60.7058896,59.74346923828125,67.60294448,-0.015853821895375875,0.11361426256077811
2025-11-07,600489,21.07,19.41022491455078,22.02,-0.07877432773845372,0.04508780256288558
2025-11-07,600276,62.1662627,61.383628845214844,63.3016286,-0.012589366334630148,0.018263377122717195
2025-11-07,601808,14.42562696,13.866959571838379,14.43540042,-0.03872742513796579,0.0006775067750677266
2025-11-07,601872,8.37785672,7.652928352355957,8.93900576,-0.08652909590987168,0.06698002350176258
2025-11-07,601899,29.264598,25.180879592895508,30.2696448,-0.139544660996351,0.03434343434343434
2025-11-07,601975,3.2117505,3.087951898574829,3.321129,-0.038545522581897584,0.034055727554179516
2025-11-14,2050,43.89807779,38.3613395690918,40.80568667,-0.12612712218049504,-0.07044479566493567
2025-11-14,2028,151.9065441,119.44145965576172,140.903153,-0.21371748423732506,-0.0724352671255325
2025-11-14,2179,35.38880395,36.88240051269531,34.5107433,0.04220534168958001,-0.024811820462782297
2025-11-14,2156,39.2560233,35.8662223815918,36.71886556,-0.08635110317983241,-0.06463104325699753
2025-11-14,21,26.0107572,26.2568359375,23.465362,0.00946065259107498,-0.09785932721712542
2025-11-14,768,24.94174848,24.51150894165039,24.51479976,-0.01724977455748966,-0.017117834394904552
2025-11-14,603662,63.23784831,65.44317626953125,59.97806295,0.034873545170614584,-0.05154801194405145
2025-11-14,603619,22.19855688,19.91695213317871,25.28168978,-0.10278166995967764,0.13888888888888884
2025-11-14,2241,29.1433173,27.902706146240234,28.1007114,-0.04256931841317069,-0.035775127768313375
2025-11-14,2342,7.47331288,7.31960391998291,7.45333076,-0.020567713741578286,-0.002673796791443861
2025-11-14,2273,24.0204111,23.40384292602539,22.94620638,-0.02566851047668417,-0.044720496894409933
2025-11-14,2371,413.29645599,397.5474853515625,404.634285,-0.03810574808998257,-0.020958735223729152
2025-11-14,2353,49.49009472,46.19162368774414,51.92876592,-0.06664911536172269,0.04927594529364421
2025-11-14,2463,64.1612279,61.45350646972656,64.6390031,-0.04220183308358161,0.007446478436239579
2025-11-14,2475,57.06257384,55.012184143066406,55.441591,-0.035932303065802085,-0.028407110491460386
2025-11-14,2384,72.17,65.48169708251953,70.6,-0.09267428179964621,-0.02175419149230995
2025-11-14,2422,34.10674311,33.1251335144043,32.40091294,-0.02878051394206249,-0.05001445504481061
2025-11-14,2517,21.6516074,19.96116828918457,20.76766563,-0.07807453181584245,-0.040825688073394484
2025-11-14,2555,20.74236288,19.106462478637695,19.34530944,-0.07886760109378177,-0.06735266604303092
2025-11-14,2595,46.68261056,44.917423248291016,45.91229295,-0.03781252356142839,-0.016501168224299034
2025-11-14,2558,36.52176411,32.61772918701172,35.39007585,-0.10689612120678804,-0.030986681163359564
2025-11-14,300308,480.431458,424.1396484375,491.418456,-0.1171692832039738,0.022869022869022704
2025-11-14,300274,189.5974571,145.26394653320312,176.5104456,-0.23382966863006982,-0.06902524801847676
2025-11-14,2601,19.36013079,18.441511154174805,17.9978617,-0.04744904080398493,-0.07036466358500248
2025-11-14,2916,206.249605,176.6276397705078,196.68757512,-0.14362192465528445,-0.046361445783132615
2025-11-14,300033,238.5510012,223.1156005859375,227.53663224,-0.06470482427831659,-0.046171967020023574
2025-11-14,300014,87.07661154,76.41490936279297,76.0437846,-0.12244048072896607,-0.12670252947235905
2025-11-14,300059,25.00527981,24.790058135986328,23.95054059,-0.008607049217165819,-0.042180660565061756
2025-11-14,300034,16.91191335,16.547286987304688,16.13366601,-0.02156032585723433,-0.046017699115044275
2025-11-14,300394,116.04550002,115.43108367919922,114.14872584,-0.0052946158247833,-0.016345090328130807
2025-11-14,300191,20.05918194,18.704166412353516,20.60833824,-0.0675508867559772,0.027376804380288666
2025-11-14,300164,6.2,5.817384243011475,6.01,-0.06171221886911704,-0.030645161290322687
2025-11-14,300580,24.44574404,24.327726364135742,23.2721892,-0.0048277391627413735,-0.04800650935720108
2025-11-14,300476,287.4429833,253.12893676757812,274.53636611,-0.11937688002844304,-0.04490148634635316
2025-11-14,300474,70.75,71.40662384033203,72.93,0.009280902336848529,0.03081272084805664
2025-11-14,300433,28.9096614,26.5194149017334,26.34189655,-0.08267985104338171,-0.08882030178326472
2025-11-14,300418,40.63,40.18011474609375,40.56,-0.011072735759445007,-0.0017228648781688616
2025-11-14,600406,23.909926,22.555028915405273,22.33226285,-0.05666672011426244,-0.065983606557377
2025-11-14,600426,22.1577294,18.986207962036133,21.12217916,-0.143133864517899,-0.04673539518900338
2025-11-14,600316,33.26479947,34.155025482177734,33.28478433,0.026761803057931743,0.0006007810153199067
2025-11-14,600362,39.46533225,34.008567810058594,36.198496,-0.1382672874860038,-0.08277736595008656
2025-11-14,600428,7.1990373,6.6048102378845215,6.8104253,-0.08254257303479706,-0.053981106612685514
2025-11-14,300502,232.44803015,176.996337890625,233.79627866,-0.2385552255426373,0.005800214822771377
2025-11-14,300760,206.1008327,206.16700744628906,196.8356495,0.00032107947077242294,-0.0449546131309736
2025-11-14,300750,407.707756,334.873779296875,372.1853839,-0.17864260767981321,-0.08712704523580372
2025-11-14,400,28.1163976,24.979780197143555,26.51257492,-0.11155829589123623,-0.057042253521126796
2025-11-14,426,33.5,27.411785125732422,31.58,-0.1817377574408232,-0.05731343283582091
2025-11-14,600160,35.77096107,31.91608428955078,33.95627763,-0.10776553565070923,-0.05073063137579259
2025-11-14,600183,58.05558234,47.432403564453125,55.63908585,-0.18298289927285016,-0.04162384378211714
2025-11-14,600118,44.37272168,36.472434997558594,41.10325796,-0.1780437706619714,-0.0736818386660657
2025-11-14,600111,46.6309424,46.74711227416992,46.720694,0.0024912615570453767,0.0019247219846021402
2025-11-14,600089,24.53208136,19.542360305786133,22.83037724,-0.20339574865219945,-0.06936647955092212
2025-11-14,600026,12.9227319,12.278424263000488,12.36722985,-0.049858469709451514,-0.042986425339366585
2025-11-14,600309,67.60294448,64.98643493652344,63.2639984,-0.03870407662865405,-0.06418279726386267
2025-11-14,600489,22.02,21.641986846923828,22.35,-0.01716680985813679,0.014986376021798531
2025-11-14,600276,63.3016286,61.399085998535156,60.38353905,-0.03005519199967066,-0.04609817495280044
2025-11-14,601808,14.43540042,14.268672943115234,14.171517,-0.011549903157086483,-0.018280297901151044
2025-11-14,601872,8.93900576,8.062423706054688,8.83071384,-0.09806258967499681,-0.01211453744493407
2025-11-14,601899,30.2696448,25.13425064086914,28.5452998,-0.16965491974094316,-0.05696614583333337
2025-11-14,601975,3.321129,3.177043914794922,3.2117505,-0.04338436875083085,-0.03293413173652693
2025-11-21,2050,40.80568667,38.355831146240234,42.41135129,-0.06003711060107897,0.03934904056351707
2025-11-21,2028,140.903153,121.78752899169922,139.73808806,-0.135664984078112,-0.008268551236749189
2025-11-21,2179,34.5107433,35.644798278808594,33.47482905,0.0328609259137167,-0.030017152658662227
2025-11-21,2156,36.71886556,34.339698791503906,36.31931316,-0.06479412509649685,-0.01088139281828071
2025-11-21,21,23.465362,21.71603775024414,23.2863889,-0.07454921214323729,-0.007627118644067843
2025-11-21,768,24.51479976,24.348297119140625,24.0282768,-0.006791923347913786,-0.01984609153503436
2025-11-21,603662,59.97806295,61.745330810546875,60.84270114,0.029465237348864193,0.014415907207953715
2025-11-21,603619,25.28168978,19.8751163482666,23.14338793,-0.21385332542172342,-0.0845790715971676
2025-11-21,2241,28.1007114,27.066913604736328,28.96458486,-0.03678902574913723,0.030742049469964616
2025-11-21,2342,7.45333076,7.171667575836182,7.1436079,-0.03779024348086468,-0.041554959785522816
2025-11-21,2273,22.94620638,22.234376907348633,23.55293312,-0.031021662616605772,0.02644126571304728
2025-11-21,2371,404.634285,391.450439453125,421.618934,-0.03258212671443539,0.041975308641975406
2025-11-21,2353,51.92876592,46.355377197265625,51.0627888,-0.10732757892457101,-0.016676250718803853
2025-11-21,2463,64.6390031,63.51702117919922,69.80494745,-0.01735766127248295,0.0799199260856176
2025-11-21,2475,55.441591,50.79622268676758,56.64489728,-0.08378851020405287,0.021704035874439365
2025-11-21,2384,70.6,59.698509216308594,73.58,-0.15441205076050146,0.04220963172804537
2025-11-21,2422,32.40091294,33.53654861450195,33.97855934,0.035049496185645346,0.04869141813755329
2025-11-21,2517,20.76766563,19.546241760253906,21.82045021,-0.05881372954992503,0.05069344811095178
2025-11-21,2555,19.34530944,18.804641723632812,20.3251872,-0.02794825888125929,0.05065195586760263
2025-11-21,2595,45.91229295,42.67340850830078,46.2190566,-0.07054503780123711,0.006681514476614803
2025-11-21,2558,35.39007585,33.03632354736328,40.4032563,-0.06650882333830099,0.14165497896213175
2025-11-21,300308,491.418456,405.455078125,523.380632,-0.1749290789253548,0.06504065040650397
2025-11-21,300274,176.5104456,149.2137451171875,180.0633453,-0.15464637455321506,0.02012855209742903
2025-11-21,2601,17.9978617,17.181779861450195,17.80893387,-0.04534326644758058,-0.010497237569060847
2025-11-21,2916,196.68757512,165.15957641601562,196.66769564,-0.1602948162066109,-0.0001010713563774912
2025-11-21,300033,227.53663224,219.8009490966797,224.35454733,-0.033997528517346165,-0.013984934551741102
2025-11-21,300014,76.0437846,65.21807098388672,71.44926498,-0.14236158383039332,-0.06041939711664479
2025-11-21,300059,23.95054059,23.379310607910156,23.1843621,-0.023850400367511848,-0.03199002908184456
2025-11-21,300034,16.13366601,16.43989372253418,15.8642727,0.018980665172092515,-0.0166975881261594
2025-11-21,300394,114.14872584,101.84091186523438,110.59049157,-0.10782261373654967,-0.031171914042978477
2025-11-21,300191,20.60833824,19.714542388916016,18.21201984,-0.04337059304224533,-0.11627906976744184
2025-11-21,300164,6.01,6.02696418762207,5.57,0.0028226601700616083,-0.07321131447587348
2025-11-21,300580,23.2721892,23.883407592773438,23.39153376,0.02626389754400238,0.00512820512820511
2025-11-21,300476,274.53636611,207.93898010253906,275.39084577,-0.24258129059950118,0.0031124461655387403
2025-11-21,300474,72.93,71.75147247314453,73.1,-0.016159708307356024,0.002331002331002141
2025-11-21,300433,26.34189655,24.242374420166016,26.9466597,-0.07970277029403894,0.022958223560406443
2025-11-21,300418,40.56,39.29698944091797,43.85,-0.031139313586835193,0.08111439842209078
2025-11-21,600406,22.33226285,21.860599517822266,21.64632235,-0.021120266018082146,-0.030715225976305494
2025-11-21,600426,21.12217916,18.686044692993164,21.38868106,-0.11533537560462759,0.012617159336697714
2025-11-21,600316,33.28478433,33.39638137817383,33.08493573,0.0033527946904328143,-0.0060042029420595
2025-11-21,600362,36.198496,32.29150390625,36.354524,-0.10793244265590474,0.004310344827586077
2025-11-21,600428,6.8104253,6.557423114776611,6.6355499,-0.03714924899380201,-0.02567760342368053
2025-11-21,300502,233.79627866,180.0794219970703,243.1127472,-0.22975924583063123,0.03984866052358571
2025-11-21,300760,196.8356495,208.22767639160156,194.311481,0.05787583154037135,-0.012823736484787518
2025-11-21,300750,372.1853839,331.5360107421875,364.150912,-0.10921808033368197,-0.021587284851999233
2025-11-21,400,26.51257492,24.741117477416992,24.8988521,-0.06681574490324937,-0.06086631814787158
2025-11-21,426,31.58,29.490150451660156,32.9,-0.06617636315198994,0.04179860671310953
2025-11-21,600160,33.95627763,32.730796813964844,33.08838555,-0.03608996337550441,-0.025559105431310014
2025-11-21,600183,55.63908585,46.369667053222656,57.52852755,-0.16659904912469625,0.03395889186773893
2025-11-21,600118,41.10325796,37.27554702758789,41.7931448,-0.09312427097961629,0.01678423741182189
2025-11-21,600111,46.720694,43.31779479980469,44.3073732,-0.07283494547823532,-0.051654215581643514
2025-11-21,600089,22.83037724,19.325593948364258,21.03030872,-0.15351403328961122,-0.07884532529082289
2025-11-21,600026,12.36722985,11.733903884887695,11.7922365,-0.051210010066426004,-0.046493301812450705
2025-11-21,600309,63.2639984,60.452083587646484,64.8382192,-0.04444731416712844,0.02488335925349916
2025-11-21,600489,22.35,20.548433303833008,22.14,-0.0806070110141831,-0.00939597315436247
2025-11-21,600276,60.38353905,57.54146957397461,61.83760415,-0.047066957663280506,0.024080488207158135
2025-11-21,601808,14.171517,13.956925392150879,13.67307054,-0.01514245848550444,-0.03517241379310343
2025-11-21,601872,8.83071384,8.022418022155762,8.5156828,-0.09153233051024079,-0.035674470457079055
2025-11-21,601899,28.5452998,26.986783981323242,28.180724,-0.054597983892141766,-0.012771832930617788
2025-11-21,601975,3.2117505,3.1832101345062256,3.1123155,-0.008886233689003653,-0.03095975232198145
2025-11-28,2050,42.41135129,39.53449249267578,44.39365329,-0.06783228333501701,0.04673989249824739
2025-11-28,2028,139.73808806,111.49894714355469,149.3673,-0.20208621220236056,0.06890900021378177
2025-11-28,2179,33.47482905,34.715370178222656,32.754622,0.03705892347858497,-0.02151488358384912
2025-11-28,2156,36.31931316,35.03063201904297,36.70887675,-0.03548197993943092,0.010726072607260662
2025-11-28,21,23.2863889,22.290857315063477,23.7835364,-0.042751651585468564,0.021349274124679685
2025-11-28,768,24.0282768,24.33845329284668,23.55168288,0.012908811373717688,-0.01983471074380161
2025-11-28,603662,60.84270114,63.909542083740234,62.95957395,0.05040606163561656,0.034792551453773246
2025-11-28,603619,23.14338793,20.001623153686523,21.4824744,-0.13575215460312584,-0.0717662226042114
2025-11-28,2241,28.96458486,29.633338928222656,30.04690908,0.023088681279399337,0.037367158039081305
2025-11-28,2342,7.1436079,7.315860271453857,7.18357214,0.024112797603835112,0.005594405594405494
2025-11-28,2273,23.55293312,24.115964889526367,24.17955254,0.02390495343649013,0.026604729729729826
2025-11-28,2371,421.618934,407.8971252441406,449.38383963,-0.032545523099917095,0.0658530805687203
2025-11-28,2353,51.0627888,45.3914909362793,66.38162544,-0.11106518067263693,0.2999999999999998
2025-11-28,2463,69.80494745,61.215301513671875,70.44198105,-0.12305210805409927,0.009125909026094225
2025-11-28,2475,56.64489728,52.61348342895508,59.30012684,-0.07116993841682406,0.046875
2025-11-28,2384,73.58,58.11078643798828,69.3,-0.21023666162016463,-0.05816798042946458
2025-11-28,2422,33.97855934,33.10850524902344,33.6235889,-0.025605973527910053,-0.010446894950667307
2025-11-28,2517,21.82045021,20.218582153320312,21.93963337,-0.0734113201727421,0.005461993627674078
2025-11-28,2555,20.3251872,19.53352928161621,19.37441472,-0.03894960034531869,-0.04677804295942711
2025-11-28,2595,46.2190566,43.89109420776367,48.84359005,-0.0503680205414736,0.05678466076696176
2025-11-28,2558,40.4032563,35.56513595581055,39.26164095,-0.11974580237458377,-0.02825552825552835
2025-11-28,300308,523.380632,456.0171813964844,534.867039,-0.12870833669579818,0.021946564885496178
2025-11-28,300274,180.0633453,152.01268005371094,176.6995355,-0.15578220653156483,-0.018681257945061702
2025-11-28,2601,17.80893387,17.702470779418945,17.7989903,-0.00597807209337764,-0.0005583472920156485
2025-11-28,2916,196.66769564,185.5175323486328,194.1231222,-0.0566954489148922,-0.012938441322146943
2025-11-28,300033,224.35454733,227.32440185546875,222.1839861,0.013237327082568306,-0.009674692382353856
2025-11-28,300014,71.44926498,66.5468521118164,69.28655184,-0.06861390204022211,-0.030269214674292
2025-11-28,300059,23.1843621,23.36279296875,22.27887843,0.007696173307696785,-0.039055793991416454
2025-11-28,300034,15.8642727,15.751026153564453,16.68243016,-0.007138464433705027,0.051572327044025146
2025-11-28,300394,110.59049157,92.5363540649414,133.43021976,-0.16325216796446684,0.20652524340705392
2025-11-28,300191,18.21201984,18.244548797607422,18.08221926,0.0017861257506417427,-0.007127192982456232
2025-11-28,300164,5.57,5.181408882141113,5.93,-0.06976501218292408,0.06463195691202861
2025-11-28,300580,23.39153376,24.312095642089844,23.88880276,0.039354490027670774,0.021258503401360596
2025-11-28,300476,275.39084577,250.6483154296875,272.241194,-0.0898451445295203,-0.011437024208969193
2025-11-28,300474,73.1,71.34883117675781,75.29,-0.023955797855570227,0.029958960328317463
2025-11-28,300433,26.9466597,26.14842414855957,28.0768728,-0.02962280150219998,0.04194260485651213
2025-11-28,300418,43.85,42.68614196777344,39.89,-0.026541802331278563,-0.09030786773090083
2025-11-28,600406,21.64632235,21.748075485229492,21.95989515,0.004700712369715587,0.014486192847442458
2025-11-28,600426,21.38868106,19.39685821533203,21.74655504,-0.0931250898117777,0.016731933072267724
2025-11-28,600316,33.08493573,34.50741195678711,31.69598796,0.04299468006816376,-0.041981274539414026
2025-11-28,600362,36.354524,34.613677978515625,40.52426472,-0.0478852651594166,0.11469661162390676
2025-11-28,600428,6.6355499,6.473544120788574,7.0727384,-0.024414823436325284,0.06588579795021965
2025-11-28,300502,243.1127472,241.7048797607422,266.97460575,-0.005791006253158759,0.09815140845070425
2025-11-28,300760,194.311481,206.1572723388672,197.974,0.060962899762300626,0.018848700967906362
2025-11-28,300750,364.150912,321.8161926269531,376.0701835,-0.1162559751410066,0.03273168103448265
2025-11-28,400,24.8988521,24.14110565185547,24.97805322,-0.03043298723576615,0.0031809145129224614
2025-11-28,426,32.9,28.176403045654297,34.71,-0.14357437551202745,0.05501519756838924
2025-11-28,600160,33.08838555,32.481590270996094,33.62095569,-0.01833861848856222,0.016095380029806483
2025-11-28,600183,57.52852755,50.97544479370117,56.8821396,-0.11391014224383411,-0.011235955056179692
2025-11-28,600118,41.7931448,36.99025344848633,45.96246092,-0.11492055394485823,0.09976076555023927
2025-11-28,600111,44.3073732,43.945030212402344,46.5312184,-0.008177938826616216,0.05019131217645745
2025-11-28,600089,21.03030872,18.914691925048828,21.148346,-0.10059846591501542,0.005612722170252438
2025-11-28,600026,11.7922365,11.590803146362305,11.37317355,-0.01708186175181403,-0.035537190082644554
2025-11-28,600309,64.8382192,64.25869750976562,66.58953984,-0.00893796432697791,0.027010622154780117
2025-11-28,600489,22.14,18.84190559387207,22.13,-0.14896542033098148,-0.0004516711833785214
2025-11-28,600276,61.83760415,59.41096496582031,61.00101875,-0.03924212811177752,-0.013528748590755257
2025-11-28,601808,13.67307054,13.563092231750488,13.9760478,-0.008043424330165916,0.022158684774839177
2025-11-28,601872,8.5156828,8.275803565979004,8.70273248,-0.028169113347081942,0.021965317919075078
2025-11-28,601899,28.180724,25.9930419921875,30.2400846,-0.07763044014811338,0.07307692307692304
2025-11-28,601975,3.1123155,3.0311412811279297,3.082485,-0.0260816163631451,-0.009584664536741117
2025-12-05,2050,44.39365329,39.767601013183594,44.77029067,-0.10420526210350123,0.008484036615315826
2025-12-05,2028,149.3673,136.32073974609375,153.23093416,-0.08734549164312566,0.025866666666666704
2025-12-05,2179,32.754622,35.2775764465332,32.3797197,0.07702590634485729,-0.011445783132529974
2025-12-05,2156,36.70887675,35.74767303466797,36.66892151,-0.026184503597812547,-0.001088435374149821
2025-12-05,21,23.7835364,22.442153930664062,23.6443351,-0.05639962227551398,-0.005852842809364489
2025-12-05,768,23.55168288,23.745811462402344,23.67083136,0.008242662887041341,0.005059021922428242
2025-12-05,603662,62.95957395,64.11121368408203,64.01304117,0.018291733279462985,0.016732438831886354
2025-12-05,603619,21.4824744,19.433818817138672,21.93002595,-0.09536404162368417,0.02083333333333326
2025-12-05,2241,30.04690908,28.633895874023438,29.0936694,-0.04702690723409886,-0.03172504957038991
2025-12-05,2342,7.18357214,7.179482460021973,7.1436079,-0.0005693100728055844,-0.0055632823365785455
2025-12-05,2273,24.17955254,23.861356735229492,23.9706794,-0.01315970608819661,-0.008638420403126235
2025-12-05,2371,449.38383963,396.3286437988281,452.6908507,-0.118062091139848,0.007358989750772649
2025-12-05,2353,66.38162544,52.69618225097656,72.13489872,-0.20616312267606673,0.08666966561703404
2025-12-05,2463,70.44198105,61.803611755371094,70.0936033,-0.12263098177913756,-0.004945598417408492
2025-12-05,2475,59.30012684,51.768035888671875,57.927761,-0.12701643913259664,-0.023142713399295634
2025-12-05,2384,69.3,61.5665397644043,78.76,-0.11159394279358881,0.1365079365079367
2025-12-05,2422,33.6235889,33.729000091552734,31.54306771,0.0031350368893170444,-0.0618768328445749
2025-12-05,2517,21.93963337,20.54372787475586,21.83038214,-0.06362483236173333,-0.004979628791308199
2025-12-05,2555,19.37441472,18.990392684936523,19.7915904,-0.019821090887822024,0.021532298447671572
2025-12-05,2595,48.84359005,47.12038803100586,56.69673949,-0.035280003317326614,0.16078157711095598
2025-12-05,2558,39.26164095,34.044647216796875,41.61436128,-0.1328776283153067,0.059924146649810384
2025-12-05,300308,534.867039,481.4102783203125,586.11639058,-0.0999440174508257,0.09581699346405248
2025-12-05,300274,176.6995355,154.1544189453125,173.2163005,-0.12759012914715606,-0.01971275696986774
2025-12-05,2601,17.7989903,17.745136260986328,17.5006832,-0.0030256794405731924,-0.016759776536312776
2025-12-05,2916,194.1231222,184.75778198242188,192.57252276,-0.04824433128542649,-0.007987711213517712
2025-12-05,300033,222.1839861,223.91065979003906,221.4112944,0.007771368766702702,-0.0034777110338286565
2025-12-05,300014,69.28655184,66.6856460571289,70.27322742,-0.03753839257114766,0.014240506329113778
2025-12-05,300059,22.27887843,22.342458724975586,22.72664508,0.002853837331863618,0.020098258150960335
2025-12-05,300034,16.68243016,16.11029624938965,17.21123925,-0.03429559753123823,0.03169856459330145
2025-12-05,300394,133.43021976,122.57955932617188,156.64787664,-0.08132086159600971,0.17400598546387336
2025-12-05,300191,18.08221926,17.30209732055664,17.7227715,-0.043143041693398776,-0.019878520154610668
2025-12-05,300164,5.93,5.870386600494385,5.5,-0.010052849832312805,-0.07251264755480602
2025-12-05,300580,23.88880276,24.0009822845459,23.55065984,0.004695904004604845,-0.014154870940882525
2025-12-05,300476,272.241194,250.48065185546875,296.087138,-0.07993111485005922,0.0875912408759123
2025-12-05,300474,75.29,75.13834381103516,75.92,-0.002014293916387966,0.008367645105591626
2025-12-05,300433,28.0768728,26.744720458984375,30.38686975,-0.047446606696726734,0.0822740112994349
2025-12-05,300418,39.89,38.17094039916992,39.82,-0.04309500127425614,-0.0017548257708699389
2025-12-05,600406,21.95989515,21.589570999145508,22.2636688,-0.016863657514070263,0.013833110218652411
2025-12-05,600426,21.74655504,19.8875789642334,20.93182066,-0.0854837040785198,-0.03746498599439785
2025-12-05,600316,31.69598796,32.41167068481445,30.86661627,0.02257959984454927,-0.026166456494325252
2025-12-05,600362,40.52426472,33.1412353515625,40.59326736,-0.18218786742831983,0.0017027487229384075
2025-12-05,600428,7.0727384,6.677000999450684,6.80071,-0.0559525007385141,-0.03846153846153855
2025-12-05,300502,266.97460575,222.46751403808594,297.12115709,-0.16670908301140575,0.11291917167668664
2025-12-05,300760,197.974,204.72930908203125,193.7868499,0.03412220332988802,-0.021150000000000002
2025-12-05,300750,376.0701835,353.1284484863281,381.6030799,-0.06100386582142281,0.014712403808530228
2025-12-05,400,24.97805322,23.870317459106445,25.43345966,-0.04434836258602359,0.01823226317875548
2025-12-05,426,34.71,29.82927703857422,33.8,-0.1406143175288327,-0.02621722846441954
2025-12-05,600160,33.62095569,33.228614807128906,35.48495118,-0.011669533920708575,0.05544147843942504
2025-12-05,600183,56.8821396,54.16396713256836,61.56596613,-0.04778604473295234,0.08234265734265733
2025-12-05,600118,45.96246092,40.03691864013672,52.5913736,-0.12892134496838603,0.14422449423537098
2025-12-05,600111,46.5312184,46.265560150146484,45.673592,-0.005709247661856098,-0.018431204457779682
2025-12-05,600089,21.148346,19.976177215576172,21.97460696,-0.05542602643364303,0.039069767441860526
2025-12-05,600026,11.37317355,11.049104690551758,10.9541106,-0.02849414528174876,-0.03684661525278499
2025-12-05,600309,66.58953984,63.217247009277344,67.36681136,-0.050642981447619806,0.011672576832151282
2025-12-05,600489,22.13,21.202159881591797,21.8,-0.04192680155482165,-0.014911884319927626
2025-12-05,600276,61.00101875,61.475521087646484,63.142279,0.0077785969377188735,0.03510204081632651
2025-12-05,601808,13.9760478,13.802054405212402,13.42873404,-0.012449398948649715,-0.03916083916083912
2025-12-05,601872,8.70273248,8.316173553466797,8.0726704,-0.044418109762832,-0.07239819004524883
2025-12-05,601899,30.2400846,28.90680694580078,30.5061264,-0.04408974617085626,0.008797653958944274
2025-12-05,601975,3.082485,3.0582406520843506,2.9929935,-0.007865195748121945,-0.02903225806451626
2025-12-12,2050,44.77029067,42.047340393066406,42.50055488,-0.0608204734922172,-0.05069736550808057
2025-12-12,2028,153.23093416,134.95953369140625,143.5917644,-0.11924093897068588,-0.06290616064465826
2025-12-12,2179,32.3797197,34.91826248168945,33.02099995,0.07839915864649849,0.019804996953077136
2025-12-12,2156,36.66892151,34.97205352783203,35.70999575,-0.0462753719578366,-0.026150912557886152
2025-12-12,21,23.6443351,22.21717071533203,23.7238787,-0.060359675103233035,0.003364171572750152
2025-12-12,768,23.67083136,24.20005989074707,24.24671568,0.022357834530534637,0.02432885906040272
2025-12-12,603662,64.01304117,63.60051345825195,61.83653814,-0.006444432325164562,-0.034000931532370604
2025-12-12,603619,21.93002595,20.384078979492188,21.95986272,-0.07049453448128795,0.0013605442176869431
2025-12-12,2241,29.0936694,28.311466217041016,27.46521828,-0.026885683349346934,-0.055972696245733866
2025-12-12,2342,7.1436079,7.99503231048584,7.2934738,0.11918689021073514,0.020979020979021046
2025-12-12,2273,23.9706794,24.470497131347656,23.74191358,0.0208512125587752,-0.009543568464730368
2025-12-12,2371,452.6908507,440.3973083496094,442.6998807,-0.027156595569318487,-0.02207018318252041
2025-12-12,2353,72.13489872,62.497894287109375,69.5270136,-0.13359697738396747,-0.03615289085138662
2025-12-12,2463,70.0936033,57.227142333984375,67.79431015,-0.1835611291225433,-0.03280318091451284
2025-12-12,2475,57.927761,57.299049377441406,56.66478664,-0.010853373437971991,-0.021802575107295996
2025-12-12,2384,78.76,63.3449821472168,76.35,-0.19572140493630275,-0.030599288979177408
2025-12-12,2422,31.54306771,31.73417854309082,30.58661958,0.006058726907853584,-0.03032197561738037
2025-12-12,2517,21.83038214,22.023284912109375,22.02902074,0.00883643588427696,0.009099181073703333
2025-12-12,2555,19.7915904,18.853160858154297,21.65432832,-0.04741557009211872,0.09411764705882364
2025-12-12,2595,56.69673949,45.81432342529297,55.65374308,-0.19194077406561338,-0.01839605627028973
2025-12-12,2558,41.61436128,32.963932037353516,43.1828415,-0.2078712486884644,0.0376908396946567
2025-12-12,300308,586.11639058,553.27880859375,570.5248416,-0.05602570157397424,-0.026601455326255685
2025-12-12,300274,173.2163005,145.33242797851562,160.5373251,-0.16097718540920092,-0.07319735708129838
2025-12-12,2601,17.5006832,17.22354507446289,18.12,-0.015835846084975125,0.035388149875200225
2025-12-12,2916,192.57252276,176.78359985351562,215.37428632,-0.08198948988253041,0.11840611128316314
2025-12-12,300033,221.4112944,212.98956298828125,219.163464,-0.038036593546597164,-0.010152284263959421
2025-12-12,300014,70.27322742,65.79723358154297,68.3198091,-0.06369415498316999,-0.02779747553538503
2025-12-12,300059,22.72664508,22.322172164916992,22.74654582,-0.017797299762425278,0.0008756567425569628
2025-12-12,300034,17.21123925,17.08403778076172,18.72782381,-0.007390604905935461,0.08811594202898565
2025-12-12,300394,156.64787664,144.57504272460938,156.02750313,-0.07706988549315463,-0.003960305899490035
2025-12-12,300191,17.7227715,15.979358673095703,17.68283286,-0.09837134259189073,-0.0022535211267604716
2025-12-12,300164,5.5,5.189787864685059,5.36,-0.05640220642089844,-0.025454545454545396
2025-12-12,300580,23.55065984,23.99350357055664,22.68541178,0.018803877834644878,-0.036739864864865024
2025-12-12,300476,296.087138,260.34259033203125,288.4365643,-0.12072306790972032,-0.02583892617449668
2025-12-12,300474,75.92,76.64373016357422,75.78,0.009532799836330597,-0.0018440463645943428
2025-12-12,300433,30.38686975,29.053178787231445,28.34455485,-0.04389037020730158,-0.06721044045676994
2025-12-12,300418,39.82,39.55498504638672,39.95,-0.0066553227929000425,0.003264691109994944
2025-12-12,600406,22.2636688,22.275991439819336,22.4400535,0.0005534864864380484,0.007922535211267512
2025-12-12,600426,20.93182066,18.910011291503906,22.60697546,-0.09659022983890275,0.08002910149145159
2025-12-12,600316,30.86661627,32.68574142456055,30.88660113,0.0589350364370389,0.0006474587245062224
2025-12-12,600362,40.59326736,36.36994934082031,40.42568952,-0.10403986409187849,-0.00412821758135018
2025-12-12,600428,6.80071,6.732526779174805,7.0047313,-0.010025897417357155,0.030000000000000027
2025-12-12,300502,297.12115709,248.24600219726562,303.5342545,-0.16449570731151186,0.021584115627475864
2025-12-12,300760,193.7868499,193.7696075439453,195.7665899,-8.897588285050606e-05,0.010216069877918121
2025-12-12,300750,381.6030799,338.2908020019531,364.93572,-0.11350086039503915,-0.043677215352579735
2025-12-12,400,25.43345966,24.346195220947266,25.30475784,-0.042749372424653265,-0.005060334760607188
2025-12-12,426,33.8,32.99187469482422,34.78,-0.023909032697508215,0.028994082840236857
2025-12-12,600160,35.48495118,35.182464599609375,35.3074278,-0.008524362309426436,-0.005002779321845563
2025-12-12,600183,61.56596613,56.55788803100586,60.8599116,-0.08134491203174332,-0.01146826037796811
2025-12-12,600118,52.5913736,45.986839294433594,56.30076516,-0.12558208416078342,0.07053231939163496
2025-12-12,600111,45.673592,44.502586364746094,43.9882564,-0.025638571086195827,-0.036899563318777306
2025-12-12,600089,21.97460696,21.839794158935547,21.26638328,-0.006134935715112033,-0.0322291853178156
2025-12-12,600026,10.9541106,10.894644737243652,11.54859525,-0.005428634503320429,0.05427046263345203
2025-12-12,600309,67.36681136,66.86857604980469,74.32289952,-0.0073958571013967855,0.10325690083248151
2025-12-12,600489,21.8,21.437572479248047,22.72,-0.016625115630823584,0.04220183486238516
2025-12-12,600276,63.142279,60.686885833740234,59.7561,-0.038886673163313734,-0.05362776025236593
2025-12-12,601808,13.42873404,13.278159141540527,13.46782788,-0.011212888572441515,0.0029112081513829047
2025-12-12,601872,8.0726704,7.654026985168457,8.74211136,-0.051859346918405436,0.08292682926829276
2025-12-12,601899,30.5061264,26.74075698852539,30.5159798,-0.12342994197633061,0.0003229974160205984
2025-12-12,601975,2.9929935,2.951263904571533,3.022824,-0.013942427682675063,0.009966777408637828
2025-12-19,2050,42.50055488,39.13195037841797,47.13914156,-0.07926024756837324,0.10914179104477606
2025-12-19,2028,143.5917644,124.24658966064453,154.07734886,-0.1347234280474895,0.07302357836338436
2025-12-19,2179,33.02099995,35.05129623413086,34.42195065,0.06148500309515503,0.042426053181954027
2025-12-19,2156,35.70999575,34.10129928588867,37.57790322,-0.04504891222540475,0.05230769230769239
2025-12-19,21,23.7238787,21.852323532104492,24.658516,-0.07888908856609134,0.039396479463537304
2025-12-19,768,24.24671568,24.422443389892578,25.08075504,0.00724748507021622,0.03439803439803435
2025-12-19,603662,61.83653814,67.18392944335938,65.74231755,0.08647623984468056,0.06316297010607519
2025-12-19,603619,21.95986272,21.06175422668457,22.10904657,-0.040897728039869574,0.006793478260869623
2025-12-19,2241,27.46521828,26.4893856048584,28.52768334,-0.035529762232117235,0.0386840202458425
2025-12-19,2342,7.2934738,6.80891227722168,7.6431609,-0.0664376860829089,0.047945205479452024
2025-12-19,2273,23.74191358,22.918031692504883,24.87579634,-0.03470157890681347,0.04775869291998336
2025-12-19,2371,442.6998807,426.2084655761719,472.7727004,-0.0372519077659379,0.06793048973143767
2025-12-19,2353,69.5270136,64.234375,70.46266704,-0.07612348533261326,0.013457408732999276
2025-12-19,2463,67.79431015,63.72646713256836,72.1042406,-0.06000272011664742,0.06357363089120538
2025-12-19,2475,56.66478664,53.88227081298828,59.10123324,-0.04910484962538497,0.04299754299754288
2025-12-19,2384,76.35,68.01298522949219,85.88,-0.10919469247554425,0.12481990831696144
2025-12-19,2422,30.58661958,31.42528533935547,30.05416392,0.02741936738585693,-0.01740812379110257
2025-12-19,2517,22.02902074,22.471208572387695,21.91976951,0.020072968181684914,-0.004959422903516808
2025-12-19,2555,21.65432832,19.14961814880371,21.82896,-0.11566787637938103,0.008064516129032029
2025-12-19,2595,55.65374308,50.26999282836914,57.41933831,-0.09673653475368105,0.03172464478196968
2025-12-19,2558,43.1828415,35.79817581176758,45.67454109,-0.1710092581154583,0.05770114942528726
2025-12-19,300308,570.5248416,541.881103515625,639.0437564,-0.050205943713240275,0.12009803921568629
2025-12-19,300274,160.5373251,134.9834747314453,167.0758548,-0.15917700355750286,0.04072903105821091
2025-12-19,2601,18.12,17.3890380859375,19.06,-0.04034006148247793,0.05187637969094916
2025-12-19,2916,215.37428632,182.19186401367188,223.147163,-0.15406863499492307,0.03609008676389136
2025-12-19,300033,219.163464,203.26962280273438,227.8738068,-0.07252048725268201,0.039743589743589824
2025-12-19,300014,68.3198091,67.74551391601562,70.62205212,-0.008405983440963327,0.03369803063457333
2025-12-19,300059,22.74654582,22.355722427368164,23.22416358,-0.01718165895272783,0.020997375328083878
2025-12-19,300034,18.72782381,17.929080963134766,19.60584645,-0.04265006201301047,0.046883324453915964
2025-12-19,300394,156.02750313,148.2909698486328,153.1680804,-0.04958442022187093,-0.018326401901192835
2025-12-19,300191,17.68283286,17.599658966064453,18.25195848,-0.004703652101111788,0.032185206098249486
2025-12-19,300164,5.36,5.145806789398193,5.47,-0.039961419888396854,0.020522388059701413
2025-12-19,300580,22.68541178,24.109716415405273,24.49547094,0.06278504658491468,0.07978956597983355
2025-12-19,300476,288.4365643,247.1246337890625,297.58744531,-0.14322709262328248,0.03172580089562538
2025-12-19,300474,75.78,76.4556884765625,75.32,0.00891644862183294,-0.006070203219847081
2025-12-19,300433,28.34455485,26.39873504638672,28.9691463,-0.06864880446740484,0.022035676810073346
2025-12-19,300418,39.95,39.845882415771484,39.79,-0.0026061973524034165,-0.004005006257822408
2025-12-19,600406,22.4400535,22.193326950073242,22.48904925,-0.010994918079262117,0.0021834061135370675
2025-12-19,600426,22.60697546,20.15143394470215,24.07654308,-0.10861875440359559,0.06500505220613007
2025-12-19,600316,30.88660113,32.47736358642578,32.30552619,0.051503318533831166,0.045939825299256
2025-12-19,600362,40.42568952,37.064353942871094,43.29422784,-0.08314850326711032,0.07095830285296256
2025-12-19,600428,7.0047313,6.705967426300049,6.995016,-0.04265172508472259,-0.001386962552011206
2025-12-19,300502,303.5342545,256.63153076171875,319.57769841,-0.15452201207254923,0.052855464159812016
2025-12-19,300760,195.7665899,201.796875,199.3895141,0.03080344354509279,0.018506345755170184
2025-12-19,300750,364.93572,327.0810852050781,365.9265401,-0.10372959598178522,0.0027150537634408334
2025-12-19,400,25.30475784,25.032209396362305,26.41357352,-0.010770640263028763,0.04381846635367759
2025-12-19,426,34.78,32.757904052734375,34.97,-0.05813961895530839,0.0054629097182288255
2025-12-19,600160,35.3074278,34.455482482910156,37.69413102,-0.024129350965913288,0.06759776536312856
2025-12-19,600183,60.8599116,55.808895111083984,70.28723124,-0.08299414764375068,0.15490196078431384
2025-12-19,600118,56.30076516,52.541709899902344,72.71807228,-0.06676739204902227,0.29160007103534014
2025-12-19,600111,43.9882564,45.373077392578125,45.9029572,0.031481606817635344,0.04352754477442766
2025-12-19,600089,21.26638328,20.401912689208984,22.75168572,-0.04064962901350544,0.06984273820536546
2025-12-19,600026,11.54859525,11.652446746826172,11.4803757,0.008992565292836874,-0.005907172995780585
2025-12-19,600309,74.32289952,67.85554504394531,75.47404848,-0.08701698289252502,0.01548848292295446
2025-12-19,600489,22.72,21.890830993652344,23.2,-0.03649511471600597,0.021126760563380254
2025-12-19,600276,59.7561,53.63943099975586,61.150409,-0.10236057909140894,0.023333333333333428
2025-12-19,601808,13.46782788,13.030590057373047,13.4873748,-0.03246535569973086,0.0014513788098693414
2025-12-19,601872,8.74211136,8.377594947814941,8.77164552,-0.04169661048393003,0.0033783783783782884
2025-12-19,601899,30.5159798,26.38507652282715,31.5604402,-0.13536852836600877,0.034226670971908346
2025-12-19,601975,3.022824,3.050504446029663,3.022824,0.009157147763039886,0.0
2025-12-26,2050,47.13914156,41.44294738769531,55.78197828,-0.12083788511622373,0.1833473507148864
2025-12-26,2028,154.07734886,136.59393310546875,150.5124493,-0.11347168084010384,-0.02313707748982108
2025-12-26,2179,34.42195065,35.72045135498047,35.29014545,0.037723042432531884,0.025222126683863477
2025-12-26,2156,37.57790322,36.16626739501953,39.49575474,-0.03756558253705755,0.05103668261562988
2025-12-26,21,24.658516,23.531986236572266,26.19967325,-0.04568522142320863,0.0625
2025-12-26,768,25.08075504,24.810152053833008,25.70628456,-0.010789267936129554,0.02494061757719712
2025-12-26,603662,65.74231755,66.47317504882812,70.18476894,0.01111700235198243,0.06757369614512476
2025-12-26,603619,22.10904657,21.6292781829834,23.42186445,-0.02170009391845984,0.05937921727395423
2025-12-26,2241,28.52768334,27.385028839111328,29.16317646,-0.04005423389169849,0.022276366167768957
2025-12-26,2342,7.6431609,7.129822254180908,8.66224902,-0.06716313479925451,0.13333333333333353
2025-12-26,2273,24.87579634,24.788270950317383,25.363167,-0.0035184959904932533,0.019592163134745988
2025-12-26,2371,472.7727004,455.61151123046875,474.08151747,-0.03629902732330281,0.0027683854606930236
2025-12-26,2353,70.46266704,68.53214263916016,71.44808928,-0.027397833234781288,0.013985026133634726
2025-12-26,2463,72.1042406,62.17758560180664,75.59797175,-0.13767089030535262,0.048453892876863636
2025-12-26,2475,59.10123324,53.24750900268555,58.2261014,-0.09904572064585315,-0.014807336362106738
2025-12-26,2384,85.88,77.9373550415039,84.66,-0.09248538610265589,-0.014205868653935694
2025-12-26,2422,30.05416392,31.486637115478516,29.75835522,0.047663052590368515,-0.009842519685039464
2025-12-26,2517,21.91976951,21.66992950439453,23.16126076,-0.011397930324563266,0.05663797009515181
2025-12-26,2555,21.82896,20.322940826416016,25.18576896,-0.06899179684162615,0.1537777777777778
2025-12-26,2595,57.41933831,47.276668548583984,57.96469591,-0.17664205231096497,0.009497803632909863
2025-12-26,2558,45.67454109,33.163368225097656,44.25496722,-0.2739200562573697,-0.031080199956531218
2025-12-26,300308,639.0437564,561.9497680664062,622.77301118,-0.12063960810429686,-0.025461081587996204
2025-12-26,300274,167.0758548,164.28802490234375,171.0069343,-0.01668601307468065,0.023528710984036305
2025-12-26,2601,19.06,17.622697830200195,19.68,-0.0754093478383947,0.03252885624344182
2025-12-26,2916,223.147163,194.55157470703125,240.95917708,-0.128146770537113,0.07982182628062362
2025-12-26,300033,227.8738068,215.4212188720703,233.28967317,-0.05464685960532123,0.0237669543773118
2025-12-26,300014,70.62205212,68.23318481445312,68.73839874,-0.03382608171011159,-0.026672311600338894
2025-12-26,300059,23.22416358,22.57367515563965,23.63212875,-0.028009121711514817,0.01756640959725786
2025-12-26,300034,19.60584645,17.475942611694336,19.81537458,-0.10863615828765538,0.010687022900763399
2025-12-26,300394,153.1680804,146.90216064453125,145.1816628,-0.040908782946846634,-0.05214152700186225
2025-12-26,300191,18.25195848,18.384830474853516,18.99082332,0.007279876019831821,0.040481400437636816
2025-12-26,300164,5.47,5.218006134033203,5.87,-0.04606834843999941,0.07312614259597816
2025-12-26,300580,24.49547094,24.08027458190918,25.87787876,-0.016949923482092566,0.056435241575314654
2025-12-26,300476,297.58744531,293.40679931640625,308.01011,-0.014048462256997296,0.03502387232479709
2025-12-26,300474,75.32,75.67713165283203,74.0,0.004741524865003122,-0.017525225703664327
2025-12-26,300433,28.9691463,27.817995071411133,31.7649366,-0.03973714712431364,0.0965092402464065
2025-12-26,300418,39.79,39.05802536010742,43.77,-0.018395944707026324,0.10002513194269924
2025-12-26,600406,22.48904925,22.401317596435547,22.68503225,-0.0039010832600873124,0.008714596949890963
2025-12-26,600426,24.07654308,21.552675247192383,23.84049854,-0.10482683599640819,-0.009803921568627527
2025-12-26,600316,32.30552619,32.18170166015625,34.5738078,-0.003832921002911327,0.0702134240643364
2025-12-26,600362,43.29422784,35.058929443359375,53.5263336,-0.1902170059961652,0.23633879781420775
2025-12-26,600428,6.995016,6.842566013336182,6.8687171,-0.021794086913284882,-0.018055555555555602
2025-12-26,300502,319.57769841,262.5318603515625,304.34035017,-0.1785038140716907,-0.04767963570615408
2025-12-26,300760,199.3895141,203.94468688964844,197.578052,0.022845598527131417,-0.009085041950057104
2025-12-26,300750,365.9265401,348.6333923339844,370.331275,-0.0472585228753557,0.012037210798638176
2025-12-26,400,26.41357352,25.851848602294922,26.235371,-0.021266524852449398,-0.006746626686656598
2025-12-26,426,34.97,34.1796760559082,39.16,-0.022600055593131163,0.11981698598798962
2025-12-26,600160,37.69413102,35.51250457763672,37.21087293,-0.05787708545942438,-0.012820512820512775
2025-12-26,600183,70.28723124,61.216636657714844,72.84294975,-0.1290503896975691,0.036361063950198114
2025-12-26,600118,72.71807228,50.94435119628906,99.4336902,-0.29942654420034,0.3673862230166369
2025-12-26,600111,45.9029572,44.47053909301758,46.720694,-0.031205355697267012,0.01781446882467952
2025-12-26,600089,22.75168572,21.073362350463867,22.50577472,-0.07376698984817609,-0.01080847384349326
2025-12-26,600026,11.4803757,11.279780387878418,11.39266485,-0.017472887417924965,-0.007640067911714787
2025-12-26,600309,75.47404848,68.1314697265625,76.08405904,-0.09728613876309045,0.008082388215356673
2025-12-26,600489,23.2,20.91496467590332,24.22,-0.09849290190071891,0.043965517241379315
2025-12-26,600276,61.150409,59.70106887817383,62.8235798,-0.023701233491769003,0.02736156351791519
2025-12-26,601808,13.4873748,13.48044490814209,13.81967244,-0.0005138058340241614,0.02463768115942022
2025-12-26,601872,8.77164552,8.504769325256348,8.83071384,-0.030424872292793226,0.006734006734006703
2025-12-26,601899,31.5604402,30.87874984741211,34.881036,-0.021599519787049437,0.105213862004371
2025-12-26,601975,3.022824,3.0328938961029053,3.0526545,0.0033312875982542955,0.009868421052631637
2026-01-02,2050,54.82056181,45.978172302246094,56.63436814,-0.16129695165110358,0.0330862411860422
2026-01-02,2028,153.93793938,143.3746795654297,158.8770181,-0.06862024954416601,0.03208486965521695
2026-01-02,2179,34.9645724,35.533203125,38.36829065,0.016263053884794543,0.09734762979683964
2026-01-02,2156,37.6578137,36.80583953857422,41.78319223,-0.022624100491149268,0.10954907161803717
2026-01-02,21,25.1357776,23.272953033447266,26.63716305,-0.07411048093267403,0.05973101265822778
2026-01-02,768,25.19990352,25.541824340820312,29.75733288,0.01356833848784178,0.18085106382978733
2026-01-02,603662,71.556264,70.04002380371094,69.41951445,-0.02118948239512697,-0.029861111111111227
2026-01-02,603619,22.92458495,20.772911071777344,24.30702196,-0.09385879320893253,0.06030368763557492
2026-01-02,2241,28.52768334,29.034252166748047,29.70930336,0.01775709652657853,0.041420118343195256
2026-01-02,2342,9.1917752,8.321836471557617,10.97018388,-0.09464316843196763,0.19347826086956532
2026-01-02,2273,24.98520608,24.158538818359375,25.49246942,-0.03308626949058269,0.02030254777070062
2026-01-02,2371,458.66545076,429.13037109375,497.0507575,-0.06439351300018548,0.08368911736516504
2026-01-02,2353,70.50248208,65.09419250488281,76.0467264,-0.07671062657028627,0.07863899477622494
2026-01-02,2463,72.73132055,62.99934387207031,69.67555,-0.13380723193715882,-0.04201450663747097
2026-01-02,2475,56.39628028,52.37505340576172,55.3421442,-0.07130305144724836,-0.01869158878504673
2026-01-02,2384,84.65,73.91073608398438,81.46,-0.12686667355009607,-0.03768458357944493
2026-01-02,2422,28.93995115,32.31491470336914,33.36722136,0.11661953179797058,0.1529812606473595
2026-01-02,2517,21.72113091,21.243040084838867,25.05825939,-0.02201040208919458,0.1536351165980796
2026-01-02,2555,22.8961536,20.394851684570312,26.47610304,-0.10924550730781646,0.15635593220338984
2026-01-02,2595,57.61021347,49.69186019897461,57.3307177,-0.13744703923287493,-0.004851496864276328
2026-01-02,2558,42.97437261,37.13412857055664,46.4587812,-0.13590062366807787,0.08108108108108092
2026-01-02,300308,609.27898,521.267578125,582.5106576,-0.14445172862356104,-0.04393442622950838
2026-01-02,300274,170.2207184,161.791259765625,168.2402505,-0.04952075583752802,-0.011634705332086104
2026-01-02,2601,19.58,18.234256744384766,20.39,-0.06873050335113551,0.04136874361593468
2026-01-02,2916,230.89022046,227.2991943359375,230.8504615,-0.015552958964256458,-0.00017219854492234177
2026-01-02,300033,226.31437446,230.9217071533203,249.7901532,0.020358108954915854,0.10373083369544966
2026-01-02,300014,65.53917792,60.9105224609375,69.00749208,-0.07062425263729188,0.05291970802919721
2026-01-02,300059,23.06495766,23.22614097595215,24.01024281,0.0069882337669180394,0.040983606557376984
2026-01-02,300034,19.53600374,18.025020599365234,21.0525883,-0.0773435120480156,0.07763023493360555
2026-01-02,300394,144.77521119,140.53305053710938,141.901527,-0.02930170585158598,-0.019849283357139424
2026-01-02,300191,18.45165168,18.372203826904297,20.00925864,-0.004305731241492028,0.08441558441558428
2026-01-02,300164,5.52,5.491574287414551,6.57,-0.005149585613305918,0.1902173913043479
2026-01-02,300580,26.14640402,26.21375274658203,26.07678636,0.0025758313277235434,-0.0026626093571699982
2026-01-02,300476,285.73402398,293.32037353515625,292.9076788,0.026550389237815164,0.0251060574448847
2026-01-02,300474,71.87,69.97110748291016,75.55,-0.02642121214818216,0.051203561986920665
2026-01-02,300433,30.01013205,28.872472763061523,38.35784635,-0.03790917297674723,0.27816319788569555
2026-01-02,300418,41.7,40.364315032958984,54.02,-0.03203081455733858,0.29544364508393284
2026-01-02,600406,22.0284892,22.11444854736328,23.2043872,0.0039021898679860723,0.053380782918149405
2026-01-02,600426,23.93187062,21.122285842895508,25.32529484,-0.11739929659976134,0.05822462615335655
2026-01-02,600316,34.88357313,34.45486068725586,38.93050728,-0.012289808763181087,0.1160126038384417
2026-01-02,600362,54.13749984,41.195594787597656,55.694988,-0.23905620116649884,0.02876911871813559
2026-01-02,600428,6.897863,6.796380043029785,6.9270089,-0.014712231450554336,0.004225352112676051
2026-01-02,300502,307.37212592,296.099609375,284.07382098,-0.03667384123156925,-0.07579836613442248
2026-01-02,300760,188.5207415,206.3738250732422,201.6167216,0.0947008983265758,0.06946705171961143
2026-01-02,300750,360.2857326,342.712646484375,362.2183223,-0.04877541497080373,0.005364047268964667
2026-01-02,400,25.45325994,25.469776153564453,27.44318808,0.0006488840173473065,0.07817969661610258
2026-01-02,426,35.6,30.460277557373047,42.27,-0.14437422591648752,0.18735955056179776
2026-01-02,600160,37.89137922,35.38451385498047,37.28977221,-0.06615925354589214,-0.0158771473191045
2026-01-02,600183,71.01317463,63.31826400756836,70.22756466,-0.10835891596910618,-0.011062876347850414
2026-01-02,600118,94.9344282,65.1705551147461,106.0326078,-0.31352032818431097,0.11690363349131117
2026-01-02,600111,45.9927088,43.00662612915039,49.2736284,-0.06492513158628332,0.07133564614050303
2026-01-02,600089,21.85656968,22.260177612304688,24.53208136,0.018466206646965855,0.12241224122412242
2026-01-02,600026,11.3829192,11.246347427368164,12.38672115,-0.01199795678351434,0.08818493150684925
2026-01-02,600309,75.44453184,69.59541320800781,78.0715128,-0.07752872858163906,0.03482003129890443
2026-01-02,600489,23.36,22.467668533325195,24.93,-0.038199121004914516,0.06720890410958913
2026-01-02,600276,59.32784795,59.16986846923828,63.5207343,-0.0026628216970697727,0.0706731576296793
2026-01-02,601808,13.72193784,13.64976978302002,14.21061084,-0.005259319625367187,0.03561253561253541
2026-01-02,601872,8.84055856,8.593335151672363,9.67735976,-0.027964681942860947,0.09465478841870834
2026-01-02,601899,33.9646698,30.124244689941406,36.6743548,-0.11307117462565752,0.07977951842181596
2026-01-02,601975,3.002937,3.0717477798461914,3.201807,0.022914493326430474,0.0662251655629138
2026-01-09,2050,53.88887987,48.81873321533203,54.22555716,-0.09408521139981096,0.0062476208600401595
2026-01-09,2028,152.24510998,133.1608428955078,168.287158,-0.12535224998030625,0.10536987376545226
2026-01-09,2179,37.9835225,36.837562561035156,36.27673045,-0.030169922733333743,-0.04493506493506483
2026-01-09,2156,39.95524,37.928955078125,42.5523306,-0.05071387186949705,0.06499999999999995
2026-01-09,21,26.6073342,24.53345489501953,27.9396895,-0.0779438965734669,0.05007473841554555
2026-01-09,768,29.5885392,26.641508102416992,28.5956352,-0.0996004256128673,-0.03355704697986572
2026-01-09,603662,68.7735204,67.94926452636719,67.72005318,-0.011985076070539558,-0.01531791907514457
2026-01-09,603619,22.92458495,21.445953369140625,26.07733698,-0.06449981904075319,0.13752711496746195
2026-01-09,2241,29.07381024,28.73334503173828,30.62282472,-0.011710374575992222,0.05327868852459017
2026-01-09,2342,9.97107788,9.18660831451416,12.5887356,-0.07867449988123443,0.26252505010020055
2026-01-09,2273,25.20402556,24.687437057495117,26.17876688,-0.02049626958499584,0.03867403314917128
2026-01-09,2371,506.21247699,449.67218017578125,506.27242281,-0.11169281553551214,0.00011842027355091211
2026-01-09,2353,72.87147696,68.79402923583984,80.5259184,-0.055953960236023614,0.1050402950416609
2026-01-09,2463,70.89984895,64.54898071289062,75.39889875,-0.08957520123333607,0.06345640881650971
2026-01-09,2475,54.85485488,51.31075668334961,57.05262916,-0.06460865140202132,0.04006526468455407
2026-01-09,2384,81.11,67.87923431396484,79.38,-0.16312126354376966,-0.02132905930218232
2026-01-09,2422,32.98267005,36.84669876098633,32.2431483,0.11715330217743625,-0.022421524663677195
2026-01-09,2517,24.20411341,22.112049102783203,27.32273943,-0.0864342466001029,0.12884694296265886
2026-01-09,2555,26.01041856,22.08074378967285,28.377648,-0.15108079715296785,0.09101081685938084
2026-01-09,2595,55.44241701,50.327354431152344,56.55358312,-0.09225901132566183,0.020041804992007917
2026-01-09,2558,45.27745749,39.08260726928711,45.71424945,-0.13681974572183275,0.009647007235255245
2026-01-09,300308,594.7461781,434.06695556640625,624.28122636,-0.2701643633035289,0.04965992106809991
2026-01-09,300274,170.1311495,154.74827575683594,164.6674466,-0.09041773824706956,-0.03211465340742903
2026-01-09,2601,20.32,19.3021297454834,19.84,-0.05009204008447843,-0.023622047244094557
2026-01-09,2916,235.571838,202.3868408203125,221.159215,-0.14086996757094328,-0.06118143459915626
2026-01-09,300033,243.97389204,240.6149444580078,272.7601701,-0.013767651751202536,0.1179891742485315
2026-01-09,300014,68.768298,65.51972198486328,67.6719918,-0.04723944185933937,-0.01594202898550723
2026-01-09,300059,23.880888,24.307905197143555,23.94059022,0.017881127248850825,0.0025000000000001688
2026-01-09,300034,20.952813,17.704465866088867,22.39955485,-0.1550315527519447,0.06904761904761925
2026-01-09,300394,139.22750325,135.78944396972656,138.10797864,-0.02469382270038989,-0.008040973111395733
2026-01-09,300191,19.45011768,20.17026138305664,22.34566908,0.03702515917408267,0.14887063655030786
2026-01-09,300164,6.03,6.103544235229492,8.06,0.012196390585321959,0.33665008291873977
2026-01-09,300580,25.6093535,25.707151412963867,25.62924426,0.0038188356829806924,0.0007766990291262488
2026-01-09,300476,293.8019017,302.6426696777344,281.25297367,0.030090914750993347,-0.042712208319242384
2026-01-09,300474,74.87,74.24241638183594,75.0,-0.008382310914439306,0.001736342994523854
2026-01-09,300433,33.6089685,29.1878662109375,38.08025015,-0.1315453132416874,0.13303834808259563
2026-01-09,300418,45.02,40.570858001708984,62.31,-0.09882589956221721,0.3840515326521545
2026-01-09,600406,23.13579315,21.901206970214844,23.321977,-0.05336260450552821,0.008047437526471857
2026-01-09,600426,25.2034654,22.082006454467773,26.0791145,-0.12385038707939844,0.03474320241691853
2026-01-09,600316,37.76139297,36.0540657043457,41.60847852,-0.045213566856781684,0.10187880391637982
2026-01-09,600362,54.24593256,44.440486907958984,61.116624,-0.1807590945403228,0.12665818644375793
2026-01-09,600428,6.8784324,6.767935276031494,7.3059056,-0.016064288713298458,0.062146892655367214
2026-01-09,300502,292.71973206,263.7095947265625,285.3436,-0.09910550658570283,-0.025198615782034528
2026-01-09,300760,199.6666777,207.34518432617188,202.0126696,0.03845662538497718,0.011749541420851717
2026-01-09,300750,362.1987021,361.0353088378906,347.0322875,-0.0032120304555596224,-0.04187318870019774
2026-01-09,400,27.0273822,25.446544647216797,28.48270278,-0.058490220809590876,0.05384615384615388
2026-01-09,426,40.92,35.806671142578125,49.85,-0.12495916073856006,0.21823069403714568
2026-01-09,600160,37.41798354,36.97806167602539,36.6881652,-0.011756963426538758,-0.01950448075909339
2026-01-09,600183,71.04300792,61.616539001464844,67.96023462,-0.13268679345826817,-0.043393057110862276
2026-01-09,600118,101.983272,73.098388671875,106.81247988,-0.2832315806471183,0.0473529411764706
2026-01-09,600111,48.5755604,47.810733795166016,50.2908132,-0.015745090710965526,0.035311024430301874
2026-01-09,600089,23.6566382,22.097702026367188,28.02401756,-0.06589846623400664,0.18461538461538463
2026-01-09,600026,12.2210451,11.608802795410156,13.92653385,-0.05009737707210027,0.1395534290271132
2026-01-09,600309,78.40603472,67.78009796142578,78.17974048,-0.1355244758457823,-0.0028861839628558927
2026-01-09,600489,24.25,22.931123733520508,26.2,-0.05438665016410282,0.08041237113402055
2026-01-09,600276,63.341466,64.2553939819336,62.91321395,0.014428589037291939,-0.006761006289308091
2026-01-09,601808,13.9760478,14.006963729858398,15.20750376,0.002212065263428764,0.08811188811188808
2026-01-09,601872,9.4509312,8.830190658569336,11.21313608,-0.0656803576594297,0.1864583333333334
2026-01-09,601899,35.767842,34.20722198486328,37.689255,-0.04363193102722607,0.05371900826446274
2026-01-09,601975,3.1918635,3.1613035202026367,3.341016,-0.009574337936870903,0.04672897196261672
2026-01-16,2050,54.22555716,48.22856140136719,55.65594372,-0.11059352955909418,0.026378457592965754
2026-01-16,2028,168.287158,158.8827362060547,190.22423546,-0.05588318149591254,0.1303550295857987
2026-01-16,2179,36.27673045,37.14096450805664,36.3260597,0.023823372374966567,0.0013598041881968115
2026-01-16,2156,42.5523306,38.197975158691406,55.937336,-0.10232942308707749,0.31455399061032874
2026-01-16,21,27.9396895,24.572338104248047,31.33023545,-0.12052214809874506,0.1213523131672598
2026-01-16,768,28.5956352,26.75438117980957,30.84952728,-0.06438933799905344,0.07881944444444455
2026-01-16,603662,67.72005318,67.08866119384766,71.18854431,-0.009323560105218731,0.051218080422659185
2026-01-16,603619,26.07733698,22.08560562133789,28.63335361,-0.153072814211189,0.09801678108314271
2026-01-16,2241,30.62282472,29.439952850341797,28.795782,-0.03862713124846584,-0.05966277561608302
2026-01-16,2342,12.5887356,9.214673042297363,12.29899486,-0.26802235465987834,-0.023015873015872934
2026-01-16,2273,26.17876688,25.103710174560547,25.39300602,-0.04106597955386404,-0.030015197568389107
2026-01-16,2371,506.27242281,448.9075927734375,500.10799432,-0.11330822587208367,-0.012176109565251725
2026-01-16,2353,80.5259184,73.5599365234375,88.34957376,-0.08650608418968986,0.09715698393077887
2026-01-16,2463,75.39889875,65.68499755859375,75.9861641,-0.12883346245698646,0.007788778877887648
2026-01-16,2475,57.05262916,53.27095031738281,56.09793988,-0.06628404156470591,-0.016733484399512055
2026-01-16,2384,79.38,70.8614273071289,75.93,-0.10731384092808127,-0.04346182917611474
2026-01-16,2422,32.2431483,33.315059661865234,31.3557222,0.033244624622007946,-0.02752293577981657
2026-01-16,2517,27.32273943,24.3447322845459,24.829825,-0.10899372491853021,-0.09123954925481637
2026-01-16,2555,28.377648,22.099069595336914,27.2619456,-0.22125083814779456,-0.03931623931623929
2026-01-16,2595,56.55358312,49.12623596191406,57.52840983,-0.1313329191242576,0.017237222757955584
2026-01-16,2558,45.71424945,42.64881896972656,48.98026206,-0.06705634495052248,0.07144408251900125
2026-01-16,300308,624.28122636,541.2196044921875,620.265978,-0.1330516093718217,-0.006431794182586104
2026-01-16,300274,164.6674466,162.78004455566406,159.6117798,-0.011461901446256695,-0.03070228454007018
2026-01-16,2601,19.84,19.466577529907227,22.0,-0.018821697081289,0.1088709677419355
2026-01-16,2916,221.159215,192.60723876953125,264.397084,-0.12910145403829876,0.19550561797752808
2026-01-16,300033,272.7601701,250.72259521484375,251.60949093,-0.08079469549046248,-0.07754313674993563
2026-01-16,300014,67.6719918,64.54464721679688,64.6322337,-0.04621327819706833,-0.0449189985272459
2026-01-16,300059,23.94059022,24.80167579650879,23.19431247,0.035967600155047075,-0.03117206982543641
2026-01-16,300034,22.39955485,19.028915405273438,23.4471955,-0.15047796562468574,0.04677060133630273
2026-01-16,300394,138.10797864,140.01483154296875,142.60033854,0.013806971340441176,0.032527881040892215
2026-01-16,300191,22.34566908,21.217336654663086,23.09451858,-0.050494456948116384,0.03351206434316345
2026-01-16,300164,8.06,7.07707405090332,7.64,-0.1219511103097618,-0.052109181141439254
2026-01-16,300580,25.62924426,27.688899993896484,26.43482004,0.08036349854884417,0.03143189755529696
2026-01-16,300476,281.25297367,225.57666015625,273.12548109,-0.19795813280565056,-0.028897445861447824
2026-01-16,300474,75.0,74.04753112792969,78.38,-0.012699584960937482,0.04506666666666659
2026-01-16,300433,38.08025015,31.928300857543945,36.7418399,-0.16155222899595512,-0.03514709711012742
2026-01-16,300418,62.31,49.28757095336914,53.45,-0.20899420713578654,-0.14219226448403144
2026-01-16,600406,23.321977,22.571821212768555,24.7918495,-0.0321651885357509,0.06302521008403361
2026-01-16,600426,26.0791145,22.480615615844727,29.44465278,-0.1379839366921478,0.1290510948905108
2026-01-16,600316,41.60847852,37.45802307128906,40.968963,-0.09975023351829437,-0.015369836695484973
2026-01-16,600362,61.116624,52.07103729248047,59.4408456,-0.14800533988133135,-0.02741935483870961
2026-01-16,600428,7.3059056,6.687783718109131,7.383628,-0.0846057854745439,0.010638297872340496
2026-01-16,300502,285.3436,245.8642578125,292.2631823,-0.13835720229050164,0.024250000000000105
2026-01-16,300760,202.0126696,205.72108459472656,191.539845,0.018357338686080915,-0.051842414739317944
2026-01-16,300750,347.0322875,353.503173828125,339.233258,0.01864635240352097,-0.02247349823321565
2026-01-16,400,28.48270278,26.21956443786621,30.8884368,-0.07945658667347122,0.08446298227320126
2026-01-16,426,49.85,40.676700592041016,52.66,-0.1840180422860378,0.05636910732196587
2026-01-16,600160,36.6881652,36.04686737060547,38.44367418,-0.017479692045066608,0.0478494623655914
2026-01-16,600183,67.96023462,65.03266906738281,73.6882263,-0.04307762574668372,0.08428446005267776
2026-01-16,600118,106.81247988,76.26976013183594,98.983764,-0.28594710826373204,-0.07329401853411965
2026-01-16,600111,50.2908132,45.75895690917969,49.961724,-0.09011300479071027,-0.0065437239738251884
2026-01-16,600089,28.02401756,23.26040267944336,28.4273116,-0.16998329630495146,0.014391014391014423
2026-01-16,600026,13.92653385,12.090646743774414,14.0532273,-0.13182656402516024,0.009097270818754222
2026-01-16,600309,78.17974048,68.5299301147461,83.9256464,-0.12343108721015172,0.07349609866599538
2026-01-16,600489,26.2,24.23827362060547,29.18,-0.07487505264864625,0.11374045801526722
2026-01-16,600276,62.91321395,61.90635681152344,59.1983764,-0.016003905622700487,-0.05904701598860218
2026-01-16,601808,15.20750376,14.058793067932129,15.2954649,-0.0755357822162308,0.005784061696658238
2026-01-16,601872,11.21313608,9.051340103149414,10.88826032,-0.19279137980911631,-0.028972783143107916
2026-01-16,601899,37.689255,33.89963150024414,37.1079044,-0.10054917508334571,-0.015424836601307224
2026-01-16,601975,3.341016,3.190690279006958,3.3907335,-0.04499401409422832,0.014880952380952328
2026-01-23,2050,55.65594372,51.62833023071289,49.73573268,-0.07236627788668304,-0.10637158665000901
2026-01-23,2028,190.22423546,156.9447479248047,185.10591598,-0.17494872540672268,-0.026906768570381545
2026-01-23,2179,36.3260597,37.23368453979492,33.9977191,0.0249855020690537,-0.06409560021727334
2026-01-23,2156,55.937336,44.242332458496094,51.41240507,-0.2090733019803429,-0.08089285714285721
2026-01-23,21,31.33023545,26.884044647216797,30.91263155,-0.14191373728674617,-0.013329101872421423
2026-01-23,768,30.84952728,27.908275604248047,28.80414504,-0.09534187182371479,-0.06630189893788219
2026-01-23,603662,71.18854431,67.56861877441406,65.47398156,-0.05084983224017736,-0.08027362836800223
2026-01-23,603619,28.63335361,21.92424201965332,37.06721393,-0.23431106540044155,0.2945467176102814
2026-01-23,2241,28.795782,28.20545768737793,25.95592212,-0.020500374416713818,-0.09862068965517234
2026-01-23,2342,12.29899486,9.953503608703613,14.12735884,-0.19070592987436918,0.1486596263200648
2026-01-23,2273,25.39300602,23.717872619628906,23.94084038,-0.06596829847760954,-0.05718762240501374
2026-01-23,2371,500.10799432,460.9931640625,474.94074089,-0.07821276744572869,-0.05032363752597091
2026-01-23,2353,88.34957376,69.59436798095703,90.20097312,-0.21228405504242887,0.02095538530869767
2026-01-23,2463,75.9861641,69.77098083496094,68.82948975,-0.08179361780731154,-0.09418391406864035
2026-01-23,2475,56.09793988,51.735084533691406,51.60294452,-0.07777211347941204,-0.0801276369438042
2026-01-23,2384,75.93,74.61672973632812,75.18,-0.017295802234582935,-0.009877518767285709
2026-01-23,2422,31.3557222,32.75891876220703,30.90214886,0.044750892779852336,-0.014465408805031443
2026-01-23,2517,24.829825,24.18315887451172,24.93907623,-0.026043926023976427,0.0043999999999999595
2026-01-23,2555,27.2619456,22.470014572143555,25.78727808,-0.17577362592405898,-0.05409252669039144
2026-01-23,2595,57.52840983,50.996124267578125,60.07795661,-0.11354886362625327,0.04431804716198595
2026-01-23,2558,48.98026206,48.303863525390625,43.5799251,-0.013809614447975016,-0.11025537089582493
2026-01-23,300308,620.265978,543.3392944335938,613.1244293,-0.12402209099788197,-0.011513687600644196
2026-01-23,300274,159.6117798,152.1758575439453,145.5793188,-0.046587553032565565,-0.08791619902731007
2026-01-23,2601,22.0,18.982234954833984,22.63,-0.13717113841663708,0.02863636363636357
2026-01-23,2916,264.397084,245.62294006347656,230.56220904,-0.07100737894871578,-0.12796992481203007
2026-01-23,300033,251.60949093,256.8055419921875,251.2652919,0.020651252236081552,-0.001367989056087593
2026-01-23,300014,64.6322337,64.76075744628906,60.50613582,0.0019885394474470353,-0.06383962991518899
2026-01-23,300059,23.19431247,21.721067428588867,23.02515618,-0.06351751289531249,-0.007293007293007303
2026-01-23,300034,23.4471955,20.44255256652832,21.33195914,-0.12814508811817937,-0.09021276595744687
2026-01-23,300394,142.60033854,130.19187927246094,159.728352,-0.08701563681111757,0.12011201120112025
2026-01-23,300191,23.09451858,20.35911750793457,35.88486804,-0.11844373644724093,0.5538261997405967
2026-01-23,300164,7.64,6.3724751472473145,13.24,-0.16590639433935672,0.7329842931937174
2026-01-23,300580,26.43482004,26.62870216369629,24.32639948,0.00733434626764673,-0.07975921745673453
2026-01-23,300476,273.12548109,261.887939453125,256.0458237,-0.04114424473332834,-0.06253410455091113
2026-01-23,300474,78.38,75.97026062011719,76.48,-0.030744314619581603,-0.024240877774942438
2026-01-23,300433,36.7418399,32.495361328125,37.2177191,-0.11557610025607357,0.012951969778737027
2026-01-23,300418,53.45,50.74646759033203,56.61,-0.05058058764579931,0.05912067352666028
2026-01-23,600406,24.7918495,22.832672119140625,24.6154648,-0.07902505945993965,-0.007114624505928813
2026-01-23,600426,29.44465278,22.410606384277344,28.7060618,-0.2388904514608664,-0.025084044478924206
2026-01-23,600316,40.968963,37.392333984375,41.3686602,-0.08730094085185902,0.009756097560975618
2026-01-23,600362,59.4408456,50.0592041015625,69.46594344,-0.15783156184503377,0.16865671641791047
2026-01-23,600428,7.383628,6.779282093048096,7.6556564,-0.08184945218690654,0.03684210526315779
2026-01-23,300502,292.2631823,282.5706481933594,280.350087,-0.03316371918749417,-0.04076153282889927
2026-01-23,300760,191.539845,198.06112670898438,191.4210606,0.034046606380956135,-0.0006201550387597843
2026-01-23,300750,339.233258,335.8038635253906,335.3975089,-0.010109251949021347,-0.011307113938692881
2026-01-23,400,30.8884368,25.735410690307617,30.06672518,-0.16682702796058568,-0.02660256410256412
2026-01-23,426,52.66,42.20119857788086,68.36,-0.19860997763234212,0.2981390049373338
2026-01-23,600160,38.44367418,36.679443359375,39.7227392,-0.045891316536618376,0.03327114401217712
2026-01-23,600183,73.6882263,64.96788024902344,69.0143442,-0.11834110398415931,-0.06342780026990558
2026-01-23,600118,98.983764,76.5033187866211,93.34468896,-0.22711245061744567,-0.05696969696969689
2026-01-23,600111,49.961724,49.07523727416992,55.9551364,-0.01774331738092294,0.11996007984031953
2026-01-23,600089,28.4273116,26.821090698242188,27.2469388,-0.05650273667657735,-0.04152249134948094
2026-01-23,600026,14.0532273,13.116581916809082,15.3201618,-0.06664984228860493,0.09015256588072118
2026-01-23,600309,83.9256464,71.89737701416016,86.1885888,-0.14332054505140934,0.02696365767878084
2026-01-23,600489,29.18,23.657018661499023,41.0,-0.18927283545239815,0.4050719671007539
2026-01-23,600276,59.1983764,57.55999755859375,57.87378285,-0.02767607730211752,-0.022375504710632654
2026-01-23,601808,15.2954649,14.069257736206055,16.82012466,-0.08016802181631932,0.09968051118210863
2026-01-23,601872,10.88826032,9.514739036560059,10.85872616,-0.1261469916288649,-0.002712477396021762
2026-01-23,601899,37.1079044,33.03593444824219,42.813023,-0.10973322308542477,0.15374402549123745
2026-01-23,601975,3.3907335,3.147197723388672,3.6691515,-0.07182392146458227,0.08211143695014655
2026-01-30,2050,49.73573268,47.223419189453125,49.75559916,-0.05051324983410044,0.00039944078290399254
2026-01-30,2028,185.10591598,159.91302490234375,191.56854116,-0.13609986987330125,0.034913120662757535
2026-01-30,2179,33.9977191,35.085086822509766,34.36275555,0.03198354922903546,0.010737086477075053
2026-01-30,2156,51.41240507,45.25720977783203,47.66660132,-0.11972198701436798,-0.07285797551972029
2026-01-30,21,30.91263155,28.54111671447754,27.243683,-0.07671669206442766,-0.11868768092634285
2026-01-30,768,28.80414504,27.656156539916992,29.86655232,-0.03985497568106289,0.036883833160978874
2026-01-30,603662,65.47398156,65.57957458496094,64.32113064,0.0016127478800747053,-0.017607771706132258
2026-01-30,603619,37.06721393,26.19832992553711,30.70203633,-0.2932209586884075,-0.17171988194258125
2026-01-30,2241,25.95592212,25.308603286743164,26.25380952,-0.024939157632856812,0.011476664116296886
2026-01-30,2342,14.12735884,10.321920394897461,18.86312128,-0.2693665877819904,0.33521923620933536
2026-01-30,2273,23.94084038,23.159896850585938,27.0540448,-0.032619720820930675,0.13003739094308253
2026-01-30,2371,474.94074089,453.501220703125,469.69548164,-0.04514146364175675,-0.011044028861728616
2026-01-30,2353,90.20097312,77.88529968261719,86.597712,-0.13653592651376945,-0.039947031560361945
2026-01-30,2463,68.82948975,62.91032028198242,65.66422905,-0.08599757879241832,-0.04598698481561814
2026-01-30,2475,51.60294452,54.04261016845703,51.4139956,0.04727764415674929,-0.0036615918288688265
2026-01-30,2384,75.18,72.68415832519531,73.4,-0.03319821328551065,-0.023676509710029325
2026-01-30,2422,30.90214886,32.517669677734375,31.04019292,0.052278591532691765,0.00446713465220161
2026-01-30,2517,24.93907623,23.485454559326172,22.07868039,-0.05828690915685253,-0.1146953405017922
2026-01-30,2555,25.78727808,24.32649040222168,24.23499648,-0.056647610238138024,-0.0601956358164033
2026-01-30,2595,60.07795661,54.35329818725586,57.48750801,-0.09528716930081593,-0.0431181209576762
2026-01-30,2558,43.5799251,40.603294372558594,40.72092318,-0.06830279585408017,-0.06560364464692481
2026-01-30,300308,613.1244293,565.4832153320312,561.32572782,-0.07770235810430903,-0.08448317992995025
2026-01-30,300274,145.5793188,140.67613220214844,145.30066,-0.03368051614932799,-0.001914137270987215
2026-01-30,2601,22.63,20.350706100463867,20.63,-0.10072001323624091,-0.08837825894829876
2026-01-30,2916,230.56220904,230.5556182861328,223.8926435,-2.8585577378947846e-05,-0.028927401276082065
2026-01-30,300033,251.2652919,239.265625,248.09023146,-0.04775696161320875,-0.012636287391668888
2026-01-30,300014,60.50613582,60.763187408447266,61.37321436,0.004248355723987629,0.014330423323999364
2026-01-30,300059,23.02515618,23.166885375976562,22.81619841,0.006155406498378868,-0.009075194468452952
2026-01-30,300034,21.33195914,19.388940811157227,21.47164456,-0.0910848514236734,0.00654817586529477
2026-01-30,300394,159.728352,146.1456756591797,179.6230887,-0.08503610142312312,0.12455357142857149
2026-01-30,300191,35.88486804,24.633893966674805,31.09223124,-0.3135297602539322,-0.13355592654424042
2026-01-30,300164,13.24,7.552834510803223,11.52,-0.4295442212384273,-0.12990936555891242
2026-01-30,300580,24.32639948,24.795101165771484,23.60038674,0.01926720335892007,-0.029844644317252533
2026-01-30,300476,256.0458237,252.59202575683594,251.51509434,-0.013488983703209279,-0.017694994179278334
2026-01-30,300474,76.48,74.82815551757812,70.91,-0.021598384968905315,-0.0728294979079499
2026-01-30,300433,37.2177191,35.07768630981445,35.1357476,-0.057500374604781856,-0.05594033031433121
2026-01-30,300418,56.61,52.032470703125,59.26,-0.0808607895579403,0.046811517399752756
2026-01-30,600406,24.6154648,24.051671981811523,24.7330546,-0.022904008629098804,0.004777070063694211
2026-01-30,600426,28.7060618,23.902360916137695,27.030907,-0.16734099290005378,-0.05835543766578255
2026-01-30,600316,41.3686602,39.18130874633789,45.8652537,-0.05287460224931606,0.10869565217391286
2026-01-30,600362,69.46594344,55.21931457519531,55.06410672,-0.20508796338611546,-0.20732226479352922
2026-01-30,600428,7.6556564,7.001555919647217,7.3739127,-0.08544015642509539,-0.03680203045685282
2026-01-30,300502,280.350087,257.56622314453125,273.216497,-0.08126933042638484,-0.025445292620865034
2026-01-30,300760,191.4210606,199.5312957763672,190.154027,0.04236856253405996,-0.006619091943323996
2026-01-30,300750,335.3975089,341.7447509765625,356.0477694,0.01892453553808293,0.06156951066132388
2026-01-30,400,30.06672518,27.98011589050293,29.205413,-0.06939928698603515,-0.02864669081330251
2026-01-30,426,68.36,49.61400604248047,50.02,-0.2742246044107597,-0.26828554710356933
2026-01-30,600160,39.7227392,39.03825378417969,37.35522432,-0.01723157641203943,-0.05960099750623449
2026-01-30,600183,69.0143442,62.373046875,63.12724164,-0.09623068076621666,-0.0853025936599423
2026-01-30,600118,93.34468896,82.43894958496094,92.21487428,-0.11683299281989556,-0.012103684661525227
2026-01-30,600111,55.9551364,54.176849365234375,48.1766644,-0.03178058618342727,-0.1390126537159152
2026-01-30,600089,27.2469388,24.958602905273438,27.17808372,-0.08398506384601856,-0.002527075812274293
2026-01-30,600026,15.3201618,12.5575590133667,15.7489704,-0.18032464817919225,0.027989821882951738
2026-01-30,600309,86.1885888,73.93669128417969,82.26287568,-0.14215220003486495,-0.045547945205479556
2026-01-30,600489,41.0,27.737857818603516,29.92,-0.32346688247308497,-0.2702439024390243
2026-01-30,600276,57.87378285,56.100074768066406,57.9235796,-0.030647868423095304,0.0008604371020477508
2026-01-30,601808,16.82012466,14.854225158691406,15.13908954,-0.11687781993576463,-0.09994189424753053
2026-01-30,601872,10.85872616,9.651592254638672,11.4690988,-0.11116717445256286,0.05621033544877596
2026-01-30,601899,42.813023,37.68037414550781,36.900983,-0.11988522404718271,-0.13808975834292303
2026-01-30,601975,3.6691515,3.1053380966186523,3.5697165,-0.15366315710358314,-0.027100271002709952
2026-02-06,2050,49.75559916,49.16693115234375,52.31837508,-0.011831191214545789,0.051507286883609504
2026-02-06,2028,191.56854116,168.12533569335938,217.56840918,-0.1223750273645432,0.13572096891568775
2026-02-06,2179,34.36275555,34.982730865478516,34.04704835,0.018042072166663425,-0.009187482055699303
2026-02-06,2156,47.66660132,43.91490936279297,48.945169,-0.07870693217711944,0.026823134953897876
2026-02-06,21,27.243683,27.626441955566406,29.18255825,0.014049457100437035,0.07116788321167888
2026-02-06,768,29.86655232,27.91572380065918,29.84669424,-0.0653181692496344,-0.0006648936170212671
2026-02-06,603662,64.32113064,63.98414611816406,66.6864627,-0.0052390951229078775,0.03677379480840548
2026-02-06,603619,30.70203633,26.688526153564453,34.33217668,-0.1307245595470099,0.11823777129899593
2026-02-06,2241,26.25380952,26.117666244506836,26.1644433,-0.005185657928593268,-0.0034039334341906535
2026-02-06,2342,18.86312128,12.544506072998047,17.1346679,-0.33497188048625826,-0.0916313559322034
2026-02-06,2273,27.0540448,25.51409149169922,26.72581558,-0.05692137052647972,-0.012132352941176539
2026-02-06,2371,469.69548164,438.97845458984375,474.62102985,-0.06539774864962289,0.010486684250829548
2026-02-06,2353,86.597712,77.35682678222656,103.49919648,-0.10671050082447253,0.19517241379310346
2026-02-06,2463,65.66422905,63.012596130371094,68.63041675,-0.040381695757210845,0.04517204790056084
2026-02-06,2475,51.4139956,50.04112243652344,50.30836284,-0.026702323899459035,-0.02150450956198391
2026-02-06,2384,73.4,68.2398681640625,77.38,-0.07030152365037479,0.05422343324250667
2026-02-06,2422,31.04019292,32.85530090332031,31.31628104,0.05847605354768248,0.008894536213468918
2026-02-06,2517,22.07868039,22.163860321044922,25.45553659,0.003858017306301642,0.15294646873594253
2026-02-06,2555,24.23499648,23.160991668701172,25.30219008,-0.04431627676055794,0.044035228182546016
2026-02-06,2595,57.48750801,54.41037368774414,67.18805632,-0.05352700836711499,0.16874184750385401
2026-02-06,2558,40.72092318,41.09123229980469,40.97902752,0.00909382918868995,0.006338371526084963
2026-02-06,300308,561.32572782,499.6009216308594,526.83654228,-0.1099625460405298,-0.061442374419473644
2026-02-06,300274,145.30066,143.6766815185547,155.8001255,-0.011176676564616517,0.07226027397260282
2026-02-06,2601,20.63,19.755727767944336,22.26,-0.04237868308558712,0.07901114881240923
2026-02-06,2916,223.8926435,202.1096649169922,235.78057254,-0.09729206928144474,0.053096559378468466
2026-02-06,300033,248.09023146,242.4754638671875,240.31414317,-0.022631957573540307,-0.031343790701625296
2026-02-06,300014,61.37321436,60.96913528442383,64.86146136,-0.0065839646788897754,0.05683663527119198
2026-02-06,300059,22.81619841,23.085865020751953,22.54753842,0.01181908598032555,-0.011774967291757532
2026-02-06,300034,21.47164456,19.929065704345703,20.8530377,-0.07184260392089403,-0.028810408921933095
2026-02-06,300394,179.6230887,153.41493225097656,235.31409,-0.14590639008994755,0.3100436681222707
2026-02-06,300191,31.09223124,24.22869110107422,30.0039033,-0.2207477516150681,-0.03500321130378936
2026-02-06,300164,11.52,8.670591354370117,10.91,-0.24734450048870504,-0.05295138888888884
2026-02-06,300580,23.60038674,25.128807067871094,24.38607176,0.06476251193293336,0.03329119258322799
2026-02-06,300476,251.51509434,267.2132568359375,258.71855659,0.062414395196165096,0.028640278106976336
2026-02-06,300474,70.91,70.523193359375,72.64,-0.005454895510153657,0.024397123113806263
2026-02-06,300433,35.1357476,34.20689010620117,34.47149955,-0.026436252456425002,-0.0189051918735893
2026-02-06,300418,59.26,52.26059341430664,63.01,-0.11811350971470402,0.0632804589942626
2026-02-06,600406,24.7330546,23.474573135375977,25.9677475,-0.050882573340699344,0.049920760697306
2026-02-06,600426,27.030907,26.305953979492188,27.78472666,-0.026819411590880415,0.027887323943662112
2026-02-06,600316,45.8652537,37.91717529296875,43.23724461,-0.17329193160074563,-0.05729847494553375
2026-02-06,600362,55.06410672,52.219970703125,55.78370568,-0.05165136031966122,0.013068385248836467
2026-02-06,600428,7.3739127,6.986018657684326,7.8791083,-0.05260355771714975,0.06851119894598168
2026-02-06,300502,273.216497,297.29150390625,260.91818784,0.08811695915364148,-0.04501305483028728
2026-02-06,300760,190.154027,193.9581756591797,186.09556,0.02000561712626614,-0.02134305049453411
2026-02-06,300750,356.0477694,344.2237854003906,368.7322287,-0.03320898209679768,0.035625723260042985
2026-02-06,400,29.205413,28.96109390258789,30.71023428,-0.00836554160052827,0.051525423728813635
2026-02-06,426,50.02,47.566368103027344,50.15,-0.04905301673276008,0.002598960415833629
2026-02-06,600160,37.35522432,36.70275115966797,39.43546752,-0.017466717767310902,0.05568814638027053
2026-02-06,600183,63.12724164,60.75487518310547,65.45423826,-0.037580708348126324,0.036862003780718355
2026-02-06,600118,92.21487428,85.66905212402344,87.24568936,-0.07098445025366429,-0.05388702157649361
2026-02-06,600111,48.1766644,48.943946838378906,57.241576,0.015926433428606224,0.18815980128337828
2026-02-06,600089,27.17808372,24.87326431274414,28.44698448,-0.08480433834118228,0.04668838219326821
2026-02-06,600026,15.7489704,13.965350151062012,18.25360245,-0.1132531336104351,0.15903465346534662
2026-02-06,600309,82.26287568,74.54212951660156,86.582144,-0.09385456197072284,0.05250568113861975
2026-02-06,600489,29.92,25.537370681762695,30.61,-0.14647825261488323,0.023061497326203106
2026-02-06,600276,57.9235796,56.17665100097656,58.5012219,-0.030159196152708678,0.009972489683631292
2026-02-06,601808,15.13908954,14.392807960510254,15.74504406,-0.04929501060932007,0.04002582311168501
2026-02-06,601872,11.4690988,10.756601333618164,13.01471984,-0.06212323032580691,0.13476394849785422
2026-02-06,601899,36.900983,34.66949462890625,39.167265,-0.060472328639422646,0.06141522029372504
2026-02-06,601975,3.5697165,3.248713254928589,3.838191,-0.0899240163949746,0.07520891364902504
2026-02-13,2050,52.31837508,47.48183059692383,50.86812204,-0.09244447052647597,-0.027719764571862537
2026-02-13,2028,217.56840918,193.89553833007812,213.52553426,-0.10880656313636372,-0.018582086136665343
2026-02-13,2179,34.04704835,34.766231536865234,35.07309675,0.021123216893050856,0.030136192407997697
2026-02-13,2156,48.945169,46.57311248779297,51.95180081,-0.048463547285065633,0.06142857142857139
2026-02-13,21,29.18255825,27.49860382080078,34.203748,-0.05770414008166058,0.17206132879046
2026-02-13,768,29.84669424,27.999969482421875,30.61123032,-0.06187367829510515,0.025615435795076413
2026-02-13,603662,66.6864627,63.856788635253906,64.74848055,-0.042432511040147,-0.0290611028315948
2026-02-13,603619,34.33217668,29.954771041870117,36.15221965,-0.12750154698696736,0.05301274623406704
2026-02-13,2241,26.1644433,27.04245376586914,26.98859844,0.03355739144922465,0.03149905123339658
2026-02-13,2342,17.1346679,12.409520149230957,15.69595526,-0.27576535351286513,-0.08396501457725947
2026-02-13,2273,26.72581558,25.698486328125,28.0486788,-0.038439584707895325,0.04949758094529222
2026-02-13,2371,474.62102985,451.8388977050781,471.45389236,-0.04800067993641577,-0.00667298179139042
2026-02-13,2353,103.49919648,86.13026428222656,116.72774352,-0.16781707287099346,0.12781304096941737
2026-02-13,2463,68.63041675,66.12590026855469,83.212514,-0.03649280596048987,0.21247280638143584
2026-02-13,2475,50.30836284,48.25510025024414,50.09886936,-0.040813544187196626,-0.0041641879833432816
2026-02-13,2384,77.38,76.2721176147461,85.55,-0.01431742550082582,0.10558283794262091
2026-02-13,2422,31.31628104,31.950302124023438,30.11332566,0.020245733623785345,-0.038413098236775745
2026-02-13,2517,25.45553659,23.020307540893555,22.52561724,-0.09566598765249001,-0.11509949278189635
2026-02-13,2555,25.30219008,25.035900115966797,23.769312,-0.010524383983807395,-0.06058282208588961
2026-02-13,2595,67.18805632,57.83845520019531,65.7837605,-0.13915570165141944,-0.020900974025974017
2026-02-13,2558,40.97902752,39.50338363647461,36.8295039,-0.03600973407202501,-0.10125968992248069
2026-02-13,300308,526.83654228,486.25189208984375,533.368812,-0.07703461497662512,0.012399044477306331
2026-02-13,300274,155.8001255,142.4606475830078,143.807845,-0.08561917311801004,-0.07697221335036741
2026-02-13,2601,22.26,21.00583267211914,23.35,-0.05634174878170983,0.048966756513926235
2026-02-13,2916,235.78057254,217.8410186767578,283.73981804,-0.07608580159927625,0.20340626449137877
2026-02-13,300033,240.31414317,248.22442626953125,233.46528492,0.03291642761922442,-0.02849960539007923
2026-02-13,300014,64.86146136,63.32221221923828,62.12069586,-0.023731336119894753,-0.04225568531038737
2026-02-13,300059,22.54753842,22.167892456054688,22.40823324,-0.01683757920148654,-0.0061782877316857165
2026-02-13,300034,20.8530377,19.519432067871094,24.29528555,-0.06395258337488685,0.16507177033492804
2026-02-13,300394,235.31409,168.82577514648438,262.9100151,-0.2825513544620962,0.11727272727272742
2026-02-13,300191,30.0039033,24.369781494140625,36.80345676,-0.18777962818788896,0.22662229617304508
2026-02-13,300164,10.91,10.080666542053223,15.07,-0.07601589898687233,0.3813015582034831
2026-02-13,300580,24.38607176,24.728525161743164,23.77940358,0.014042991635285995,-0.02487765089722671
2026-02-13,300476,258.71855659,259.5835876464844,302.10823886,0.003343521500296598,0.16770997350128636
2026-02-13,300474,72.64,71.38677215576172,72.04,-0.01725258596143009,-0.008259911894272998
2026-02-13,300433,34.47149955,33.18452453613281,34.86806555,-0.037334465592379074,0.011504170261719793
2026-02-13,300418,63.01,55.66777801513672,61.1,-0.11652471012320709,-0.030312648785906893
2026-02-13,600406,25.9677475,24.22763442993164,26.7516795,-0.0670105510718002,0.030188679245283012
2026-02-13,600426,27.78472666,24.57164192199707,29.3913524,-0.11564212156272946,0.05782406138668117
2026-02-13,600316,43.23724461,38.50054931640625,41.32869048,-0.10955127544131793,-0.04414143748555577
2026-02-13,600362,55.78370568,53.3597297668457,57.21304608,-0.043453117422124876,0.025622901572716072
2026-02-13,600428,7.8791083,7.410473346710205,8.1219908,-0.05947817131664446,0.03082614056720101
2026-02-13,300502,260.91818784,209.7142333984375,256.70936974,-0.1962452478512603,-0.016130796150481075
2026-02-13,300760,186.09556,195.15042114257812,184.0366304,0.04865705093973283,-0.01106382978723408
2026-02-13,300750,368.7322287,340.2301025390625,335.5152301,-0.07729762668542539,-0.09008433766993906
2026-02-13,400,30.71023428,29.331579208374023,31.5814466,-0.04489236581707956,0.028368794326241176
2026-02-13,426,50.15,44.03276062011719,55.19,-0.12197885104452266,0.1004985044865403
2026-02-13,600160,39.43546752,39.13362503051758,41.2086272,-0.007654086751459066,0.044963576990705745
2026-02-13,600183,65.45423826,63.111663818359375,68.72595573,-0.03578949971635681,0.04998480704952901
2026-02-13,600118,87.24568936,82.10692596435547,91.66496448,-0.058899911655698745,0.050653220261287935
2026-02-13,600111,57.241576,54.60259246826172,62.227776,-0.046102565934562745,0.08710801393728218
2026-02-13,600089,28.44698448,26.551990509033203,29.84375896,-0.06661493320316947,0.04910096818810494
2026-02-13,600026,18.25360245,13.843329429626465,20.0565477,-0.24161110292908428,0.09877202349172465
2026-02-13,600309,86.582144,74.25255584716797,91.501584,-0.14240335920570446,0.05681818181818166
2026-02-13,600489,30.61,24.815345764160156,31.84,-0.18930592080496056,0.04018294674942835
2026-02-13,600276,58.5012219,59.75783920288086,56.3300836,0.021480188995520066,-0.03711270003404832
2026-02-13,601808,15.74504406,15.357372283935547,16.48782702,-0.02462182859489903,0.0471756672873993
2026-02-13,601872,13.01471984,11.786054611206055,15.98782528,-0.09440581463902986,0.22844175491679275
2026-02-13,601899,39.167265,36.3228874206543,38.970197,-0.0726212968749721,-0.005031446540880502
2026-02-13,601975,3.838191,3.4217352867126465,4.0867785,-0.10850312381206506,0.06476683937823835
2026-02-20,2050,53.12296752,48.00069046020508,49.0702056,-0.09642302188533547,-0.07629020194465219
2026-02-20,2028,211.73312666,206.10372924804688,221.59136846,-0.026587230353391056,0.04655975168132431
2026-02-20,2179,33.82999965,36.20852279663086,35.9708891,0.07030810438187096,0.06328375619714222
2026-02-20,2156,48.45571731,44.11162567138672,50.8430429,-0.08965075495264152,0.049268192125335064
2026-02-20,21,32.10578555,30.248952865600586,33.25916775,-0.05783483109322063,0.03592443480953866
2026-02-20,768,30.16442352,27.580917358398438,31.04810808,-0.08564745684228348,0.029295589203423233
2026-02-20,603662,66.97467543,65.01168823242188,62.65148448,-0.02930939470740379,-0.06454963644457645
2026-02-20,603619,33.09892352,28.8746395111084,39.77241441,-0.12762602404090517,0.20162259615384626
2026-02-20,2241,25.97578128,24.50942039489746,26.25380952,-0.056451079153163386,0.01070336391437321
2026-02-20,2342,15.42619664,14.261653900146484,15.29631286,-0.07549124175131194,-0.008419689119171014
2026-02-20,2273,26.36774734,27.577089309692383,28.25755194,0.04586444014721747,0.07167106752168984
2026-02-20,2371,485.68103364,467.53125,465.3793826,-0.03736975995124636,-0.04180037850736451
2026-02-20,2353,97.95495216,83.15251922607422,124.41204624,-0.15111469719006587,0.27009450259120005
2026-02-20,2463,68.84939705,70.09525299072266,81.49053255,0.018095379104306364,0.18360560936822323
2026-02-20,2475,50.6774704,49.74314498901367,48.99154668,-0.01843670182453161,-0.033267716535433034
2026-02-20,2384,77.98,59.08934783935547,91.03,-0.24224996358867057,0.16735060271864577
2026-02-20,2422,31.11907524,32.753543853759766,29.7780758,0.05252304578957556,-0.043092522179974724
2026-02-20,2517,24.34316043,23.755239486694336,22.0488846,-0.024151381041761733,-0.09424724602203183
2026-02-20,2555,24.42903168,22.96442222595215,23.08048704,-0.059953643404004664,-0.05520254169976169
2026-02-20,2595,64.27721013,58.453041076660156,65.83829626,-0.09061017180989217,0.024286774843567782
2026-02-20,2558,40.66136064,40.04932403564453,36.70045173,-0.015052044366498318,-0.097412109375
2026-02-20,300308,530.372358,489.8324279785156,569.90557444,-0.07643673243899396,0.07453860640301335
2026-02-20,300274,148.4455236,142.7079315185547,148.6644698,-0.03865116267773605,0.001474926253687281
2026-02-20,2601,21.4,19.693235397338867,22.63,-0.07975535526453881,0.057476635514018826
2026-02-20,2916,233.58389,217.4306640625,288.02384598,-0.0691538527657023,0.23306382978723406
2026-02-20,300033,237.02669121,241.57095336914062,227.5225833,0.01917194277126577,-0.04009720534629402
2026-02-20,300014,63.56582676,54.05020523071289,61.20378522,-0.1496971252370306,-0.03715898400752582
2026-02-20,300059,22.25897769,22.314064025878906,21.84106215,0.002474791818658284,-0.01877514528386226
2026-02-20,300034,20.49384662,18.89924430847168,23.53699327,-0.07780883409033335,0.14849074975657262
2026-02-20,300394,222.17928534,174.81710815429688,249.57555,-0.21317098537437906,0.12330701585467607
2026-02-20,300191,29.04537594,26.099775314331055,44.16215118,-0.10141375452511858,0.5204537641801308
2026-02-20,300164,10.68,10.436521530151367,18.08,-0.022797609536388763,0.6928838951310861
2026-02-20,300580,24.77394158,24.925003051757812,22.86442862,0.006097595381421517,-0.07707747892412675
2026-02-20,300476,258.21183028,251.4178466796875,301.3531173,-0.026311666637989672,0.1670771125134678
2026-02-20,300474,71.58,70.77015686035156,72.49,-0.01131381865951997,0.012713048337524402
2026-02-20,300433,33.99562035,33.26604080200195,33.65853925,-0.021460986459041043,-0.009915427238262109
2026-02-20,300418,60.39,50.59626770019531,58.09,-0.16217473588019027,-0.03808577579069372
2026-02-20,600406,25.60517895,24.24584197998047,27.76099195,-0.05308836047090115,0.0841944125526215
2026-02-20,600426,27.12989342,24.139972686767578,30.838077,-0.11020761073201524,0.13668257086724678
2026-02-20,600316,43.04738844,39.799190521240234,43.25722947,-0.07545632932615975,0.004874651810584885
2026-02-20,600362,54.24593256,50.41319274902344,58.76067672,-0.07065487917895541,0.0832273305469744
2026-02-20,600428,7.577934,7.2214226722717285,8.2288591,-0.047045979514768965,0.08589743589743581
2026-02-20,300502,261.16786349,240.07276916503906,271.789779,-0.08077216715359259,0.04067083663379867
2026-02-20,300760,183.8881499,190.810302734375,181.839119,0.037643278471936936,-0.01114281100285297
2026-02-20,300750,358.4021934,350.5884094238281,333.7592222,-0.021801719186051893,-0.0687578693819455
2026-02-20,400,29.85882224,27.60194206237793,31.95765192,-0.07558503679353656,0.07029177718832891
2026-02-20,426,48.09,45.403526306152344,60.22,-0.05586345797146308,0.25223539197338307
2026-02-20,600160,38.44487552,39.951908111572266,42.8926336,0.03919983017732154,0.11569183200206146
2026-02-20,600183,63.89296275,58.588714599609375,68.06962335,-0.08301772092092607,0.06536964980544746
2026-02-20,600118,86.235855,81.72381591796875,100.15357212,-0.052322077423958446,0.16139130434782611
2026-02-20,600111,54.5889176,53.056766510009766,61.5695976,-0.028067072170528506,0.12787723785166238
2026-02-20,600089,28.279765,26.524635314941406,30.97494956,-0.06206309299453494,0.09530434782608688
2026-02-20,600026,16.51887675,14.36521053314209,22.0641516,-0.13037606911486344,0.3356932153392329
2026-02-20,600309,83.59112448,78.00653076171875,92.80031616,-0.0668084530866363,0.11016949152542366
2026-02-20,600489,29.51,27.008106231689453,35.02,-0.08478121885159429,0.18671636733310737
2026-02-20,600276,57.99329505,57.995853424072266,54.3182949,4.411499760559323e-05,-0.06336939721792889
2026-02-20,601808,15.4420668,14.52100658416748,18.13954176,-0.05964617481336887,0.1746835443037975
2026-02-20,601872,12.00071368,11.511390686035156,17.58266992,-0.04077449116883225,0.46513535684987706
2026-02-20,601899,37.2261452,34.78687286376953,40.1723118,-0.06552578364279482,0.07914240338803613
2026-02-20,601975,3.519999,3.2380785942077637,4.494462,-0.08009104712593274,0.2768361581920906
2026-02-27,2050,51.59324856,49.524497985839844,47.27228916,-0.04009731179757592,-0.08375048132460527
2026-02-27,2028,226.36116424,214.98484802246094,229.7269074,-0.050257367493821925,0.01486890726728829
2026-02-27,2179,35.3789381,35.593788146972656,34.54034085,0.006072823507742742,-0.023703290574456193
2026-02-27,2156,52.21150987,45.28474426269531,48.78534804,-0.13266740656517018,-0.06562081499904338
2026-02-27,21,34.49209355,29.702608108520508,31.40977905,-0.13885748728289338,-0.0893629287979244
2026-02-27,768,30.78995304,28.263212203979492,28.794216,-0.08206380934514435,-0.06481780070944865
2026-02-27,603662,65.37459786,64.72078704833984,60.2265222,-0.010000991716389462,-0.07874733961690483
2026-02-27,603619,36.03287257,29.215896606445312,43.45228271,-0.18918769105381628,0.20590670714877168
2026-02-27,2241,26.88930264,26.04146957397461,24.95303454,-0.03153049662077034,-0.07200886262924666
2026-02-27,2342,15.64599996,14.141040802001953,14.41709958,-0.09618810953889623,-0.07854406130268188
2026-02-27,2273,27.38227402,26.84090232849121,27.04409846,-0.019770881377980998,-0.012350163458045738
2026-02-27,2371,488.43854136,445.2017517089844,465.85894916,-0.0885204298797303,-0.046228113238422464
2026-02-27,2353,109.7899728,86.71391296386719,122.83935216,-0.2101836738603583,0.1188576609247507
2026-02-27,2463,84.9643564,76.37606811523438,76.09565425,-0.10108107268338729,-0.10438144329896915
2026-02-27,2475,51.03660208,50.782405853271484,46.886636,-0.004980665176926635,-0.08131352619233778
2026-02-27,2384,85.89,70.77700805664062,92.7,-0.17595752641005213,0.07928746070555359
2026-02-27,2422,30.05416392,31.94775390625,29.85695812,0.06300591130368738,-0.006561679790026198
2026-02-27,2517,22.35677443,22.543720245361328,21.39337722,0.008361931456018379,-0.04309195912927588
2026-02-27,2555,23.56557504,22.293981552124023,22.34315328,-0.053959790317765766,-0.05187319884726227
2026-02-27,2595,66.45864053,58.62663269042969,66.4654575,-0.11784784908494894,0.00010257462303830955
2026-02-27,2558,37.26629586,38.148643493652344,35.22131532,0.023676826829452047,-0.05487480021310598
2026-02-27,300308,571.54363596,564.9190673828125,556.341626,-0.01159066108060225,-0.02659816154625838
2026-02-27,300274,144.9523365,152.95762634277344,147.7488766,0.05522704936028022,0.019292825266048697
2026-02-27,2601,22.62,21.115686416625977,21.54,-0.06650369510937326,-0.04774535809018576
2026-02-27,2916,288.39161636,274.6241455078125,266.54406784,-0.047738804012255054,-0.07575653132970284
2026-02-27,300033,231.81453447,242.9285125732422,219.15643953,0.04794340496661342,-0.05460440592709315
2026-02-27,300014,61.95126672,59.488433837890625,60.33670668,-0.03975435874847555,-0.026061776061776065
2026-02-27,300059,22.3883325,22.125900268554688,20.98533033,-0.011721830174056702,-0.06266666666666665
2026-02-27,300034,24.8440497,20.680213928222656,21.56144233,-0.1675989149135112,-0.13212851405622494
2026-02-27,300394,258.14668746,191.3004150390625,238.7368404,-0.2589468533517223,-0.07518921606541074
2026-02-27,300191,37.42250568,27.256210327148438,46.7282088,-0.2716626043104542,0.2486659551760939
2026-02-27,300164,14.81,9.06960678100586,22.41,-0.3876025130988616,0.513166779203241
2026-02-27,300580,24.0180927,24.1031494140625,21.8301091,0.0035413600540603607,-0.09109730848861275
2026-02-27,300476,313.22641025,305.43145751953125,283.12090595,-0.024886000909844275,-0.09611419508326724
2026-02-27,300474,72.12,71.1856460571289,67.28,-0.012955545519566014,-0.06711037160288413
2026-02-27,300433,35.22497495,32.507991790771484,32.11193185,-0.0771322950004969,-0.08837602026456515
2026-02-27,300418,57.06,49.93016815185547,52.68,-0.12495323953986215,-0.07676130389064151
2026-02-27,600406,26.8888676,23.785646438598633,28.91729165,-0.11540914283059533,0.07543731778425644
2026-02-27,600426,28.01315686,25.830991744995117,29.90151318,-0.07789786513210861,0.06740962217994029
2026-02-27,600316,41.30870562,39.04257583618164,41.20878132,-0.05485840695819788,-0.002418964683115532
2026-02-27,600362,56.0892888,49.65999984741211,54.29522016,-0.11462596674229697,-0.03198594024604573
2026-02-27,600428,8.1899979,7.281806945800781,8.1802826,-0.11089025483134962,-0.0011862396204033177
2026-02-27,300502,275.2852381,276.63763427734375,286.22816516,0.004912708675110622,0.03975123088883126
2026-02-27,300760,185.3828536,193.27749633789062,174.415094,0.042585614497686386,-0.059162750961127664
2026-02-27,300750,339.42946,346.3807373046875,343.5987525,0.02047929871699261,0.012283236994219626
2026-02-27,400,31.680448,28.992774963378906,33.44267292,-0.08483696432010979,0.055625000000000036
2026-02-27,426,52.14,46.65403747558594,51.15,-0.10521600545481513,-0.01898734177215189
2026-02-27,600160,40.92135552,39.06951904296875,41.1590976,-0.04525354679725058,0.005809731299927456
2026-02-27,600183,72.594339,67.52859497070312,65.61334914,-0.06978152978701102,-0.09616438356164392
2026-02-27,600118,90.00523672,82.55152130126953,93.61464468,-0.08281424159705786,0.04010219951121963
2026-02-27,600111,58.936884,54.724822998046875,55.2271512,-0.071467317511274,-0.06294416243654821
2026-02-27,600089,30.07983352,28.401519775390625,32.24385032,-0.05579531361081069,0.07194244604316546
2026-02-27,600026,19.9201086,14.591801643371582,24.3446337,-0.26748383071708837,0.22211350293542087
2026-02-27,600309,88.56959776,76.62258911132812,87.7628096,-0.13488836972078255,-0.009109086869584448
2026-02-27,600489,31.07,26.224212646484375,31.9,-0.15596354533362167,0.02671387190215646
2026-02-27,600276,56.4894332,55.43695831298828,53.5016282,-0.01863135859914633,-0.052891396332863216
2026-02-27,601808,16.49760048,14.821626663208008,19.3514508,-0.10158894433307253,0.1729857819905214
2026-02-27,601872,15.3577632,10.436662673950195,17.18888112,-0.3204308115683021,0.11923076923076925
2026-02-27,601899,38.7928358,36.75911331176758,37.1177578,-0.05242520806464013,-0.043180086360172676
2026-02-27,601975,3.997287,3.385127305984497,4.912089,-0.15314379328166905,0.2288557213930349
2026-03-06,2050,47.27228916,46.00446319580078,48.45434472,-0.02681964395479297,0.02500525320445468
2026-03-06,2028,229.7269074,190.08944702148438,212.21110202,-0.17254165316167758,-0.07624620719549191
2026-03-06,2179,34.54034085,35.400672912597656,37.2731813,0.024908036267906608,0.07912025135675504
2026-03-06,2156,48.78534804,46.829689025878906,46.27815673,-0.04008701572688622,-0.05139230139230144
2026-03-06,21,31.40977905,27.52356719970703,31.07171875,-0.12372617598190239,-0.01076289965178856
2026-03-06,768,28.794216,27.133920669555664,27.11620824,-0.057660723613531806,-0.05827586206896551
2026-03-06,603662,60.2265222,62.34441375732422,60.48491982,0.03516543011218776,0.004290429042904442
2026-03-06,603619,43.45228271,29.15918731689453,37.66394933,-0.32893773357080935,-0.13321126115815973
2026-03-06,2241,24.95303454,23.483196258544922,25.1714853,-0.05890418975291012,0.008754476721050564
2026-03-06,2342,14.41709958,14.767847061157227,13.7377075,0.024328574496620403,-0.04712404712404705
2026-03-06,2273,27.04409846,24.344928741455078,25.57204014,-0.09980623767278363,-0.05443177638837815
2026-03-06,2371,465.85894916,402.1961669921875,457.57643503,-0.13665677622508743,-0.017779016899716837
2026-03-06,2353,122.83935216,97.11781311035156,107.96843472,-0.20939168594886248,-0.12105988169516246
2026-03-06,2463,76.09565425,73.60454559326172,75.9861641,-0.03273654299040707,-0.0014388489208633226
2026-03-06,2475,46.886636,44.469329833984375,49.5801236,-0.051556400122534485,0.057446808510638325
2026-03-06,2384,92.7,93.15335083007812,109.3,0.004890515966322839,0.17907227615965482
2026-03-06,2422,29.85695812,30.256282806396484,32.39105265,0.013374593781172672,0.08487450462351376
2026-03-06,2517,21.39337722,19.494842529296875,18.62236875,-0.08874403845542655,-0.12952646239554322
2026-03-06,2555,22.34315328,21.01581573486328,22.9931712,-0.059406903246949305,0.029092488059053512
2026-03-06,2595,66.4654575,56.488609313964844,62.716124,-0.15010576262166186,-0.05641025641025643
2026-03-06,2558,35.22131532,35.7109260559082,35.66803437,0.013900978184939738,0.0126832018038332
2026-03-06,300308,556.341626,437.2249450683594,534.1678664,-0.2141070798316297,-0.039856373429084435
2026-03-06,300274,147.7488766,142.20765686035156,172.270851,-0.037504310470326985,0.16597063182001892
2026-03-06,2601,21.54,19.26262092590332,19.54,-0.10572790501841589,-0.0928505106778087
2026-03-06,2916,266.54406784,219.71214294433594,251.08777214,-0.1757004958886429,-0.05798776849642018
2026-03-06,300033,219.15643953,206.378662109375,228.33742182,-0.05830436672555939,0.04189236834513932
2026-03-06,300014,60.33670668,54.55816650390625,68.85799578,-0.09577155423382067,0.1412289395441031
2026-03-06,300059,20.98533033,20.84319305419922,21.25399032,-0.0067731731436023734,0.012802275960170695
2026-03-06,300034,21.56144233,18.958749771118164,21.00270065,-0.12071050345553735,-0.025913928736695846
2026-03-06,300394,238.7368404,170.3142547607422,238.19490492,-0.2866025433050752,-0.002270011947431372
2026-03-06,300191,46.7282088,31.321266174316406,45.5799729,-0.32971395697246564,-0.024572649572649485
2026-03-06,300164,22.41,10.180780410766602,19.76,-0.5457036853740919,-0.1182507809013833
2026-03-06,300580,21.8301091,23.22634506225586,21.9792898,0.0639591838895508,0.006833712984054552
2026-03-06,300476,283.12090595,256.88092041015625,278.68953469,-0.09268120081700293,-0.01565186874890334
2026-03-06,300474,67.28,71.22427368164062,65.6,0.05862475745601392,-0.024970273483947758
2026-03-06,300433,32.11193185,29.295963287353516,31.7451083,-0.08769228135511509,-0.011423278789749913
2026-03-06,300418,52.68,49.10816192626953,53.05,-0.06780254505942418,0.007023538344722802
2026-03-06,600406,28.91729165,23.882198333740234,29.6130313,-0.17412050122819045,0.024059640799728887
2026-03-06,600426,29.90151318,24.674009323120117,31.39392382,-0.17482405741179552,0.04991087344028533
2026-03-06,600316,41.20878132,39.40528106689453,39.71990925,-0.043764949977546874,-0.036129970902036845
2026-03-06,600362,54.29522016,47.55998229980469,50.8155156,-0.12404844920690183,-0.06408859840232395
2026-03-06,600428,8.1802826,7.242114543914795,7.9568307,-0.11468650925155144,-0.027315914489311144
2026-03-06,300502,286.22816516,213.1505126953125,270.19898843,-0.2553125840143561,-0.056001395673412446
2026-03-06,300760,174.415094,184.81834411621094,176.3750366,0.05964650121514681,0.011237230419977262
2026-03-06,300750,343.5987525,341.4121398925781,387.989455,-0.006363854907831423,0.12919343326195576
2026-03-06,400,33.44267292,29.17620849609375,32.01705276,-0.1275754612710619,-0.04262877442273538
2026-03-06,426,51.15,43.1652946472168,48.77,-0.15610372146203721,-0.046529814271749625
2026-03-06,600160,41.1590976,38.760597229003906,39.2769728,-0.058273881373825276,-0.04572803850782192
2026-03-06,600183,65.61334914,57.07028579711914,62.41124268,-0.13020312870559947,-0.0488026674749924
2026-03-06,600118,93.61464468,80.97774505615234,90.37517604,-0.1349884910319744,-0.0346042934956744
2026-03-06,600111,55.2271512,52.395748138427734,51.5473356,-0.05126831639963836,-0.06663055254604555
2026-03-06,600089,32.24385032,27.060714721679688,30.33558096,-0.16074803557518536,-0.05918242830994502
2026-03-06,600026,24.3446337,17.033344268798828,21.89847555,-0.30032447895082404,-0.10048038430744588
2026-03-06,600309,87.7628096,79.49141693115234,85.2047008,-0.09424712707519856,-0.029147982062780242
2026-03-06,600489,31.9,29.777889251708984,31.34,-0.06652384790880927,-0.017554858934169193
2026-03-06,600276,53.5016282,52.47191619873047,55.0752055,-0.01924636755764253,0.02941176470588247
2026-03-06,601808,19.3514508,16.206798553466797,17.62154838,-0.1625021441045238,-0.08939393939393936
2026-03-06,601872,17.18888112,13.957452774047852,15.72201784,-0.18799526993017857,-0.08533791523482259
2026-03-06,601899,37.1177578,33.397090911865234,36.211245,-0.10023953785631856,-0.024422617467480756
2026-03-06,601975,4.912089,3.7805285453796387,4.514349,-0.23036236815341926,-0.08097165991902833
2026-03-13,2050,48.45434472,45.53135681152344,44.67971352,-0.06032457822652326,-0.07790077900779013
2026-03-13,2028,212.21110202,205.02781677246094,210.2095802,-0.03384971464340292,-0.009431748862089973
2026-03-13,2179,37.2731813,36.35858917236328,34.0963776,-0.024537538673596315,-0.0852302805717311
2026-03-13,2156,46.27815673,45.574859619140625,45.89858195,-0.01519717206894411,-0.008202028922944082
2026-03-13,21,31.07171875,28.136859893798828,32.24498685,-0.09445434543916786,0.037760000000000016
2026-03-13,768,27.11620824,25.596134185791016,25.57720704,-0.05605776592195777,-0.05675576711827157
2026-03-13,603662,60.48491982,60.46623611450195,57.29470305,-0.00030889857428351153,-0.05274400262898449
2026-03-13,603619,37.66394933,29.145896911621094,36.1024917,-0.226159300070907,-0.04145761816741478
2026-03-13,2241,25.1714853,24.015396118164062,23.9799357,-0.045928524600649556,-0.047337278106508895
2026-03-13,2342,13.7377075,12.127514839172363,12.86848528,-0.11720970626486538,-0.06327272727272737
2026-03-13,2273,25.57204014,23.47365951538086,25.25375726,-0.0820576150018173,-0.012446518864255074
2026-03-13,2371,457.57643503,404.2057189941406,461.21314811,-0.11663781600195444,0.007947771785410174
2026-03-13,2353,107.96843472,86.37772369384766,97.53689424,-0.19997243714928936,-0.09661657601180063
2026-03-13,2463,75.9861641,71.94322204589844,85.92986045,-0.05320629225053297,0.1308619334555936
2026-03-13,2475,49.5801236,48.452186584472656,47.92412752,-0.022749782243934202,-0.03340040241448694
2026-03-13,2384,109.3,80.8985366821289,111.72,-0.259848703731666,0.022140896614821548
2026-03-13,2422,32.39105265,31.780029296875,33.01225092,-0.018863954800338978,0.019178082191780854
2026-03-13,2517,18.62236875,18.606674194335938,18.76141577,-0.0008427797706488382,0.0074666666666667325
2026-03-13,2555,22.9931712,22.465553283691406,22.17822336,-0.022946722386366303,-0.03544303797468351
2026-03-13,2595,62.716124,58.36790084838867,59.08949596,-0.06933182209428834,-0.057826086956521694
2026-03-13,2558,35.66803437,32.64517593383789,32.67998028,-0.08474979038106467,-0.08377400500974108
2026-03-13,300308,534.1678664,300.6283264160156,574.5201136,-0.43720252503751944,0.0755422587883321
2026-03-13,300274,172.270851,145.17514038085938,164.309171,-0.15728552138597507,-0.046216060080878085
2026-03-13,2601,19.54,19.063810348510742,18.17,-0.024369992399654872,-0.07011258955987709
2026-03-13,2916,251.08777214,209.741943359375,248.48356026,-0.16466683513991132,-0.010371719251019429
2026-03-13,300033,228.33742182,215.25537109375,226.41974151,-0.0572926269464612,-0.008398449517012296
2026-03-13,300014,68.85799578,65.13483428955078,66.83481252,-0.05407014026874446,-0.029381965552178313
2026-03-13,300059,21.25399032,21.37515640258789,21.22413921,0.005700862791579997,-0.001404494382022392
2026-03-13,300034,21.00270065,19.60675621032715,19.33645314,-0.06646499718943777,-0.07933491686460814
2026-03-13,300394,238.19490492,180.47637939453125,219.61935327,-0.2423163734121604,-0.07798467249431207
2026-03-13,300191,45.5799729,32.79783630371094,42.3848817,-0.2804331767448037,-0.07009857612267256
2026-03-13,300164,19.76,12.365516662597656,20.45,-0.3742147437956652,0.03491902834008087
2026-03-13,300580,21.9792898,22.592809677124023,21.9295629,0.02791354419122416,-0.002262443438914019
2026-03-13,300476,278.68953469,232.2611541748047,275.50013968,-0.16659534979252055,-0.011444258262326645
2026-03-13,300474,65.6,70.73407745361328,64.62,0.07826337581727572,-0.01493902439024375
2026-03-13,300433,31.7451083,31.119495391845703,29.47476795,-0.019707379865964936,-0.0715178013741411
2026-03-13,300418,53.05,49.82298278808594,54.88,-0.060829730667560034,0.03449575871819044
2026-03-13,600406,29.6130313,25.3547420501709,27.25143615,-0.14379781680199355,-0.07974851091992052
2026-03-13,600426,31.39392382,28.31680679321289,27.7542693,-0.0980163245738267,-0.11593499878729085
2026-03-13,600316,39.71990925,38.14007568359375,37.04193801,-0.039774349847142454,-0.0674213836477987
2026-03-13,600362,50.8155156,42.97407913208008,45.01929384,-0.15431185486032772,-0.11406401551891354
2026-03-13,600428,7.9568307,7.517881870269775,7.7916706,-0.055166289981540606,-0.020757020757020794
2026-03-13,300502,270.19898843,206.9792022705078,314.1633036,-0.23397491799222792,0.16271087995353395
2026-03-13,300760,176.3750366,191.52789306640625,170.1190582,0.08591270487314673,-0.035469749691323216
2026-03-13,300750,387.989455,371.48077392578125,392.894505,-0.042549303496453916,0.012642225031605392
2026-03-13,400,32.01705276,29.556629180908203,28.3639011,-0.07684728502448812,-0.11410018552875689
2026-03-13,426,48.77,43.88215255737305,40.33,-0.10022242039423734,-0.17305720729956953
2026-03-13,600160,39.2769728,37.1058349609375,35.9584896,-0.055277626667361246,-0.08448928121059274
2026-03-13,600183,62.41124268,61.92878723144531,60.2632458,-0.007730265058626951,-0.03441682600382412
2026-03-13,600118,90.37517604,84.3393325805664,83.86624368,-0.06678651952790815,-0.07202124128775311
2026-03-13,600111,51.5473356,48.73236083984375,46.4913288,-0.054609510411945505,-0.09808473592571099
2026-03-13,600089,30.33558096,26.371295928955078,27.67974216,-0.13068103216062232,-0.08754863813229574
2026-03-13,600026,21.89847555,16.18501853942871,23.12642745,-0.26090660957316225,0.05607476635514019
2026-03-13,600309,85.2047008,74.77825927734375,77.16633584,-0.12236932264019229,-0.09434180138568127
2026-03-13,600489,31.34,25.75485610961914,26.7,-0.17821135578751945,-0.14805360561582648
2026-03-13,600276,55.0752055,55.97806167602539,55.7922787,0.016393151288838892,0.013019891500904102
2026-03-13,601808,17.62154838,15.891703605651855,16.99604694,-0.09816644582217726,-0.03549639489739331
2026-03-13,601872,15.72201784,13.157271385192871,17.38577552,-0.16313087040786167,0.10582341891045699
2026-03-13,601899,36.211245,31.36663246154785,31.8461888,-0.13378751651461163,-0.1205442176870748
2026-03-13,601975,4.514349,3.847820281982422,4.653558,-0.14764669679229014,0.03083700440528636
2026-03-20,2050,44.67971352,44.751976013183594,43.57712388,0.0016173445953553411,-0.024677634504224
2026-03-20,2028,210.2095802,176.95120239257812,209.37312332,-0.15821532860576004,-0.003979156797726313
2026-03-20,2179,34.0963776,36.036529541015625,32.94207315,0.056901995976711195,-0.03385416666666663
2026-03-20,2156,45.89858195,43.72239303588867,42.71215156,-0.047412987976011456,-0.0694232861806311
2026-03-20,21,32.24498685,30.02135467529297,27.7010587,-0.06896055455228156,-0.140918902251002
2026-03-20,768,25.57720704,25.76125144958496,24.41550936,0.007195641388722862,-0.04541925465838503
2026-03-20,603662,57.29470305,61.67546081542969,54.25356183,0.07646008325772602,-0.05307892454466612
2026-03-20,603619,36.1024917,30.036441802978516,34.76978264,-0.1680230258739035,-0.03691460055096418
2026-03-20,2241,23.9799357,25.173112869262695,22.55007618,0.049757313121681745,-0.05962732919254643
2026-03-20,2342,12.86848528,11.378073692321777,12.21906638,-0.11581872732096887,-0.05046583850931685
2026-03-20,2273,25.25375726,23.674755096435547,23.28438194,-0.0625254352177318,-0.07798345805435214
2026-03-20,2371,461.21314811,435.23248291015625,445.70716267,-0.056331146035861424,-0.03361999870025778
2026-03-20,2353,97.53689424,97.28260803222656,97.80564576,-0.002607077145062031,0.0027553832023676783
2026-03-20,2463,85.92986045,78.56780242919922,78.64378865,-0.08567520047451427,-0.08479091856828447
2026-03-20,2475,47.92412752,47.83470916748047,50.06894172,-0.0018658316206635606,0.04475437135720228
2026-03-20,2384,111.72,90.07144165039062,104.3,-0.19377513739356766,-0.0664160401002506
2026-03-20,2422,33.01225092,32.863525390625,31.66139119,-0.004505161727245244,-0.04091995221027478
2026-03-20,2517,18.76141577,18.43731689453125,17.7781547,-0.017274755777599293,-0.05240868184224445
2026-03-20,2555,22.17822336,21.206052780151367,20.6647488,-0.04383446609172548,-0.06824146981627288
2026-03-20,2595,59.08949596,59.478492736816406,56.8535298,0.006583179810498496,-0.037840332256576015
2026-03-20,2558,32.67998028,30.384490966796875,31.59792747,-0.07024145343832888,-0.03311057108140958
2026-03-20,300308,574.5201136,446.07806396484375,613.4740156,-0.22356406084780145,0.06780250347705152
2026-03-20,300274,164.309171,149.56689453125,165.20486,-0.08972278527745714,0.005451241671714069
2026-03-20,2601,18.17,18.417957305908203,17.19,0.013646522064292954,-0.05393505778756191
2026-03-20,2916,248.48356026,217.27052307128906,230.9001602,-0.12561409356840858,-0.07076283051322052
2026-03-20,300033,226.41974151,207.19996643066406,208.51436748,-0.08488559765662962,-0.07908044550615823
2026-03-20,300014,66.83481252,63.511863708496094,69.76494,-0.04971883194120619,0.0438413361169101
2026-03-20,300059,21.22413921,21.541748046875,19.02510744,0.01496450969023777,-0.1036099390529771
2026-03-20,300034,19.33645314,19.22321891784668,17.89968882,-0.005855997546886149,-0.07430340557275528
2026-03-20,300394,219.61935327,176.6510467529297,231.748725,-0.19564899849352113,0.05522906587876242
2026-03-20,300191,42.3848817,38.67756652832031,37.8418614,-0.0874678664416253,-0.1071849234393405
2026-03-20,300164,20.45,13.35490608215332,17.5,-0.3469483578409134,-0.1442542787286063
2026-03-20,300580,21.9295629,22.714481353759766,20.9847518,0.03579270856145356,-0.04308390022675734
2026-03-20,300476,275.50013968,270.8487854003906,267.16399509,-0.01688331005934174,-0.030258222735141338
2026-03-20,300474,64.62,65.4483871459961,59.36,0.012819361590778122,-0.08139894769421241
2026-03-20,300433,29.47476795,30.683937072753906,28.70146425,0.04102387251377526,-0.026236125126135157
2026-03-20,300418,54.88,47.417396545410156,50.7,-0.1359803836477742,-0.07616618075801751
2026-03-20,600406,27.25143615,24.819665908813477,26.44790585,-0.08923457199838336,-0.029485796476087733
2026-03-20,600426,27.7542693,24.537708282470703,26.8786202,-0.11589427856165169,-0.03155006858710563
2026-03-20,600316,37.04193801,36.414955139160156,40.60923552,-0.016926297718833805,0.09630428918262735
2026-03-20,600362,45.01929384,42.86090087890625,43.58009592,-0.04794373205330027,-0.03196846945478449
2026-03-20,600428,7.7916706,7.0072431564331055,8.5397487,-0.10067512910092657,0.09600997506234421
2026-03-20,300502,314.1633036,260.89202880859375,326.005063,-0.16956555454112643,0.03769300635785644
2026-03-20,300760,170.1190582,184.7601776123047,162.635641,0.0860639576025155,-0.04398929361107895
2026-03-20,300750,392.894505,370.06256103515625,394.856525,-0.05811214887020044,0.004993757802746579
2026-03-20,400,28.3639011,27.69738006591797,27.75009242,-0.02349891969134077,-0.02164048865619539
2026-03-20,426,40.33,38.543418884277344,39.1,-0.044299060642763566,-0.03049838829655338
2026-03-20,600160,35.9584896,34.99565887451172,34.48250752,-0.02677617264236487,-0.04104683195592296
2026-03-20,600183,60.2632458,58.861351013183594,55.10208663,-0.023262848992053553,-0.08564356435643561
2026-03-20,600118,83.86624368,78.25530242919922,78.67709484,-0.06690345250479901,-0.06187410586552222
2026-03-20,600111,46.4913288,45.279808044433594,46.0824604,-0.026059069225106812,-0.008794508794508715
2026-03-20,600089,27.67974216,25.339828491210938,27.85679808,-0.0845352408004173,0.006396588486140775
2026-03-20,600026,23.12642745,17.255828857421875,23.2921035,-0.2538480534994231,0.0071639275179098405
2026-03-20,600309,77.16633584,69.21929931640625,77.95344624,-0.10298579603509328,0.010200178503123825
2026-03-20,600489,26.7,21.778915405273438,25.04,-0.18431028444668773,-0.062172284644194775
2026-03-20,600276,55.7922787,56.67592239379883,51.42012405,0.015838100081021267,-0.0783648696893966
2026-03-20,601808,16.99604694,16.899484634399414,16.3216782,-0.005681456749411895,-0.03967797584818855
2026-03-20,601872,17.38577552,13.540155410766602,16.43083768,-0.2211934753678102,-0.05492638731596822
2026-03-20,601899,31.8461888,30.82975959777832,31.6195606,-0.0319168239755484,-0.0071163366336634
2026-03-20,601975,4.653558,4.025528430938721,4.414914,-0.1349568586146943,-0.05128205128205143
2026-03-27,2050,43.57712388,41.714027404785156,42.52420044,-0.042754002773228605,-0.024162297697743362
2026-03-27,2028,209.37312332,177.14344787597656,208.7159072,-0.1539341579901089,-0.0031389707980594705
2026-03-27,2179,32.94207315,33.50046920776367,32.8138171,0.01695084748373432,-0.0038933812518717748
2026-03-27,2156,42.71215156,40.696903228759766,40.72437837,-0.04718208419937153,-0.046538821328344415
2026-03-27,21,27.7010587,26.992280960083008,25.50366675,-0.025586666112403567,-0.0793251974156497
2026-03-27,768,24.41550936,23.971153259277344,24.19707048,-0.018199747306957614,-0.008946726311508724
2026-03-27,603662,54.25356183,58.61606979370117,53.90571888,0.08040961397835589,-0.006411430664956974
2026-03-27,603619,34.76978264,32.60852813720703,34.86923854,-0.062158988026189466,0.0028604118993134087
2026-03-27,2241,22.55007618,22.121320724487305,22.40113248,-0.019013481466327198,-0.006605019815059454
2026-03-27,2342,12.21906638,11.856289863586426,13.7876628,-0.029689380933993537,0.12837285363859374
2026-03-27,2273,23.28438194,23.134212493896484,24.70670856,-0.006449363633120098,0.06108500640751813
2026-03-27,2371,445.70716267,421.5582275390625,437.604486,-0.05418116905789394,-0.01817937280043036
2026-03-27,2353,97.80564576,91.16780090332031,107.500608,-0.06786770646111717,0.09912477101567263
2026-03-27,2463,78.64378865,77.10943603515625,75.91648855,-0.019510156379575094,-0.03467915453740045
2026-03-27,2475,50.06894172,46.72837448120117,49.76966532,-0.0667193498412697,-0.005977286312014329
2026-03-27,2384,104.3,92.03669738769531,106.25,-0.11757720625411971,0.01869606903163956
2026-03-27,2422,31.66139119,32.07733917236328,35.84215415,0.013137388053076293,0.13204609156026148
2026-03-27,2517,17.7781547,17.705602645874023,18.62236875,-0.004080966520444207,0.04748603351955305
2026-03-27,2555,20.6647488,20.154970169067383,21.5379072,-0.024668997231295564,0.04225352112676051
2026-03-27,2595,56.8535298,58.70072555541992,53.7177236,0.032490432202151975,-0.05515587529976018
2026-03-27,2558,31.59792747,30.92522430419922,33.80174145,-0.021289471166723306,0.06974552309142323
2026-03-27,300308,613.4740156,369.4779052734375,581.312076,-0.39772851681081456,-0.05242591989579937
2026-03-27,300274,165.20486,166.69180297851562,126.6404725,0.009000600699734962,-0.23343373493975905
2026-03-27,2601,17.19,17.219125747680664,17.07,0.001694342506146862,-0.006980802792321161
2026-03-27,2916,230.9001602,173.2610321044922,217.680306,-0.24962792596411465,-0.05725355144210065
2026-03-27,300033,208.51436748,210.87960815429688,209.3994507,0.011343298319832718,0.004244710955396691
2026-03-27,300014,69.76494,68.12830352783203,62.7386139,-0.023459297351477226,-0.10071428571428565
2026-03-27,300059,19.02510744,20.893207550048828,18.65694375,0.09819130409330445,-0.01935146443514646
2026-03-27,300034,17.89968882,17.677085876464844,17.82984611,-0.012436134827463308,-0.0039018952062431778
2026-03-27,300394,231.748725,179.43272399902344,230.1799644,-0.2257445041001911,-0.006769230769230861
2026-03-27,300191,37.8418614,32.24184799194336,38.53080294,-0.14798461811544605,0.018205804749340526
2026-03-27,300164,17.5,13.239311218261719,15.72,-0.24346793038504466,-0.10171428571428565
2026-03-27,300580,20.9847518,22.12937355041504,22.4765588,0.054545403315898966,0.07109004739336489
2026-03-27,300476,267.16399509,261.11529541015625,255.42980348,-0.02264039987052191,-0.043921306110305314
2026-03-27,300474,59.36,66.95551300048828,56.03,0.12795675539906126,-0.0560983827493261
2026-03-27,300433,28.70146425,28.37411880493164,27.2440842,-0.011405182753641552,-0.050777202072538885
2026-03-27,300418,50.7,45.53120422363281,47.79,-0.10194863464235093,-0.05739644970414204
2026-03-27,600406,26.44790585,24.9508056640625,25.56598235,-0.05660562293394211,-0.033345683586513575
2026-03-27,600426,26.8786202,25.263612747192383,27.12989342,-0.06008520678481921,0.00934844192634543
2026-03-27,600316,40.60923552,38.77507019042969,38.43088578,-0.0451662117270587,-0.05364173228346458
2026-03-27,600362,43.58009592,41.68113327026367,42.64363152,-0.0435740814619191,-0.02148835105179825
2026-03-27,600428,8.5397487,7.781288146972656,9.326688,-0.08881532462745001,0.0921501706484642
2026-03-27,300502,326.005063,271.6717834472656,319.22101891,-0.16666391329245822,-0.020809628008752745
2026-03-27,300760,162.635641,174.43609619140625,160.754888,0.07255762094242457,-0.011564211807668867
2026-03-27,300750,394.856525,350.5530700683594,393.5517817,-0.11220140006965973,-0.0033043478260869064
2026-03-27,400,27.75009242,26.92027473449707,27.1263836,-0.029903240426863098,-0.02247591865858012
2026-03-27,426,39.1,32.581050872802734,39.96,-0.16672504161629842,0.021994884910485846
2026-03-27,600160,34.48250752,34.81895065307617,33.2838912,0.009756921908333771,-0.03476012640045967
2026-03-27,600183,55.10208663,53.638511657714844,51.34309209,-0.026561153339124566,-0.06821873308067139
2026-03-27,600118,78.67709484,67.9523696899414,78.27716044,-0.13631318202417997,-0.00508323802262034
2026-03-27,600111,46.0824604,45.4858512878418,47.4486792,-0.012946555087978928,0.02964726249729499
2026-03-27,600089,27.85679808,24.643959045410156,25.74196348,-0.1153341107388981,-0.07591807909604531
2026-03-27,600026,23.2921035,19.88819122314453,23.65269255,-0.14614018338255574,0.015481171548117123
2026-03-27,600309,77.95344624,73.90486907958984,81.37737648,-0.05193583293220372,0.0439227565316167
2026-03-27,600489,25.04,23.177228927612305,26.4,-0.07439181598992395,0.054313099041533475
2026-03-27,600276,51.42012405,52.887306213378906,57.13679095,0.028533228779305198,0.11117567305829934
2026-03-27,601808,16.3216782,15.479388236999512,15.7841379,-0.051605597946447035,-0.03293413173652704
2026-03-27,601872,16.43083768,13.350740432739258,19.16766984,-0.1874583211913723,0.1665668064709407
2026-03-27,601899,31.6195606,28.6033878326416,32.6344608,-0.09538945861753678,0.03209722655032721
2026-03-27,601975,4.414914,3.8786516189575195,4.77288,-0.12146609900951189,0.08108108108108114
2026-04-03,2050,42.52420044,39.99555969238281,44.57044788,-0.05946356948404008,0.04811959822471379
2026-04-03,2028,208.7159072,179.67013549804688,209.44282806,-0.13916414944894595,0.003482824427480935
2026-04-03,2179,32.8138171,33.31639862060547,36.3457914,0.015316155358392258,0.1076368009621167
2026-04-03,2156,40.72437837,41.78795623779297,45.17938763,0.026116491162366362,0.10939416237429489
2026-04-03,21,25.50366675,25.465381622314453,27.9396895,-0.0015011616980741271,0.09551656920077978
2026-04-03,768,24.19707048,24.90419578552246,24.23678664,0.029223591595806342,0.0016413623307343084
2026-04-03,603662,53.90571888,58.198184967041016,55.66481037,0.07962914095620377,0.03263274336283173
2026-04-03,603619,34.86923854,29.87168312072754,35.56542984,-0.14332275749410328,0.01996577296063906
2026-04-03,2241,22.40113248,22.496440887451172,24.23810478,0.004254624516696337,0.08200354609929073
2026-04-03,2342,13.7876628,11.813671112060547,15.486143,-0.14317087069604373,0.12318840579710155
2026-04-03,2273,24.70670856,24.82549476623535,29.71966392,0.004807852326702333,0.2028985507246377
2026-04-03,2371,437.604486,390.41949462890625,476.45936833,-0.10782565737018923,0.0887899543378996
2026-04-03,2353,107.500608,95.91131591796875,116.91686496,-0.10780675846997301,0.08759259259259267
2026-04-03,2463,75.91648855,77.19143676757812,87.9106368,0.016794088371703708,0.15799134653205726
2026-04-03,2475,49.76966532,48.76469802856445,58.03966984,-0.020192365871339324,0.1661655642413309
2026-04-03,2384,106.25,88.73098754882812,143.55,-0.16488482306985297,0.35105882352941187
2026-04-03,2422,35.84215415,35.08782196044922,33.524986,-0.021045950151151294,-0.06464924346629985
2026-04-03,2517,18.62236875,18.93320083618164,20.05256667,0.016691329140479993,0.07679999999999998
2026-04-03,2555,21.5379072,21.854461669921875,22.14911808,0.014697550090747802,0.02837837837837842
2026-04-03,2595,53.7177236,53.8343620300293,56.6490207,0.0021713211620399964,0.05456852791878175
2026-04-03,2558,33.80174145,33.30466842651367,34.30802304,-0.014705544808145676,0.01497797356828201
2026-04-03,300308,581.312076,503.3224792480469,733.7816437,-0.1341613222429482,0.26228522336769755
2026-04-03,300274,126.6404725,130.61285400390625,130.1635159,0.03136739326289417,0.027819253438113867
2026-04-03,2601,17.07,17.067333221435547,17.72,-0.0001562260436117624,0.03807850029291138
2026-04-03,2916,217.680306,205.8767852783203,260.45100722,-0.054224109376618035,0.1964840182648402
2026-04-03,300033,209.3994507,211.92059326171875,228.7,0.012039871896945442,0.09217096432431093
2026-04-03,300014,62.7386139,60.7340087890625,68.84802936,-0.03195169587477131,0.09737887212073071
2026-04-03,300059,18.65694375,20.40392303466797,19.66193112,0.09363694869198325,0.05386666666666651
2026-04-03,300034,17.82984611,18.15098762512207,18.48836309,0.01801145748206756,0.03693340794627886
2026-04-03,300394,230.1799644,171.19593811035156,255.9218997,-0.25625178300552565,0.11183395291202003
2026-04-03,300191,38.53080294,33.03936004638672,41.3364924,-0.1425208527879508,0.07281679191500379
2026-04-03,300164,15.72,16.732154846191406,14.57,0.06438644059741772,-0.07315521628498733
2026-04-03,300580,22.4765588,23.549959182739258,24.44574404,0.04775643781997707,0.08761061946902671
2026-04-03,300476,255.42980348,233.94541931152344,287.90996637,-0.08411071799676961,0.12715886105492458
2026-04-03,300474,56.03,65.41014099121094,59.54,0.16741283225434467,0.06264501160092806
2026-04-03,300433,27.2440842,28.34545135498047,29.87133395,0.040425919509545105,0.09643377001455611
2026-04-03,300418,47.79,44.69477081298828,50.05,-0.06476729832625483,0.047290228081188435
2026-04-03,600406,25.56598235,25.43720817565918,25.8305594,-0.005036934336333787,0.010348792640858528
2026-04-03,600426,27.12989342,24.676727294921875,29.05632144,-0.09042299160930956,0.07100757788380596
2026-04-03,600316,38.43088578,37.60018539428711,37.39167306,-0.021615436877210792,-0.027041081643265574
2026-04-03,600362,42.64363152,37.081050872802734,44.2602648,-0.13044340852134972,0.037910309754970006
2026-04-03,600428,9.326688,8.007891654968262,8.8894995,-0.14140028539946214,-0.04687500000000011
2026-04-03,300502,319.22101891,291.667724609375,372.7300775,-0.08631416062359376,0.1676238575163691
2026-04-03,300760,160.754888,175.51275634765625,156.5776366,0.0918035434646085,-0.025985221674876824
2026-04-03,300750,393.5517817,374.2259826660156,408.10016,-0.049106114957741975,0.03696687189969339
2026-04-03,400,27.1263836,25.288898468017578,28.19559872,-0.06773793215776913,0.039416058394160514
2026-04-03,426,39.96,41.915077209472656,43.3,0.04892585609290934,0.08358358358358342
2026-04-03,600160,33.2838912,33.739158630371094,34.4726016,0.01367831145809939,0.03571428571428559
2026-04-03,600183,51.34309209,52.373756408691406,60.86985603,0.02007406014590507,0.1855510362192525
2026-04-03,600118,78.27716044,78.22808837890625,78.90705712,-0.0006269013952207025,0.008047004726018603
2026-04-03,600111,47.4486792,47.78611373901367,51.60717,0.007111568640116639,0.08764186633039106
2026-04-03,600089,25.74196348,25.880765914916992,26.64691596,0.005392068675135642,0.03515475735575091
2026-04-03,600026,23.65269255,20.286500930786133,23.49676215,-0.14231748085753848,-0.006592501030078357
2026-04-03,600309,81.37737648,73.2685317993164,87.63490416,-0.09964495086268221,0.07689517591585071
2026-04-03,600489,26.4,24.88165283203125,27.42,-0.05751315030184656,0.0386363636363638
2026-04-03,600276,57.13679095,57.301475524902344,56.8280511,0.002882286039593396,-0.005403521004008982
2026-04-03,601808,15.7841379,15.193221092224121,15.4909341,-0.03743738248611461,-0.018575851393188736
2026-04-03,601872,19.16766984,16.387216567993164,18.78372576,-0.14505953489476608,-0.02003081664098605
2026-04-03,601899,32.6344608,29.180908203125,33.255225,-0.10582533040886033,0.01902173913043481
2026-04-03,601975,4.77288,3.9197072982788086,4.752993,-0.1787542745095605,-0.004166666666666652
2026-04-10,2050,43.48772472,41.893028259277344,45.47437272,-0.03667003668254132,0.04568296025582441
2026-04-10,2028,201.82509576,174.84002685546875,214.96941816,-0.13370522036873211,0.06512729425695674
2026-04-10,2179,36.3852548,35.01786422729492,35.1421577,-0.037580898642080585,-0.034164859002169146
2026-04-10,2156,44.68993594,44.38770294189453,47.96626562,-0.006762887252987793,0.07331247206079583
2026-04-10,21,27.5419715,25.81735610961914,28.60586715,-0.06261771748550604,0.03862815884476545
2026-04-10,768,23.88927024,25.08955192565918,24.54458688,0.05024354756762062,0.02743142144638422
2026-04-10,603662,54.3628839,59.99469757080078,56.5493253,0.1035966686601919,0.040219378427788
2026-04-10,603619,35.4063004,31.171632766723633,34.3122855,-0.11960209300140168,-0.03089887640449429
2026-04-10,2241,23.52317502,23.705324172973633,24.04944276,0.007743391477500916,0.022372308991135625
2026-04-10,2342,15.57606254,14.555145263671875,18.49345206,-0.06554398929166894,0.18729955099422702
2026-04-10,2273,29.94842974,25.148860931396484,29.2919713,-0.16026111720285197,-0.021919628030554694
2026-04-10,2371,472.41302548,411.58148193359375,473.13237532,-0.12876771017183053,0.0015227138143980579
2026-04-10,2353,111.96984624,98.38634490966797,115.7622288,-0.12131392322551449,0.033869677304649404
2026-04-10,2463,85.4421316,76.44918823242188,93.962456,-0.10525186110382712,0.0997204100652378
2026-04-10,2475,54.95712292,54.17695617675781,60.3041946,-0.014195916776390649,0.09729533490651665
2026-04-10,2384,131.9,106.08526611328125,149.55,-0.19571443431932334,0.13381349507202422
2026-04-10,2422,33.65316977,33.8919563293457,35.41816168,0.007095514656648261,0.05244652798124805
2026-04-10,2517,18.80114349,18.719890594482422,18.34427471,-0.00432169966474627,-0.024300052826201846
2026-04-10,2555,21.75134592,20.844600677490234,22.59539904,-0.04168685679703288,0.038804638715432827
2026-04-10,2595,55.1492873,54.83110809326172,60.68466694,-0.005769416475093436,0.10037082818294185
2026-04-10,2558,32.72961573,30.299667358398438,33.02742843,-0.0742431072716283,0.009099181073703333
2026-04-10,300308,692.20085036,466.937255859375,808.65304098,-0.3254309704812842,0.16823468298173205
2026-04-10,300274,123.206998,117.05641174316406,133.258619,-0.04992075415096098,0.08158319870759301
2026-04-10,2601,17.62,17.543846130371094,17.9,-0.0043220130322876305,0.015891032917139558
2026-04-10,2916,241.535682,216.6181182861328,268.51213636,-0.10316307515122003,0.11168724279835396
2026-04-10,300033,216.40987176,207.83822631835938,239.77,-0.039608384644978734,0.10794391240112455
2026-04-10,300014,64.89136062,61.731815338134766,70.74164916,-0.048689767816202045,0.09015512210105969
2026-04-10,300059,18.85595115,21.133182525634766,19.96044222,0.12076990216612682,0.058575197889182196
2026-04-10,300034,18.22894731,18.85373878479004,19.12692501,0.03427468762539543,0.049261083743842526
2026-04-10,300394,247.3650237,209.85549926757812,253.54736661,-0.15163633027566892,0.02499279331219384
2026-04-10,300191,38.72051148,33.42811965942383,37.05307326,-0.13668186752413658,-0.043063434760185704
2026-04-10,300164,14.35,11.969935417175293,13.64,-0.16585815908186108,-0.049477351916376255
2026-04-10,300580,23.868912,23.72916030883789,27.0514336,-0.005854966961297281,0.1333333333333333
2026-04-10,300476,276.23538962,265.1663818359375,303.5,-0.04007092573941895,0.09870064229462505
2026-04-10,300474,58.57,66.67188262939453,60.91,0.13832819923842465,0.03995219395595018
2026-04-10,300433,29.41528305,30.584352493286133,25.4198806,0.03974360679443234,-0.13582743511964945
2026-04-10,300418,50.46,44.56965637207031,52.02,-0.11673292960621662,0.030915576694411362
2026-04-10,600406,25.4385934,24.34478187561035,26.33031605,-0.042998113425156914,0.03505392912172578
2026-04-10,600426,29.5055675,26.342540740966797,27.19842248,-0.10720101414870953,-0.0781935483870968
2026-04-10,600316,36.93202128,36.51592254638672,39.08039373,-0.011266611444270325,0.058170995670995485
2026-04-10,600362,44.4081276,42.407989501953125,46.54720944,-0.045039910623182355,0.048168701442841355
2026-04-10,600428,9.2101044,8.221725463867188,8.8506383,-0.10731462893437049,-0.039029535864978926
2026-04-10,300502,349.54591,324.71270751953125,383.4304625,-0.0710441798059338,0.09693877551020402
2026-04-10,300760,154.716681,176.92938232421875,158.8345402,0.14357017731151278,0.026615483045425492
2026-04-10,300750,382.5840899,370.4730529785156,445.3589198,-0.031655882304593375,0.16408113028539195
2026-04-10,400,27.73029214,27.02680206298828,25.77996456,-0.025369010663863767,-0.07033202427704388
2026-04-10,426,43.56,42.333656311035156,44.75,-0.028152977248963373,0.02731864095500458
2026-04-10,600160,34.3735424,33.40212631225586,33.7791872,-0.028260575428622037,-0.01729106628242061
2026-04-10,600183,58.8710256,54.388572692871094,67.18456908,-0.07614022112651808,0.14121621621621627
2026-04-10,600118,79.11702268,78.58489990234375,85.47597964,-0.006725768483585415,0.08037406798938451
2026-04-10,600111,51.657032,48.89308166503906,49.2536836,-0.05350579055647131,-0.04652509652509651
2026-04-10,600089,26.29280412,25.46987533569336,27.4928498,-0.03129863138791911,0.04564160119715677
2026-04-10,600026,24.9098814,20.495147705078125,21.43068435,-0.17722821012395007,-0.13967136150234738
2026-04-10,600309,86.17874992,79.10633087158203,88.6483088,-0.08206685586624685,0.02865623929672334
2026-04-10,600489,27.78,25.77696418762207,27.07,-0.07210352096392836,-0.025557955363570972
2026-04-10,600276,56.7284576,56.050540924072266,57.23638445,-0.011950204617016347,0.008953651685393416
2026-04-10,601808,15.35410566,14.80777359008789,14.99248764,-0.03558214864545284,-0.02355187778485035
2026-04-10,601872,19.443322,17.293062210083008,17.79925376,-0.11059117315019473,-0.08455696202531637
2026-04-10,601899,33.403026,29.63897132873535,34.782502,-0.11268603842252634,0.041297935103244976
2026-04-10,601975,4.951863,4.372649192810059,4.3453095,-0.11696886751308377,-0.12248995983935751
2026-04-17,2050,45.47437272,41.701690673828125,44.85851184,-0.08296281664843319,-0.013543031891655732
2026-04-17,2028,214.96941816,187.9268341064453,223.04521018,-0.12579735427030425,0.03756716694459872
2026-04-17,2179,35.1421577,35.75751876831055,35.36907225,0.017510622812740628,0.006457046603032035
2026-04-17,2156,47.96626562,45.95579528808594,47.18713844,-0.04191425590312747,-0.016243231986672324
2026-04-17,21,28.60586715,27.4317569732666,28.56609535,-0.04104438332796356,-0.0013903371567605127
2026-04-17,768,24.54458688,25.37952423095703,24.10770912,0.03401716863433446,-0.017799352750809128
2026-04-17,603662,56.5493253,58.8001708984375,55.68468711,0.039803226413339665,-0.015289982425307547
2026-04-17,603619,34.3122855,30.871601104736328,33.20832501,-0.10027558191259722,-0.032173913043478164
2026-04-17,2241,24.04944276,24.083972930908203,24.13880898,0.0014357992096862837,0.0037159372419488523
2026-04-17,2342,18.49345206,16.289464950561523,18.94304976,-0.11917662004302276,0.024311183144246407
2026-04-17,2273,29.2919713,27.90042495727539,33.30034632,-0.04750606671271074,0.13684210526315788
2026-04-17,2371,473.13237532,424.0899658203125,474.571075,-0.10365473186339869,0.003040797364642245
2026-04-17,2353,115.7622288,99.45584106445312,129.78707664,-0.1408610382210167,0.12115219260533117
2026-04-17,2463,93.962456,79.44125366210938,106.1258163,-0.1545426009074372,0.12944915254237288
2026-04-17,2475,60.3041946,53.12765121459961,67.60653876,-0.11900570819331346,0.12109181141439218
2026-04-17,2384,149.55,117.33547973632812,186.66,-0.21540969751703032,0.24814443329989966
2026-04-17,2422,35.41816168,33.56196212768555,32.7361628,-0.05240812804134365,-0.07572383073496647
2026-04-17,2517,18.34427471,17.35875129699707,17.25176241,-0.0537237600604451,-0.059556036816459046
2026-04-17,2555,22.59539904,20.786895751953125,20.6647488,-0.08003856381758656,-0.08544439673679682
2026-04-17,2595,60.68466694,53.94184112548828,61.93898942,-0.11111251250960097,0.020669512469108087
2026-04-17,2558,33.02742843,30.24489402770996,31.64756292,-0.08424919936432484,-0.041779380823564805
2026-04-17,300308,808.65304098,590.39794921875,895.939746,-0.2698995498696801,0.10794086041427353
2026-04-17,300274,133.258619,126.30891418457031,133.855745,-0.0521520098856022,0.004480955937266717
2026-04-17,2601,17.9,17.766496658325195,17.53,-0.007458287244402451,-0.02067039106145241
2026-04-17,2916,268.51213636,237.09628295898438,299.4843662,-0.11699975214116842,0.11534759754201529
2026-04-17,300033,239.77,216.5469207763672,236.01,-0.09685565009647923,-0.015681694957667802
2026-04-17,300014,70.74164916,66.41964721679688,71.62866054,-0.0610955779872735,0.01253874330797422
2026-04-17,300059,19.96044222,20.644453048706055,19.89,0.03426832036920935,-0.0035290911505667655
2026-04-17,300034,19.12692501,18.751628875732422,19.96503753,-0.019621352312060858,0.04381846635367759
2026-04-17,300394,253.54736661,204.5402069091797,249.63972657,-0.19328601340278118,-0.015411873892623218
2026-04-17,300191,37.05307326,33.036773681640625,43.0838079,-0.10839315676130701,0.162759364052816
2026-04-17,300164,13.64,12.623222351074219,13.9,-0.07454381590364967,0.019061583577712593
2026-04-17,300580,27.0514336,25.938682556152344,28.97089194,-0.041134642263382926,0.07095588235294126
2026-04-17,300476,303.5,301.5190734863281,331.95,-0.006526940736974907,0.09373970345963745
2026-04-17,300474,60.91,64.18006134033203,62.12,0.053686772949138595,0.019865375143654607
2026-04-17,300433,25.4198806,26.345964431762695,26.371639,0.036431478429631126,0.03744149765990645
2026-04-17,300418,52.02,50.11631774902344,52.36,-0.03659519898071062,0.006535947712418277
2026-04-17,600406,26.33031605,25.784767150878906,26.40870925,-0.02071942084117495,0.0029772981019724476
2026-04-17,600426,27.19842248,25.48892593383789,27.66289722,-0.06285278300310126,0.017077267637177984
2026-04-17,600316,39.08039373,38.45696258544922,41.25874347,-0.015952529773828883,0.05574021989261069
2026-04-17,600362,46.54720944,43.85096740722656,44.02368432,-0.05792489099156273,-0.054214315967810345
2026-04-17,600428,8.8506383,8.087566375732422,8.8020618,-0.08621659799017867,-0.005488474204171201
2026-04-17,300502,383.4304625,309.69378662109375,433.92201252,-0.19230781873233727,0.13168372093023262
2026-04-17,300760,158.8345402,175.50927734375,159.4086648,0.10498180762668907,0.0036146080019943128
2026-04-17,300750,445.3589198,417.9776306152344,437.3164488,-0.06148139841245781,-0.01805840332918829
2026-04-17,400,25.77996456,24.274057388305664,25.8888661,-0.0584138573266656,0.004224270353302639
2026-04-17,426,44.75,39.02643966674805,41.1,-0.12790078956987605,-0.08156424581005584
2026-04-17,600160,33.7791872,34.382774353027344,33.29379712,0.017868610912797234,-0.014369501466275691
2026-04-17,600183,67.18456908,59.695213317871094,74.53350285,-0.11147434395554379,0.10938425103611604
2026-04-17,600118,85.47597964,84.1762924194336,101.983272,-0.015205291896510764,0.1931220025734004
2026-04-17,600111,49.2536836,44.10831832885742,47.0298384,-0.10446660828313314,-0.045150840251062974
2026-04-17,600089,27.4928498,26.702869415283203,27.22726592,-0.028734030501152197,-0.009660107334525825
2026-04-17,600026,21.43068435,20.669265747070312,20.90441925,-0.03552936483475799,-0.024556616643929052
2026-04-17,600309,88.6483088,81.65320587158203,86.2377832,-0.07890847578603732,-0.02719200887902329
2026-04-17,600489,27.07,25.00787925720215,25.83,-0.07617734550416888,-0.04580716660509798
2026-04-17,600276,57.23638445,55.70597839355469,56.170734,-0.026738342597133036,-0.018618409605011266
2026-04-17,601808,14.99248764,14.849356651306152,14.89475304,-0.009546847203126818,-0.006518904823989646
2026-04-17,601872,17.79925376,17.357799530029297,17.24794944,-0.0248018392188315,-0.030973451327433676
2026-04-17,601899,34.782502,32.26069259643555,33.895696,-0.07250224275310768,-0.025495750708215303
2026-04-17,601975,4.3453095,4.321055889129639,4.4845185,-0.005581561191524198,0.03203661327231133
2026-04-24,2050,44.85851184,40.610958099365234,46.60676208,-0.0946877987344924,0.03897254207263079
2026-04-24,2028,223.04521018,190.2272186279297,194.17749,-0.14713605159055343,-0.12942542077771324
2026-04-24,2179,35.36907225,35.150150299072266,36.0695476,-0.006189643578444093,0.019804741980474105
2026-04-24,2156,47.18713844,44.18787384033203,51.71206937,-0.0635610613150791,0.09589331075359864
2026-04-24,21,28.56609535,26.680200576782227,29.0532999,-0.06601864028356874,0.017055342847198007
2026-04-24,768,24.10770912,23.8530330657959,23.333244,-0.010564091881829607,-0.032125205930807144
2026-04-24,603662,55.68468711,58.14354705810547,55.8536394,0.044156842315522304,0.003034088880956576
2026-04-24,603619,33.20832501,29.18775177001953,33.47685594,-0.121071244598147,0.008086253369272045
2026-04-24,2241,24.13880898,23.409473419189453,24.327471,-0.0302142314235484,0.007815713698066551
2026-04-24,2342,18.94304976,16.137990951538086,19.79228986,-0.1480785218853754,0.04483122362869185
2026-04-24,2273,33.30034632,26.179349899291992,32.822922,-0.2138415124058689,-0.01433691756272415
2026-04-24,2371,474.571075,451.3787536621094,536.50509803,-0.04887006933132332,0.13050526315789468
2026-04-24,2353,129.78707664,98.73944854736328,136.366512,-0.23921971968561884,0.05069407163126005
2026-04-24,2463,106.1258163,89.39611053466797,102.09458805,-0.15764030231852288,-0.03798536859876189
2026-04-24,2475,67.60653876,60.874725341796875,66.838396,-0.09957340727205022,-0.011361959569130886
2026-04-24,2384,186.66,121.69570922851562,186.73,-0.34803541611209887,0.0003750133933353439
2026-04-24,2422,32.7361628,32.83763122558594,34.08702253,0.0030995821411889946,0.04126506024096366
2026-04-24,2517,17.25176241,17.85503578186035,17.85761014,0.03496879666686481,0.03511801957397798
2026-04-24,2555,20.6647488,18.969425201416016,20.79087168,-0.08203940028460377,0.00610328638497637
2026-04-24,2595,61.93898942,54.83042907714844,59.61440265,-0.11476713471460387,-0.03753026634382561
2026-04-24,2558,31.64756292,28.37413787841797,32.58070938,-0.10343371620294195,0.029485570890840807
2026-04-24,300308,895.939746,471.5376892089844,857.5,-0.47369486473370015,-0.04290438745643055
2026-04-24,300274,133.855745,125.78489685058594,136.7518061,-0.06029511956632172,0.021635687732342035
2026-04-24,2601,17.53,16.347793579101562,16.91,-0.06743904283505064,-0.03536794067313187
2026-04-24,2916,299.4843662,241.9049530029297,310.616875,-0.19226183298869748,0.03717225356787246
2026-04-24,300033,236.01,235.3011474609375,235.0,-0.003003485187333177,-0.004279479683064191
2026-04-24,300014,71.62866054,70.5763931274414,72.34624278,-0.014690591791409635,0.01001808821483241
2026-04-24,300059,19.89,20.480003356933594,20.36,0.02966331608514805,0.02362996480643531
2026-04-24,300034,19.96503753,19.53359031677246,19.60584645,-0.021610137851192812,-0.01799100449775104
2026-04-24,300394,249.63972657,217.368408203125,219.2699475,-0.12927156590930644,-0.1216544317175583
2026-04-24,300191,43.0838079,36.966434478759766,43.31345508,-0.14198776105025368,0.005330243337195784
2026-04-24,300164,13.9,12.881267547607422,13.48,-0.07329010448867468,-0.030215827338129442
2026-04-24,300580,28.97089194,27.04457664489746,28.7918751,-0.06649140451360713,-0.006179196704428569
2026-04-24,300476,331.95,312.2193298339844,328.49,-0.059438681024297724,-0.01042325651453524
2026-04-24,300474,62.12,64.81782531738281,65.98,0.04342925494821026,0.06213779781068918
2026-04-24,300433,26.371639,26.23516082763672,25.46945135,-0.005175187342860266,-0.03421052631578936
2026-04-24,300418,52.36,48.05654525756836,48.86,-0.08218973916026817,-0.0668449197860963
2026-04-24,600406,26.40870925,25.590770721435547,25.44839255,-0.030972302387874295,-0.036363636363636376
2026-04-24,600426,27.66289722,26.985570907592773,29.315209,-0.024485009904079313,0.059730250481695446
2026-04-24,600316,41.25874347,38.699134826660156,36.58228623,-0.0620379688780629,-0.11334463550496487
2026-04-24,600362,44.02368432,39.7896728515625,44.81228592,-0.09617576388339644,0.017913121361397222
2026-04-24,600428,8.8020618,7.997894287109375,8.3162968,-0.09136126638995257,-0.05518763796909498
2026-04-24,300502,433.92201252,343.767578125,375.07702861,-0.20776644602892713,-0.13561188926152423
2026-04-24,300760,159.4086648,169.30935668945312,166.694108,0.06210886906226154,0.0457029309488326
2026-04-24,300750,437.3164488,410.98858642578125,434.426912,-0.06020322914096332,-0.006607427660059173
2026-04-24,400,25.8888661,25.699453353881836,24.93845266,-0.007316378607951646,-0.03671128107074573
2026-04-24,426,41.1,37.03072738647461,42.38,-0.09900906602251558,0.03114355231143562
2026-04-24,600160,33.29379712,34.784263610839844,36.28538496,0.0447670923646164,0.08985421005653094
2026-04-24,600183,74.53350285,66.9283676147461,76.08483393,-0.10203646607834038,0.020813875917278235
2026-04-24,600118,101.983272,86.99905395507812,102.7831408,-0.14692819470355756,0.007843137254901933
2026-04-24,600111,47.0298384,45.88651657104492,52.8936096,-0.024310562567339766,0.12468193384223913
2026-04-24,600089,27.22726592,26.60296058654785,26.38133208,-0.02292941697805806,-0.03106936416184969
2026-04-24,600026,20.90441925,19.4628963470459,21.04085835,-0.0689578067543829,0.006526806526806483
2026-04-24,600309,86.2377832,81.11412811279297,88.09733152,-0.05941311217757539,0.02156303479749
2026-04-24,600489,25.83,24.532472610473633,25.96,-0.05023334841371918,0.005032907471931969
2026-04-24,600276,56.170734,53.598751068115234,53.6609778,-0.045788665177221466,-0.04468085106382991
2026-04-24,601808,14.89475304,14.690424919128418,14.7579246,-0.013718127472329145,-0.009186351706036655
2026-04-24,601872,17.24794944,15.452502250671387,17.3267072,-0.10409626927388604,0.004566210045662267
2026-04-24,601899,33.895696,31.61189079284668,32.811822,-0.06737743951778774,-0.03197674418604657
2026-04-24,601975,4.4845185,4.144658088684082,4.454688,-0.07578526241243466,-0.006651884700665245
2026-05-01,2050,46.60676208,44.79196548461914,50.58005808,-0.03893848262331079,0.08525149190110826
2026-05-01,2028,194.17749,173.62258911132812,197.5133597,-0.10585624980872854,0.01717948717948703
2026-05-01,2179,36.0695476,36.479736328125,40.30199725,0.01137216171031219,0.1173413566739605
2026-05-01,2156,51.71206937,52.362396240234375,59.41344188,0.012575920440957011,0.1489279505505119
2026-05-01,21,29.0532999,27.706140518188477,32.12567145,-0.04636854974988647,0.10574948665297734
2026-05-01,768,23.333244,24.600549697875977,25.3686972,0.05431330927992595,0.08723404255319145
2026-05-01,603662,55.8536394,60.798255920410156,60.96196158,0.08852809903753833,0.09145907473309611
2026-05-01,603619,33.47685594,27.514083862304688,28.842211,-0.17811625107155482,-0.13844325609031494
2026-05-01,2241,24.327471,24.652847290039062,25.08211908,0.013374850597460908,0.031020408163265234
2026-05-01,2342,19.79228986,14.217543601989746,20.3817624,-0.28166252098382794,0.029782937910146412
2026-05-01,2273,32.822922,26.214540481567383,37.78614566,-0.20133434550502893,0.15121212121212135
2026-05-01,2371,536.50509803,489.4767761230469,580.92495065,-0.08765680341088466,0.08279483789269815
2026-05-01,2353,136.366512,92.93241119384766,143.1350688,-0.31851002250576255,0.04963503649635026
2026-05-01,2463,102.09458805,89.53646850585938,108.68,-0.12300475259266819,0.06450304639825633
2026-05-01,2475,66.838396,64.5206527709961,77.00381772,-0.03467682301956965,0.15208955223880594
2026-05-01,2384,186.73,132.10940551757812,219.46,-0.2925110827527546,0.17527981577679008
2026-05-01,2422,34.08702253,34.2509765625,33.5,0.004809866639296612,-0.017221290873480122
2026-05-01,2517,17.85761014,18.55382537841797,17.7781547,0.03898703314496088,-0.004449388209121108
2026-05-01,2555,20.79087168,19.57298469543457,20.9072928,-0.0585779664898316,0.005599626691553894
2026-05-01,2595,59.61440265,51.0456657409668,58.14,-0.1437360189506689,-0.024732322802197948
2026-05-01,2558,32.58070938,33.87617111206055,31.39938567,0.039761618353705286,-0.03625837903717244
2026-05-01,300308,857.5,656.86572265625,1017.99,-0.23397583363702623,0.18716034985422736
2026-05-01,300274,136.7518061,125.49464416503906,139.85,-0.08231819568605281,0.022655597672577965
2026-05-01,2601,16.91,17.07065200805664,17.55,0.009500414432681348,0.03784742755765813
2026-05-01,2916,310.616875,273.64508056640625,327.80268546,-0.11902699888276758,0.055328000000000044
2026-05-01,300033,235.0,239.8444366455078,251.92,0.0206146240234375,0.07199999999999984
2026-05-01,300014,72.34624278,67.59442901611328,67.86135378,-0.06568155554859512,-0.06199200991872156
2026-05-01,300059,20.36,21.986906051635742,21.27,0.07990697699586158,0.0446954813359528
2026-05-01,300034,19.60584645,18.506683349609375,20.68341969,-0.0560630270768353,0.05496183206106875
2026-05-01,300394,219.2699475,202.40621948242188,244.19184885,-0.07690852398994685,0.11365853658536595
2026-05-01,300191,43.31345508,35.573341369628906,36.4939323,-0.17869998355188,-0.1574458275703089
2026-05-01,300164,13.48,11.091203689575195,12.7,-0.17721040878522287,-0.05786350148367958
2026-05-01,300580,28.7918751,26.266807556152344,28.81176586,-0.08770069802948177,0.000690846286701241
2026-05-01,300476,328.49,330.51123046875,375.43,0.00615309588952484,0.14289628299187185
2026-05-01,300474,65.98,68.77253723144531,68.57,0.042323995626633915,0.03925431949075464
2026-05-01,300433,25.46945135,25.63518714904785,30.2183292,0.006507238682542438,0.18645387310237438
2026-05-01,300418,48.86,44.20470428466797,52.63,-0.09527825860278405,0.07715923045435935
2026-05-01,600406,25.44839255,25.10035514831543,26.3597135,-0.01367620375238876,0.03581055063534855
2026-05-01,600426,29.315209,26.157644271850586,26.64257566,-0.10771080390896803,-0.09116883116883123
2026-05-01,600316,36.58228623,35.234928131103516,34.19409546,-0.03683088832735548,-0.06528270964217431
2026-05-01,600362,44.81228592,38.85388946533203,48.43985328,-0.1329634570596342,0.0809502859656841
2026-05-01,600428,8.3162968,7.654078006744385,7.9276848,-0.07962904754140265,-0.04672897196261683
2026-05-01,300502,375.07702861,363.9752197265625,422.67947468,-0.029598743822248363,0.12691378687308608
2026-05-01,300760,166.694108,174.01821899414062,164.7044693,0.0439374317545802,-0.0119358669833729
2026-05-01,300750,434.426912,412.88006591796875,429.69405,-0.04959832249534135,-0.01089449541284404
2026-05-01,400,24.93845266,25.734914779663086,26.9778815,0.031937110554600245,0.08177848352520845
2026-05-01,426,42.38,39.07231521606445,50.95,-0.07804824879508143,0.2022180273714016
2026-05-01,600160,36.28538496,36.257320404052734,34.82921472,-0.0007734396638813257,-0.040131040131040074
2026-05-01,600183,76.08483393,68.76846313476562,85.14420966,-0.09616069875325783,0.11906940269245858
2026-05-01,600118,102.7831408,96.41551971435547,111.64168776,-0.061951999482433906,0.08618677042801548
2026-05-01,600111,52.8936096,52.52267837524414,54.2897456,-0.007012779569421923,0.02639517345399711
2026-05-01,600089,26.38133208,25.222450256347656,28.46665736,-0.04392810113371437,0.07904548844146153
2026-05-01,600026,21.04085835,19.6861572265625,21.58661475,-0.06438430889572055,0.025937934228809523
2026-05-01,600309,88.09733152,80.76705932617188,81.94803152,-0.08320651792005751,-0.06980120616484253
2026-05-01,600489,25.96,23.173315048217773,26.83,-0.10734533712566363,0.033513097072418896
2026-05-01,600276,53.6609778,55.55288314819336,55.88191285,0.035256632021218204,0.04138827023014113
2026-05-01,601808,14.7579246,14.575702667236328,13.98582126,-0.012347395565611707,-0.05231788079470201
2026-05-01,601872,17.3267072,16.360227584838867,17.51375688,-0.055779762652255926,0.010795454545454497
2026-05-01,601899,32.811822,29.76350212097168,34.0730572,-0.09290309690904452,0.038438438438438416
2026-05-01,601975,4.454688,4.0771260261535645,4.633671,-0.08475609826017794,0.0401785714285714
2026-05-08,2050,49.98406368,48.542903900146484,49.10000532,-0.02883238523942111,-0.017686804451510274
2026-05-08,2028,205.80822376,180.48989868164062,201.9445896,-0.12301901554664763,-0.018772982388232995
2026-05-08,2179,36.11887685,35.4493293762207,39.8383023,-0.01853732818326259,0.10297732859874364
2026-05-08,2156,59.01388948,53.69650650024414,57.3357694,-0.0901039234425981,-0.028436018957346043
2026-05-08,21,31.3600643,30.067974090576172,34.1440903,-0.04120177168845374,0.08877615726062138
2026-05-08,768,23.29352784,24.43057632446289,24.05806392,0.04881392343285729,0.03282182438192671
2026-05-08,603662,58.58669115,59.001312255859375,60.01781643,0.007077052786575999,0.02442748091603053
2026-05-08,603619,29.05106839,27.459060668945312,28.62340802,-0.054800315764038876,-0.014720985963711075
2026-05-08,2241,25.16155572,24.25916862487793,25.15162614,-0.035863724213395676,-0.00039463299131803353
2026-05-08,2342,22.10022472,16.579425811767578,19.89220046,-0.24980736522720848,-0.09990958408679917
2026-05-08,2273,34.87186804,27.583755493164062,38.60174554,-0.20899690657455072,0.10695949800342275
2026-05-08,2371,551.64141758,467.5362548828125,563.8903468,-0.15246346633316465,0.022204513348063726
2026-05-08,2353,150.1027008,111.03485107421875,138.02878992,-0.26027412909669145,-0.08043766578249334
2026-05-08,2463,107.3799762,85.87313079833984,107.02,-0.2002872990174881,-0.0033523587240281705
2026-05-08,2475,69.35231776,60.18783950805664,75.2181352,-0.1321437919877152,0.08457997698504038
2026-05-08,2384,211.07,150.985595703125,214.89,-0.2846657710564031,0.018098261240346858
2026-05-08,2422,33.55456687,32.50764083862305,31.39,-0.03120070169384237,-0.06450886040002102
2026-05-08,2517,18.60250489,19.270673751831055,17.52985645,0.03591821992694322,-0.0576615056059796
2026-05-08,2555,21.5379072,20.46930694580078,20.5677312,-0.04961486017542216,-0.04504504504504503
2026-05-08,2595,59.54623295,57.51918029785156,59.01,-0.03404166060094038,-0.0090053211334169
2026-05-08,2558,33.1564806,31.288066864013672,30.68463519,-0.05635138899471526,-0.07455089820359284
2026-05-08,300308,877.47,778.832275390625,1078.0,-0.11241150650093457,0.22853202958505703
2026-05-08,300274,138.831795,127.5845718383789,135.03,-0.08101330939084306,-0.027384180979580397
2026-05-08,2601,16.51,17.15932273864746,17.8,0.03932905745896176,0.07813446396123558
2026-05-08,2916,321.550589,259.2266540527344,329.36322464,-0.1938231092690228,0.024296754250386465
2026-05-08,300033,247.24,236.44528198242188,237.0,-0.04366088827688941,-0.0414172464002589
2026-05-08,300014,71.56886202,65.61701965332031,65.3,-0.08316245639083153,-0.08759203154925332
2026-05-08,300059,20.73,20.99382781982422,20.18,0.012726860580039467,-0.026531596719729933
2026-05-08,300034,20.29429602,20.29253387451172,20.1546106,-8.682959421435488e-05,-0.006882989183874089
2026-05-08,300394,233.98777422,194.7919464111328,279.524616,-0.16751228964644316,0.19461205582982855
2026-05-08,300191,36.90330336,34.01811218261719,37.77196878,-0.07818246375499582,0.023538961038960915
2026-05-08,300164,12.8,11.209268569946289,12.25,-0.12427589297294617,-0.04296875
2026-05-08,300580,29.50794246,26.36376190185547,27.04148822,-0.1065537037157599,-0.08358611391978421
2026-05-08,300476,338.06,310.73431396484375,354.83,-0.08083087627982088,0.04960657871383778
2026-05-08,300474,67.3,67.4681396484375,65.59,0.0024983603036776714,-0.025408618127785942
2026-05-08,300433,27.3828823,27.662376403808594,32.03261865,0.010206891325263978,0.1698044895003623
2026-05-08,300418,54.87,50.96684265136719,49.03,-0.07113463365468942,-0.10643338800801894
2026-05-08,600406,25.9089526,25.236093521118164,26.72228205,-0.02597013817076632,0.03139183055975803
2026-05-08,600426,27.50299608,26.419971466064453,25.86591298,-0.039378423019269304,-0.05952380952380942
2026-05-08,600316,36.54231651,34.68014907836914,33.58455723,-0.0509592059146351,-0.08094066174459935
2026-05-08,600362,46.9217952,46.799652099609375,47.7103968,-0.002603120785767077,0.01680672268907557
2026-05-08,600428,8.2385744,7.748103141784668,8.0928449,-0.05953351082383029,-0.017688679245283057
2026-05-08,300502,401.9777965,338.2080078125,440.7845261,-0.15864007724491325,0.09653948535936108
2026-05-08,300760,168.772835,174.7801513671875,159.6066388,0.03559409526531643,-0.054310850439882596
2026-05-08,300750,450.01048288,422.4402160644531,425.459384,-0.061265832384839736,-0.054556726596404204
2026-05-08,400,26.01756792,25.52496337890625,26.26507142,-0.018933535317691264,0.0095129375951295
2026-05-08,426,48.14,44.671730041503906,48.17,-0.07204549145193384,0.0006231823847113738
2026-05-08,600160,35.81980672,36.204833984375,34.23485952,0.010749004521010352,-0.04424778761061954
2026-05-08,600183,81.544326,72.01787567138672,92.80142076,-0.11682542239190596,0.138048780487805
2026-05-08,600118,107.2824028,90.5699462890625,100.7834688,-0.1557800354461999,-0.06057781919850891
2026-05-08,600111,55.1573444,54.44919967651367,53.1229748,-0.012838629763443188,-0.03688302296148971
2026-05-08,600089,27.3453032,26.444292068481445,27.30595744,-0.032949392622516394,-0.0014388489208633226
2026-05-08,600026,22.11287985,20.149608612060547,22.22982765,-0.08878405939240208,0.00528867342441619
2026-05-08,600309,83.4337024,77.29662322998047,80.66897712,-0.07355635664586702,-0.0331367924528303
2026-05-08,600489,27.75,24.18510627746582,26.02,-0.12846463864988034,-0.06234234234234237
2026-05-08,600276,53.4617908,56.183555603027344,54.0991892,0.050910468248424934,0.011922503725782407
2026-05-08,601808,14.10310278,13.866297721862793,13.80012552,-0.01679099002760065,-0.021483021483021503
2026-05-08,601872,18.14381896,15.924901962280273,17.720496,-0.12229602833954467,-0.023331524688008698
2026-05-08,601899,33.9548164,30.48001480102539,33.0285968,-0.10233604440796229,-0.027278003482298252
2026-05-08,601975,4.872315,4.262877941131592,5.3197725,-0.1250816211325435,0.09183673469387754
2026-05-15,2050,49.10000532,45.71122360229492,52.47730692,-0.0690179501126188,0.06878413918672854
2026-05-15,2028,201.9445896,184.38648986816406,197.98137724,-0.08694513562662898,-0.019625246548323427
2026-05-15,2179,39.8383023,38.56108093261719,40.252668,-0.03206013543862318,0.010401188707280795
2026-05-15,2156,57.3357694,49.28993225097656,61.69089056,-0.1403284063895972,0.07595818815331024
2026-05-15,21,34.1440903,32.726280212402344,36.16250915,-0.041524318707582,0.05911473500291198
2026-05-15,768,24.05806392,24.038753509521484,22.16161728,-0.0008026585407174824,-0.07882789929839029
2026-05-15,603662,60.01781643,63.19226837158203,67.00449054,0.052891826634253736,0.11641000165590332
2026-05-15,603619,28.62340802,28.257854461669922,28.36482268,-0.012771140252574198,-0.009034051424600453
2026-05-15,2241,25.15162614,25.644821166992188,24.76437252,0.019608872374571096,-0.015396762731938574
2026-05-15,2342,19.89220046,18.924293518066406,12.77856574,-0.04865761049813966,-0.35760924158714225
2026-05-15,2273,38.60174554,31.467138290405273,36.47322878,-0.1848260266417664,-0.05514042772481331
2026-05-15,2371,563.8903468,518.3733520507812,662.39132003,-0.08071958494682774,0.17468107725017723
2026-05-15,2353,138.02878992,105.81171417236328,132.36510048,-0.2334083763706789,-0.04103266748395484
2026-05-15,2463,107.02,91.68412017822266,103.7,-0.1432991947465646,-0.031022238833862792
2026-05-15,2475,75.2181352,64.74342346191406,67.70629756,-0.13925779614496403,-0.09986737400530521
2026-05-15,2384,214.89,181.87579345703125,206.97,-0.15363305199389798,-0.036856065894178336
2026-05-15,2422,31.39,32.82785415649414,32.39,0.04580612158312003,0.031857279388340265
2026-05-15,2517,17.52985645,18.593854904174805,16.39761643,0.060696358650147664,-0.06458923512747883
2026-05-15,2555,20.5677312,20.294326782226562,19.89830976,-0.013292881704591641,-0.032547169811320775
2026-05-15,2595,59.01,58.07415008544922,56.08,-0.01585917496273137,-0.04965260125402471
2026-05-15,2558,30.68463519,30.552379608154297,27.22008078,-0.004310156566202483,-0.11290844386929799
2026-05-15,300308,1078.0,815.7259521484375,993.34,-0.2432968904003363,-0.07853432282003703
2026-05-15,300274,135.03,133.26222229003906,165.38,-0.013091740427763732,0.22476486706657783
2026-05-15,2601,17.8,16.837879180908203,16.11,-0.05405173140965158,-0.09494382022471914
2026-05-15,2916,329.36322464,271.62701416015625,341.80777912,-0.17529646955257516,0.03778367938194105
2026-05-15,300033,237.0,246.37893676757812,236.2,0.039573572858979444,-0.0033755274261604296
2026-05-15,300014,65.3,64.1114273071289,63.95,-0.018201725771379684,-0.020673813169984623
2026-05-15,300059,20.18,20.850004196166992,19.98,0.03320139723325033,-0.009910802775024763
2026-05-15,300034,20.1546106,20.128658294677734,19.43622844,-0.0012876609643982517,-0.035643564356435675
2026-05-15,300394,279.524616,226.18453979492188,240.45534633,-0.19082425357871924,-0.13977040816326525
2026-05-15,300191,37.77196878,33.395503997802734,37.13295054,-0.11586541352100699,-0.016917790113666342
2026-05-15,300164,12.25,11.48410701751709,11.7,-0.06252187612105387,-0.044897959183673564
2026-05-15,300580,27.04148822,26.422975540161133,27.1011605,-0.022872730776016037,0.0022066936373665857
2026-05-15,300476,354.83,317.9851989746094,331.4,-0.10383789709266578,-0.06603162077614633
2026-05-15,300474,65.59,70.19508361816406,62.3,0.070210148165331,-0.050160085378868846
2026-05-15,300433,32.03261865,30.66534423828125,36.19656165,-0.04268381635164109,0.1299907149489321
2026-05-15,300418,49.03,45.7492790222168,46.35,-0.06691252249200907,-0.05466041199265759
2026-05-15,600406,26.72228205,25.62329864501953,25.1446189,-0.041126106031070364,-0.05903923725705906
2026-05-15,600426,25.86591298,25.60654640197754,23.88618458,-0.010027350599339346,-0.0765381218722403
2026-05-15,600316,33.58455723,34.24427795410156,31.13641188,0.019643573669396286,-0.0728949717346028
2026-05-15,600362,47.7103968,44.36349868774414,42.86049696,-0.07015028875751994,-0.10165289256198351
2026-05-15,600428,8.0928449,7.6927595138549805,7.6459411,-0.04943692744500994,-0.055222088835534144
2026-05-15,300502,440.7845261,369.31011962890625,403.761194,-0.16215271235469475,-0.08399417381453311
2026-05-15,300760,159.6066388,169.6700439453125,156.6568262,0.06305129423797173,-0.01848176631108911
2026-05-15,300750,425.459384,422.3863220214844,410.14483896,-0.007222926780046324,-0.03599531615925056
2026-05-15,400,26.26507142,26.239408493041992,25.67106302,-0.0009770743261131587,-0.022615906520919826
2026-05-15,426,48.17,46.79499053955078,39.86,-0.02854493378553502,-0.1725140128710816
2026-05-15,600160,34.23485952,35.00407791137695,32.27348736,0.02246886367176626,-0.05729166666666674
2026-05-15,600183,92.80142076,74.67597198486328,97.64435817,-0.19531434569317818,0.052186026575224975
2026-05-15,600118,100.7834688,97.44435119628906,85.25601572,-0.03313160028592832,-0.15406746031746033
2026-05-15,600111,53.1229748,55.07822799682617,50.5800128,0.03680616916103441,-0.04786934484700589
2026-05-15,600089,27.30595744,26.285425186157227,25.48621604,-0.03737397804435949,-0.06664265129683
2026-05-15,600026,22.22982765,17.91386604309082,22.0446603,-0.1941518249651918,-0.008329679964927728
2026-05-15,600309,80.66897712,76.88945770263672,76.24148112,-0.04685220455617045,-0.05488474204171234
2026-05-15,600489,26.02,23.972145080566406,22.78,-0.07870310989368157,-0.12451960030745579
2026-05-15,600276,54.0991892,54.59056854248047,51.24085575,0.009082933584529052,-0.052835051546391676
2026-05-15,601808,13.80012552,13.627943992614746,13.37009328,-0.012476808789580796,-0.031161473087818692
2026-05-15,601872,17.720496,16.764007568359375,17.5236016,-0.05397639161119561,-0.011111111111111183
2026-05-15,601899,33.0285968,31.838998794555664,29.5503466,-0.03601721298206462,-0.105310262529833
2026-05-15,601975,5.3197725,4.89764928817749,5.6976255,-0.079349861638352,0.07102803738317753
2026-05-22,2050,52.47730692,51.382965087890625,48.28547964,-0.02085362028538662,-0.07987885671020256
2026-05-22,2028,197.98137724,169.84396362304688,204.0357318,-0.14212151672651496,0.030580424504577097
2026-05-22,2179,40.252668,38.05880355834961,38.99,-0.05450233613459832,-0.031368554253347836
2026-05-22,2156,61.69089056,51.390769958496094,69.3,-0.16696339618385148,0.12334251249946604
2026-05-22,21,36.16250915,31.617904663085938,42.40668175,-0.1256717134329176,0.17266978278801215
2026-05-22,768,22.16161728,23.372135162353516,21.53608776,0.05462227178907009,-0.028225806451612878
2026-05-22,603662,67.00449054,64.54379272460938,63.33723201,-0.03672437168851628,-0.054731533669534316
2026-05-22,603619,28.36482268,27.061016082763672,26.06739139,-0.04596561776342922,-0.08099579242636745
2026-05-22,2241,24.76437252,25.105619430541992,28.2000072,0.013779751950767194,0.13873295910184447
2026-05-22,2342,12.77856574,11.2747163772583,11.99926306,-0.11768530156982226,-0.0609851446442532
2026-05-22,2273,36.47322878,32.38307189941406,43.49534482,-0.1121413435935994,0.19252795200436323
2026-05-22,2371,662.39132003,547.4779663085938,658.404923,-0.17348257781548493,-0.006018190319612593
2026-05-22,2353,132.36510048,116.78375244140625,147.39527808,-0.11771492623123903,0.11355090991126482
2026-05-22,2463,103.7,87.22042846679688,133.06,-0.1589158296355171,0.2831243972999036
2026-05-22,2475,67.70629756,63.84580993652344,72.6244064,-0.057018146946456016,0.07263886842492995
2026-05-22,2384,206.97,176.78085327148438,219.0,-0.14586242802587635,0.05812436585012315
2026-05-22,2422,32.39,32.09328079223633,35.02,-0.009160827655562587,0.08119790058660081
2026-05-22,2517,16.39761643,18.122377395629883,15.82156449,0.10518363891439586,-0.03513022410660205
2026-05-22,2555,19.89830976,21.36845588684082,19.18590086,0.07388296516501813,-0.0358024831552326
2026-05-22,2595,56.08,52.145172119140625,52.65,-0.0701645485174639,-0.06116262482168333
2026-05-22,2558,27.22008078,26.616825103759766,26.18766342,-0.022162155987555998,-0.03792851932895702
2026-05-22,300308,993.34,762.0615844726562,1197.99,-0.23282905704727863,0.20602210723417969
2026-05-22,300274,165.38,150.6479034423828,190.09,-0.08908027910035787,0.14941347200387
2026-05-22,2601,16.11,16.754432678222656,14.49,0.040002028443367976,-0.1005586592178771
2026-05-22,2916,341.80777912,273.6905517578125,395.87996472,-0.19928518753305868,0.15819471908805394
2026-05-22,300033,236.2,225.30520629882812,236.52,-0.04612529086016881,0.001354784081287086
2026-05-22,300014,63.95,65.24239349365234,65.84,0.020209436960943572,0.029554339327599655
2026-05-22,300059,19.98,20.094512939453125,19.19,0.0057313783510073435,-0.03953953953953948
2026-05-22,300034,19.43622844,18.571706771850586,19.68566669,-0.04447990878570962,0.012833675564681846
2026-05-22,300394,240.45534633,203.87152099609375,319.14295188,-0.15214394644275764,0.32724415052934375
2026-05-22,300191,37.13295054,34.270469665527344,33.6,-0.07708735322255544,-0.09514327540964651
2026-05-22,300164,11.7,10.076065063476562,10.35,-0.13879785782251597,-0.11538461538461531
2026-05-22,300580,27.1011605,26.079374313354492,25.08224836,-0.03770267279312656,-0.0744954128440366
2026-05-22,300476,331.4,280.14080810546875,375.3,-0.15467468887909241,0.13246831623415822
2026-05-22,300474,62.3,65.4537353515625,63.31,0.050621755241773814,0.016211878009630976
2026-05-22,300433,36.19656165,34.36940002441406,39.88462545,-0.05047887264137252,0.10188989317995079
2026-05-22,300418,46.35,42.28375244140625,44.29,-0.08772918141518338,-0.04444444444444451
2026-05-22,600406,25.1446189,24.24076271057129,24.5958665,-0.035946306962270635,-0.021823850350740526
2026-05-22,600426,23.88618458,23.815608978271484,22.56890376,-0.0029546619926736906,-0.05514823079375186
2026-05-22,600316,31.13641188,35.136741638183594,29.70749439,0.12847754499140418,-0.04589216944801022
2026-05-22,600362,42.86049696,42.280757904052734,42.85063944,-0.013526186046986632,-0.00022999080036789632
2026-05-22,600428,7.6459411,7.272547721862793,7.3253362,-0.04883550281824789,-0.041931385006353294
2026-05-22,300502,403.761194,360.6189880371094,512.43430406,-0.10685079845214296,0.2691519434628977
2026-05-22,300760,156.6568262,169.96961975097656,150.78,0.08498061574399851,-0.03751401290676737
2026-05-22,300750,410.14483896,403.41741943359375,414.18022656,-0.016402545850546124,0.009838933022374485
2026-05-22,400,25.67106302,24.369773864746094,26.4333738,-0.05069089481179978,0.029695333590435746
2026-05-22,426,39.86,39.150726318359375,39.59,-0.017794121466147117,-0.0067737079779226494
2026-05-22,600160,32.27348736,31.503841400146484,34.24476544,-0.023847623012300145,0.061080417434008716
2026-05-22,600183,97.64435817,76.73780822753906,134.88624852,-0.2141091439821068,0.3814034015683878
2026-05-22,600118,85.25601572,80.33258056640625,81.95655692,-0.05774882994489694,-0.03870059810015247
2026-05-22,600111,50.5800128,48.697471618652344,50.8392952,-0.0372190728537668,0.005126182965299764
2026-05-22,600089,25.48621604,22.24449348449707,25.48621604,-0.12719512972875702,0.0
2026-05-22,600026,22.0446603,21.014667510986328,19.34511525,-0.04672300570735821,-0.12245800176834665
2026-05-22,600309,76.24148112,69.49205780029297,73.85,-0.08852691763796938,-0.031367191256895244
2026-05-22,600489,22.78,21.94411849975586,22.39,-0.036693656727135315,-0.017120280948200173
2026-05-22,600276,51.24085575,51.97063064575195,48.0,0.01424205129033096,-0.06324749465176527
2026-05-22,601808,13.37009328,13.385978698730469,12.7543653,0.0011881307331065294,-0.046052631578947456
2026-05-22,601872,17.5236016,15.1650390625,15.84015448,-0.13459348091433443,-0.09606741573033695
2026-05-22,601899,29.5503466,29.928287506103516,30.2597914,0.01278972836492942,0.02400800266755576
2026-05-22,601975,5.6976255,4.739717483520508,4.88,-0.16812407492901948,-0.14350285044181998
2026-05-29,2050,48.28547964,46.50743103027344,46.69616124,-0.03682367086302307,-0.03291503805801266
2026-05-29,2028,204.0357318,185.8434600830078,191.9867696,-0.08916218525304498,-0.05905319668130793
2026-05-29,2179,38.99,38.11564254760742,39.22,-0.022425171900297025,0.005898948448320063
2026-05-29,2156,69.3,52.19034957885742,71.1,-0.24689250246958983,0.025974025974025983
2026-05-29,21,42.40668175,33.7265625,39.4536256,-0.20468753724169886,-0.06963657678780766
2026-05-29,768,21.53608776,23.43879508972168,20.9502744,0.08834972028929355,-0.02720147533425543
2026-05-29,603662,63.33723201,65.10205078125,62.54216241,0.02786384430205846,-0.012552957790679442
2026-05-29,603619,26.06739139,24.972427368164062,25.7,-0.042005124542534356,-0.01409390700064217
2026-05-29,2241,28.2000072,27.776470184326172,24.94,-0.015019039274352775,-0.11560306268290599
2026-05-29,2342,11.99926306,12.297486305236816,11.05,0.024853463395677622,-0.07911011328390694
2026-05-29,2273,43.49534482,33.98149871826172,37.18,-0.21873251358530743,-0.1451958789184281
2026-05-29,2371,658.404923,574.8397827148438,626.433819,-0.12692058847979837,-0.04855842185129
2026-05-29,2353,147.39527808,135.1324920654297,156.61245984,-0.08319660015102104,0.06253376553214496
2026-05-29,2463,133.06,109.84833526611328,140.82,-0.1744450979549581,0.0583195550879303
2026-05-29,2475,72.6244064,68.20016479492188,74.41008892,-0.06091948732372876,0.024587912087912223
2026-05-29,2384,219.0,193.27122497558594,237.8,-0.11748299097905968,0.0858447488584475
2026-05-29,2422,35.02,34.84987258911133,33.88,-0.004858007164154077,-0.03255282695602513
2026-05-29,2517,15.82156449,18.36444664001465,15.12632939,0.16072254748396553,-0.043942247332077855
2026-05-29,2555,19.18590086,18.490169525146484,19.0,-0.036262635772502105,-0.00968945171543023
2026-05-29,2595,52.65,49.023895263671875,52.24,-0.06887188483054363,-0.007787274453941007
2026-05-29,2558,26.18766342,27.110660552978516,25.25,0.03524549396314636,-0.035805539614652604
2026-05-29,300308,1197.99,867.6025390625,1280.0,-0.27578482369427126,0.06845633102112703
2026-05-29,300274,190.09,165.73651123046875,164.35,-0.12811557035894183,-0.13540954284812456
2026-05-29,2601,14.49,15.667805671691895,13.95,0.0812840353134503,-0.037267080745341685
2026-05-29,2916,395.87996472,286.90631103515625,393.38,-0.2752694336575461,-0.006314956407981298
2026-05-29,300033,236.52,238.1563720703125,221.2,0.006918535727686859,-0.06477253509216985
2026-05-29,300014,65.84,63.96609878540039,59.66,-0.028461440075935762,-0.09386391251518844
2026-05-29,300059,19.19,20.779781341552734,18.74,0.08284425959107522,-0.02344971339239199
2026-05-29,300034,19.68566669,19.402870178222656,17.7600034,-0.014365604997315207,-0.09782057780030429
2026-05-29,300394,319.14295188,238.52154541015625,342.59592285,-0.252618477064654,0.0734873536509073
2026-05-29,300191,33.6,32.67198181152344,31.3,-0.027619588942754847,-0.06845238095238093
2026-05-29,300164,10.35,10.11394214630127,9.66,-0.022807522096495614,-0.06666666666666665
2026-05-29,300580,25.08224836,25.615644454956055,22.60584874,0.021265880446614593,-0.09873116574147511
2026-05-29,300476,375.3,306.8529968261719,366.72,-0.182379438246278,-0.02286171063149478
2026-05-29,300474,63.31,64.9826431274414,58.13,0.0264198882868647,-0.08181961775390934
2026-05-29,300433,39.88462545,34.67240905761719,43.2653506,-0.13068234522891364,0.0847626149639571
2026-05-29,300418,44.29,40.831207275390625,40.48,-0.07809421369630554,-0.08602393316775803
2026-05-29,600406,24.5958665,24.068805694580078,23.321977,-0.021428836647000127,-0.05179282868525892
2026-05-29,600426,22.56890376,22.450937271118164,21.5866539,-0.005226948111273111,-0.04352226720647767
2026-05-29,600316,29.70749439,33.490360260009766,27.83890998,0.12733708943434618,-0.06289942818701655
2026-05-29,600362,42.85063944,40.717315673828125,45.3938796,-0.04978510925511348,0.059351276742581005
2026-05-29,600428,7.3253362,7.139338970184326,7.3933433,-0.025390947901568484,0.009283819628647105
2026-05-29,300502,512.43430406,326.23248291015625,553.52378246,-0.36336720565850666,0.080184870674054
2026-05-29,300760,150.78,166.19390869140625,142.59,0.10222780668129894,-0.05431754874651806
2026-05-29,300750,414.18022656,399.26025390625,406.7272144,-0.036022899445656176,-0.017994611239414926
2026-05-29,400,26.4333738,25.400190353393555,23.86923754,-0.039086325280446976,-0.09700374531835199
2026-05-29,426,39.59,40.571868896484375,39.89,0.024800931964747974,0.007577671129072927
2026-05-29,600160,34.24476544,34.198448181152344,37.88023808,-0.0013525354387026178,0.10616141162857962
2026-05-29,600183,134.88624852,97.60054016113281,143.16001428,-0.27642334758341747,0.061338838100855275
2026-05-29,600118,81.95655692,77.30972290039062,80.26683408,-0.05669874619239157,-0.020617299011833623
2026-05-29,600111,50.8392952,52.133155822753906,49.5229384,0.025450011013408158,-0.025892506865437426
2026-05-29,600089,25.48621604,23.414066314697266,25.2304686,-0.08130472260183874,-0.010034735623311475
2026-05-29,600026,19.34511525,18.53322410583496,17.2498005,-0.04196879334513337,-0.10831234256926947
2026-05-29,600309,73.85,72.58675384521484,72.17,-0.017105567431078494,-0.02274881516587668
2026-05-29,600489,22.39,20.515939712524414,22.55,-0.08370077210699356,0.007146047342563744
2026-05-29,600276,48.0,54.07709503173828,46.63,0.1266061464945476,-0.028541666666666576
2026-05-29,601808,12.7543653,13.18627643585205,12.6566307,0.03386378903951037,-0.00766283524904221
2026-05-29,601872,15.84015448,14.258625030517578,14.72770112,-0.09984305717973163,-0.0702299564947172
2026-05-29,601899,30.2597914,28.77142906188965,29.8952156,-0.04918614006408362,-0.012048192771084376
2026-05-29,601975,4.88,4.437010765075684,4.39,-0.0907764825664582,-0.10040983606557385
2026-06-05,2050,46.69616124,42.26487731933594,45.38497356,-0.09489610715298413,-0.028079132099553372
2026-06-05,2028,191.9867696,176.6414794921875,171.274504,-0.0799288937450433,-0.10788381742738584
2026-06-05,2179,39.22,38.10348129272461,36.5,-0.028468095545012506,-0.06935237123916371
2026-06-05,2156,71.1,56.1264762878418,60.09,-0.21059808315271733,-0.15485232067510535
2026-06-05,21,39.4536256,36.382991790771484,39.08,-0.07782893872315044,-0.009469994058036724
2026-06-05,768,20.9502744,23.193187713623047,20.63254512,0.10705889912463595,-0.01516587677725123
2026-06-05,603662,62.54216241,65.3158187866211,64.56958989,0.044348584534672275,0.03241697123788345
2026-06-05,603619,25.7,25.02431297302246,24.27,-0.026291324006908146,-0.055642023346303526
2026-06-05,2241,24.94,24.2244873046875,22.72,-0.028689362281976827,-0.08901363271852458
2026-06-05,2342,11.05,10.47126579284668,9.98,-0.05237413639396571,-0.09683257918552035
2026-06-05,2273,37.18,31.78282928466797,33.18,-0.1451632790568056,-0.10758472296933841
2026-06-05,2371,626.433819,548.47802734375,636.9243375,-0.12444377888265001,0.01674641148325362
2026-06-05,2353,156.61245984,137.05361938476562,145.01,-0.12488687346598282,-0.07408388739857252
2026-06-05,2463,140.82,109.23594665527344,126.91,-0.2242867017804755,-0.09877858258770056
2026-06-05,2475,74.41008892,70.47001647949219,64.42423304,-0.05295078258465569,-0.13420029494570318
2026-06-05,2384,237.8,200.03207397460938,210.99,-0.15882222887044006,-0.11274179983179144
2026-06-05,2422,33.88,33.72889709472656,38.08,-0.004459944075367206,0.12396694214876014
2026-06-05,2517,15.12632939,16.366371154785156,14.18,0.08197902695448023,-0.06256173362359929
2026-06-05,2555,19.0,19.113372802734375,17.61,0.0059669896175986725,-0.07315789473684209
2026-06-05,2595,52.24,52.15202331542969,50.02,-0.0016840866112234343,-0.04249617151607965
2026-06-05,2558,25.25,28.30321502685547,23.65,0.12091940700417703,-0.06336633663366342
2026-06-05,300308,1280.0,681.4281005859375,1124.0,-0.4676342964172363,-0.12187499999999996
2026-06-05,300274,164.35,157.75889587402344,146.75,-0.040104071347590864,-0.10708853057499235
2026-06-05,2601,13.95,14.822551727294922,14.41,0.06254851091719882,0.032974910394265367
2026-06-05,2916,393.38,330.842529296875,376.16,-0.15897470817816106,-0.04377446743606683
2026-06-05,300033,221.2,223.2966766357422,193.04,0.009478646635362464,-0.12730560578661843
2026-06-05,300014,59.66,56.53413772583008,55.1,-0.05239460734445056,-0.07643312101910815
2026-06-05,300059,18.74,19.865571975708008,17.36,0.060062538725080605,-0.0736392742796157
2026-06-05,300034,17.7600034,16.856637954711914,16.55,-0.050865161731223796,-0.0681308090290117
2026-06-05,300394,342.59592285,260.1705017089844,293.9999979,-0.24059078244519638,-0.14184618586741604
2026-06-05,300191,31.3,31.232500076293945,29.56,-0.0021565470832605182,-0.055591054313099075
2026-06-05,300164,9.66,8.662715911865234,9.19,-0.10323851844045195,-0.04865424430641829
2026-06-05,300580,22.60584874,24.056167602539062,23.62,0.06415679761551218,0.04486233946197782
2026-06-05,300476,366.72,311.1550598144531,325.48,-0.15151870687594593,-0.11245636998254804
2026-06-05,300474,58.13,60.47100830078125,51.6,0.040271947372806594,-0.11233442284534667
2026-06-05,300433,43.2653506,37.605674743652344,42.3135922,-0.1308131282391054,-0.021998166819431564
2026-06-05,300418,40.48,38.330833435058594,36.94,-0.053092059410607795,-0.08745059288537549
2026-06-05,600406,23.321977,23.389333724975586,22.39105775,0.0028881224338566103,-0.03991596638655459
2026-06-05,600426,21.5866539,21.40220069885254,20.3302878,-0.008544779658855028,-0.05820105820105825
2026-06-05,600316,27.83890998,29.996013641357422,26.6797881,0.07748520552374805,-0.04163675520459442
2026-06-05,600362,45.3938796,44.73959732055664,39.56808528,-0.014413447037546434,-0.12833876221498375
2026-06-05,600428,7.3933433,7.36771821975708,7.6070799,-0.0034659665056970823,0.028909329829172048
2026-06-05,300502,553.52378246,381.1332702636719,526.0,-0.31144192473570154,-0.04972466103927342
2026-06-05,300760,142.59,152.72222900390625,146.88,0.07105848238941181,0.030086261308647222
2026-06-05,300750,406.7272144,399.0364074707031,380.8210224,-0.018909004996487067,-0.06369426751592355
2026-06-05,400,23.86923754,24.319988250732422,21.39420254,0.01888416879580057,-0.1036914143508918
2026-06-05,426,39.89,39.39616394042969,36.05,-0.012379946341697479,-0.09626472800200558
2026-06-05,600160,37.88023808,36.417789459228516,41.0,-0.038607165500990526,0.08235856156477461
2026-06-05,600183,143.16001428,110.56645202636719,149.73,-0.2276722478518659,0.04589260313393129
2026-06-05,600118,80.26683408,71.68436431884766,78.01720308,-0.10692423414381091,-0.028026905829596327
2026-06-05,600111,49.5229384,46.05788803100586,47.52,-0.06996859396764188,-0.04044465988310575
2026-06-05,600089,25.2304686,24.738515853881836,22.377901,-0.019498359460440762,-0.11306042884990242
2026-06-05,600026,17.2498005,16.402420043945312,16.22650725,-0.049124072829403786,-0.05932203389830504
2026-06-05,600309,72.17,72.07662963867188,67.15,-0.0012937558726358045,-0.06955798808369118
2026-06-05,600489,22.55,22.10858917236328,20.64,-0.019574759540430975,-0.08470066518847008
2026-06-05,600276,46.63,51.36386489868164,46.98,0.10151972761487538,0.0075058974908854825
2026-06-05,601808,12.6566307,12.885693550109863,12.24,0.018098248699779385,-0.032917978716089036
2026-06-05,601872,14.72770112,14.478797912597656,14.19608624,-0.016900343466662138,-0.03609625668449201
2026-06-05,601899,29.8952156,29.53826141357422,26.9293422,-0.011940177692706833,-0.09920896506262356
2026-06-05,601975,4.39,4.252285003662109,3.94,-0.03137015861910941,-0.10250569476081994
2026-06-12,2050,45.38497356,42.41661834716797,45.43463976,-0.06540392072516676,0.0010943313635369822
2026-06-12,2028,171.274504,169.2321319580078,189.3977364,-0.011924553826132778,0.10581395348837219
2026-06-12,2179,36.5,36.2560920715332,40.78,-0.006682408999090339,0.11726027397260275
2026-06-12,2156,60.09,54.87975311279297,68.27,-0.08670738703955794,0.13612913962389728
2026-06-12,21,39.08,32.99946212768555,44.04,-0.15559206428644967,0.12691914022517925
2026-06-12,768,20.63254512,22.248085021972656,20.44389336,0.07830056314315992,-0.009143407122232827
2026-06-12,603662,64.56958989,65.30745697021484,69.65803533,0.01142747044656578,0.07880560258580882
2026-06-12,603619,24.27,24.366817474365234,22.42,0.003989183121764883,-0.07622579316028011
2026-06-12,2241,22.72,24.642770767211914,23.92,0.08462899503573573,0.052816901408450745
2026-06-12,2342,9.98,9.496410369873047,9.97,-0.0484558747622198,-0.0010020040080159776
2026-06-12,2273,33.18,30.306013107299805,36.94,-0.08661804981013244,0.11332127787823976
2026-06-12,2371,636.9243375,565.6697998046875,720.38890088,-0.11187284501483263,0.13104313725490213
2026-06-12,2353,145.01,130.28121948242188,164.22,-0.10157079179076012,0.13247362250879258
2026-06-12,2463,126.91,113.35215759277344,147.9,-0.10683037118608907,0.16539279804585938
2026-06-12,2475,64.42423304,60.16676712036133,69.76132884,-0.06608485221694893,0.08284298544440993
2026-06-12,2384,210.99,167.90673828125,273.0,-0.20419575202023799,0.2939001848428835
2026-06-12,2422,38.08,35.300289154052734,35.92,-0.07299660834945543,-0.05672268907563016
2026-06-12,2517,14.18,14.47393798828125,14.5,0.020729054180624207,0.02256699576868826
2026-06-12,2555,17.61,18.10259246826172,17.47,0.027972315063129916,-0.007950028392958552
2026-06-12,2595,50.02,48.82965850830078,50.48,-0.02379731090962056,0.00919632147141125
2026-06-12,2558,23.65,26.239971160888672,23.9,0.10951252265914047,0.010570824524312794
2026-06-12,300308,1124.0,997.5435791015625,1367.88,-0.11250571254309383,0.21697508896797157
2026-06-12,300274,146.75,132.06321716308594,146.98,-0.10008029190401402,0.0015672913117545928
2026-06-12,2601,14.41,15.963968276977539,15.48,0.1078395750851866,0.07425399028452473
2026-06-12,2916,376.16,340.1021423339844,453.8,-0.09585776708319771,0.20640153126329208
2026-06-12,300033,193.04,217.0119171142578,214.69,0.12418108741327094,0.1121529216742645
2026-06-12,300014,55.1,51.536075592041016,66.66,-0.06468102373791262,0.20980036297640647
2026-06-12,300059,17.36,18.419677734375,18.6,0.061041344146025356,0.07142857142857162
2026-06-12,300034,16.55,16.213037490844727,18.7,-0.020360272456512063,0.1299093655589123
2026-06-12,300394,293.9999979,237.4703826904297,336.6,-0.19227760412705197,0.14489796736151628
2026-06-12,300191,29.56,29.972644805908203,29.82,0.013959567182280308,0.00879566982408675
2026-06-12,300164,9.19,9.846304893493652,8.96,0.07141511354664343,-0.025027203482045568
2026-06-12,300580,23.62,23.734718322753906,22.76,0.0048568299218418876,-0.036409822184589324
2026-06-12,300476,325.48,299.59271240234375,369.0,-0.07953572446127644,0.13371021260906968
2026-06-12,300474,51.6,59.22355270385742,55.52,0.14774326945460126,0.07596899224806197
2026-06-12,300433,42.3135922,35.563377380371094,55.29121455,-0.1595282855618415,0.30670103092783507
2026-06-12,300418,36.94,37.08740234375,43.0,0.0039903179141851375,0.1640498105035193
2026-06-12,600406,22.39105775,22.348482131958008,22.5968399,-0.0019014563098072035,0.00919037199124717
2026-06-12,600426,20.3302878,19.620540618896484,19.42418134,-0.034910828025932594,-0.04456928838951313
2026-06-12,600316,26.6797881,29.989543914794922,27.99878886,0.12405480142456304,0.04943820224719109
2026-06-12,600362,39.56808528,37.08550262451172,52.55043912,-0.06274204672580208,0.3281016442451421
2026-06-12,600428,7.6070799,7.239112854003906,7.6362258,-0.04837165519926945,0.003831417624521105
2026-06-12,300502,526.0,408.7520446777344,581.48,-0.222904858027121,0.10547528517110272
2026-06-12,300760,146.88,154.1875,140.01,0.04975149782135069,-0.04677287581699352
2026-06-12,300750,380.8210224,373.65765380859375,390.1372876,-0.018810328658490194,0.02446363160648879
2026-06-12,400,21.39420254,22.660533905029297,22.65152032,0.05919039808385862,0.05876908838500694
2026-06-12,426,36.05,35.1279296875,39.57,-0.025577539875173305,0.09764216366158118
2026-06-12,600160,41.0,38.143775939941406,44.12,-0.06966400146484375,0.0760975609756096
2026-06-12,600183,149.73,126.167724609375,183.87,-0.15736509310508906,0.22801041875375683
2026-06-12,600118,78.01720308,76.832275390625,76.50745072,-0.015188030877753445,-0.01935153146225821
2026-06-12,600111,47.52,43.650333404541016,51.4,-0.0814323778505679,0.08164983164983153
2026-06-12,600089,22.377901,21.60589027404785,22.93857808,-0.03449879977358694,0.025054945054944877
2026-06-12,600026,16.22650725,15.605331420898438,18.8091045,-0.038281548797358345,0.159159159159159
2026-06-12,600309,67.15,67.65821075439453,69.05,0.007568291204683941,0.028294862248696928
2026-06-12,600489,20.64,19.01881980895996,21.92,-0.07854555189147483,0.0620155038759691
2026-06-12,600276,46.98,50.0128173828125,48.42,0.06455549984700948,0.03065134099616862
2026-06-12,601808,12.24,12.553714752197266,11.87,0.025630290212194984,-0.030228758169934755
2026-06-12,601872,14.19608624,13.400973320007324,16.87385008,-0.056009304716133856,0.18862690707350915
2026-06-12,601899,26.9293422,25.75242805480957,29.2547446,-0.043703783644237326,0.08635199414562744
2026-06-12,601975,3.94,3.457576274871826,4.51,-0.12244256982948576,0.14467005076142136
2026-06-19,2050,45.43463976,42.99962615966797,41.222946,-0.05359376927372017,-0.09269785745518155
2026-06-19,2028,189.3977364,172.45571899414062,174.38134384,-0.08945205855089289,-0.07928496319663514
2026-06-19,2179,40.78,41.08183670043945,42.69,0.00740158657281631,0.04683668464933777
2026-06-19,2156,68.27,57.7237548828125,71.6,-0.1544784695647795,0.048776915189687964
2026-06-19,21,44.04,34.6195068359375,53.51,-0.21390765585972982,0.21503178928247046
2026-06-19,768,20.44389336,21.811439514160156,19.91,0.06689264760282221,-0.02611505306736739
2026-06-19,603662,69.65803533,65.09557342529297,64.62922011,-0.06549799866006412,-0.07219289484947922
2026-06-19,603619,22.42,21.58868980407715,18.74,-0.03707895610717449,-0.16413916146297958
2026-06-19,2241,23.92,23.756141662597656,22.33,-0.006850264941569595,-0.06647157190635467
2026-06-19,2342,9.97,9.596694946289062,9.65,-0.03744283387271197,-0.032096288866599876
2026-06-19,2273,36.94,31.8021240234375,35.83,-0.1390870594629805,-0.03004872766648614
2026-06-19,2371,720.38890088,580.2886962890625,812.63552689,-0.19447857181002703,0.12805114834128473
2026-06-19,2353,164.22,138.1023406982422,161.53,-0.15904067288855084,-0.01638046522957004
2026-06-19,2463,147.9,114.51516723632812,147.28,-0.22572571172191935,-0.0041920216362407725
2026-06-19,2475,69.76132884,66.86962890625,67.835984,-0.04145133101438214,-0.02759902759902766
2026-06-19,2384,273.0,209.6024169921875,260.32,-0.23222557878319594,-0.04644688644688644
2026-06-19,2422,35.92,33.613548278808594,35.6,-0.06421079401980534,-0.008908685968819552
2026-06-19,2517,14.5,15.485374450683594,15.6,0.06795685866783407,0.07586206896551717
2026-06-19,2555,17.47,18.737112045288086,18.41,0.0725307410010354,0.05380652547223819
2026-06-19,2595,50.48,49.047908782958984,46.74,-0.02836947735818174,-0.07408874801901733
2026-06-19,2558,23.9,27.860980987548828,27.44,0.1657314220731727,0.1481171548117155
2026-06-19,300308,1367.88,1139.749755859375,1253.89,-0.166776503889687,-0.08333333333333337
2026-06-19,300274,146.98,131.71383666992188,151.05,-0.10386558259680312,0.027690842291468343
2026-06-19,2601,15.48,15.441612243652344,17.37,-0.0024798292214248674,0.12209302325581395
2026-06-19,2916,453.8,355.7598571777344,433.5,-0.21604262411252895,-0.0447333627148524
2026-06-19,300033,214.69,220.14198303222656,242.0,0.025394676194636645,0.12720667008244457
2026-06-19,300014,66.66,61.86497116088867,62.21,-0.07193262584925475,-0.06675667566756671
2026-06-19,300059,18.6,19.215280532836914,20.07,0.03307959853961906,0.07903225806451597
2026-06-19,300034,18.7,18.253080368041992,17.08,-0.02389944555925172,-0.08663101604278078
2026-06-19,300394,336.6,248.26705932617188,318.0,-0.26242703705831294,-0.05525846702317294
2026-06-19,300191,29.82,27.833858489990234,27.36,-0.06660434305867757,-0.08249496981891347
2026-06-19,300164,8.96,7.726558685302734,8.03,-0.13766086101531994,-0.10379464285714302
2026-06-19,300580,22.76,23.923139572143555,18.04,0.051104550621421385,-0.2073813708260106
2026-06-19,300476,369.0,328.90966796875,319.55,-0.1086458862635501,-0.13401084010840103
2026-06-19,300474,55.52,56.452423095703125,52.97,0.01679436411569024,-0.04592939481268021
2026-06-19,300433,55.29121455,37.40570831298828,55.11275985,-0.32347826653071265,-0.0032275416890801267
2026-06-19,300418,43.0,42.8781852722168,38.75,-0.0028329006461209616,-0.09883720930232553
2026-06-19,600406,22.5968399,22.679399490356445,22.2832671,0.0036535900914378416,-0.013876843018213347
2026-06-19,600426,19.42418134,19.98758888244629,19.10437906,0.029005471715097153,-0.01646413171305372
2026-06-19,600316,27.99878886,30.846839904785156,26.4,0.10172050866292914,-0.05710207209298557
2026-06-19,600362,52.55043912,43.84647750854492,41.78602728,-0.16563061617010288,-0.20483961733258305
2026-06-19,600428,7.6362258,7.302149295806885,7.8596777,-0.04374890331204129,0.029262086513994978
2026-06-19,300502,581.48,419.8874816894531,566.0,-0.277898669447869,-0.026621723877003567
2026-06-19,300760,140.01,145.82249450683594,133.98,0.041514852559359605,-0.043068352260552833
2026-06-19,300750,390.1372876,379.43218994140625,379.625352,-0.027439309183821092,-0.02694419614353205
2026-06-19,400,22.65152032,21.901588439941406,21.33,-0.0331073530369812,-0.05834135198568435
2026-06-19,426,39.57,36.648658752441406,33.01,-0.07382717330196098,-0.16578215820065711
2026-06-19,600160,44.12,38.44593811035156,50.95,-0.12860521055413499,0.15480507706255686
2026-06-19,600183,183.87,143.8450927734375,178.5,-0.21768046569077337,-0.029205416870615175
2026-06-19,600118,76.50745072,67.3954086303711,77.75724572,-0.11910006154795194,0.016335598536330487
2026-06-19,600111,51.4,47.85122299194336,47.26,-0.06904235424234706,-0.08054474708171211
2026-06-19,600089,22.93857808,21.656269073486328,22.0828078,-0.05590185241829393,-0.037307032590051414
2026-06-19,600026,18.8091045,18.11939239501953,19.4523174,-0.03666905593408065,0.034196891191709655
2026-06-19,600309,69.05,66.79299926757812,71.79,-0.032686469694741094,0.03968139029688644
2026-06-19,600489,21.92,20.58696937561035,18.3,-0.06081344089368845,-0.16514598540145986
2026-06-19,600276,48.42,49.399169921875,48.67,0.020222427134964915,0.005163155720776524
2026-06-19,601808,11.87,12.164704322814941,10.79,0.024827659883314368,-0.09098567818028647
2026-06-19,601872,16.87385008,15.39474105834961,19.25627232,-0.08765687822505475,0.14119019836639435
2026-06-19,601899,29.2547446,28.70149040222168,25.1,-0.018911605804219467,-0.1420195136483946
2026-06-19,601975,4.51,4.148190975189209,4.16,-0.08022373055671639,-0.07760532150776045
2026-06-26,2050,43.64665656,41.34202194213867,44.62011408,-0.052802088395778934,0.022303140646336095
2026-06-26,2028,187.704907,167.1106719970703,154.78435408,-0.10971601825481136,-0.17538461538461525
2026-06-26,2179,42.34,40.00047302246094,44.11,-0.055255715104843284,0.04180444024563057
2026-06-26,2156,77.81,59.92336654663086,67.37,-0.22987576729686598,-0.13417298547744505
2026-06-26,21,53.2,34.445777893066406,56.03,-0.35252297193484206,0.05319548872180446
2026-06-26,768,20.01,21.95806121826172,20.32,0.09735438372122518,0.0154922538730633
2026-06-26,603662,66.75603129,66.86455535888672,73.36504734,0.0016256818565991704,0.09900253089176725
2026-06-26,603619,19.51,18.815155029296875,18.66,-0.03561481141481937,-0.043567401332650024
2026-06-26,2241,23.85,24.42926025390625,21.72,0.024287641673218063,-0.08930817610062902
2026-06-26,2342,9.55,9.003646850585938,11.55,-0.05720975386534688,0.2094240837696335
2026-06-26,2273,36.41,29.92665672302246,39.02,-0.17806490735999825,0.07168360340565805
2026-06-26,2371,797.279406,591.4443359375,841.05983654,-0.2581718134363802,0.05491228070175436
2026-06-26,2353,163.51,139.7154541015625,146.78,-0.1455234902968472,-0.10231790104580751
2026-06-26,2463,154.99,122.76142883300781,130.51,-0.20793968105679206,-0.15794567391444625
2026-06-26,2475,74.24049896,64.53585815429688,60.7531092,-0.13071895988915538,-0.18167159365761887
2026-06-26,2384,275.8,223.86868286132812,221.68,-0.1882933906405797,-0.1962291515591008
2026-06-26,2422,37.53,35.053321838378906,44.75,-0.06599195741063402,0.19237942978950162
2026-06-26,2517,16.07,16.93866539001465,16.47,0.054055095831652133,0.024891101431238294
2026-06-26,2555,18.96,18.565731048583984,19.57,-0.020794775918566266,0.03217299578059074
2026-06-26,2595,47.64,45.784210205078125,46.53,-0.038954445737235055,-0.023299748110831242
2026-06-26,2558,27.73,27.503475189208984,27.71,-0.008168943771764026,-0.0007212405337180261
2026-06-26,300308,1323.4,971.0947265625,1143.0,-0.26621223623809886,-0.13631555085386138
2026-06-26,300274,152.66,151.20755004882812,127.84,-0.009514279779718748,-0.16258351893095768
2026-06-26,2601,17.43,16.992847442626953,16.82,-0.025080468007633194,-0.034997131382673574
2026-06-26,2916,455.0,349.75006103515625,423.1,-0.23131854717548073,-0.0701098901098901
2026-06-26,300033,259.0,232.38987731933594,247.65,-0.1027417864118304,-0.043822393822393835
2026-06-26,300014,66.81,65.31513977050781,61.27,-0.022374797627483733,-0.08292171830564288
2026-06-26,300059,21.11,19.63099479675293,20.73,-0.070061828671107,-0.018000947418285174
2026-06-26,300034,17.4,16.40155029296875,16.9,-0.05738216707076138,-0.028735632183908066
2026-06-26,300394,341.97,247.07066345214844,250.77,-0.2775077829863777,-0.2666900605316256
2026-06-26,300191,28.51,27.369630813598633,27.54,-0.03999891920032861,-0.03402314977200993
2026-06-26,300164,8.36,7.010215759277344,8.04,-0.16145744506251858,-0.03827751196172258
2026-06-26,300580,19.0,21.558046340942383,21.63,0.13463401794433594,0.138421052631579
2026-06-26,300476,350.16,279.9979553222656,306.09,-0.2003713864454375,-0.12585675119945183
2026-06-26,300474,55.75,56.24504852294922,58.8,0.00887979413361828,0.05470852017937222
2026-06-26,300433,55.2416438,41.613868713378906,50.25482635,-0.2466938734835601,-0.09027279253409903
2026-06-26,300418,40.8,40.14459991455078,45.55,-0.016063727584539556,0.11642156862745101
2026-06-26,600406,22.37145945,22.35918617248535,22.67,-0.0005486131802030503,0.013344706037942577
2026-06-26,600426,19.56123946,18.968088150024414,18.86833452,-0.030322787632578008,-0.03542234332425054
2026-06-26,600316,26.39000763,30.66778564453125,29.19,0.1620984000651935,0.1061004759550348
2026-06-26,600362,44.78271336,41.96888732910156,41.32272384,-0.0628328616061874,-0.07726172132951792
2026-06-26,600428,7.9471154,7.579523086547852,8.2871509,-0.04625481007261434,0.04278728606356963
2026-06-26,300502,610.49,395.4787902832031,509.0,-0.3521944826562219,-0.1662435093121919
2026-06-26,300760,138.16,143.61912536621094,139.2,0.03951306721345493,0.007527504342790925
2026-06-26,300750,400.4499448,374.44036865234375,380.9704812,-0.0649508795928202,-0.04864394127892513
2026-06-26,400,21.81000842,22.37412452697754,20.96,0.02586501096717786,-0.03897331920424807
2026-06-26,426,35.28,31.058799743652344,34.33,-0.11964853334318759,-0.02692743764172345
2026-06-26,600160,50.8,41.3016242980957,54.83,-0.18697589964378536,0.07933070866141745
2026-06-26,600183,187.2,136.36903381347656,151.95,-0.27153293903057385,-0.18830128205128205
2026-06-26,600118,70.6884052,65.83655548095703,81.486634,-0.06863713653343217,0.1527581329561527
2026-06-26,600111,49.2,50.87284851074219,48.2,0.0340009859906949,-0.020325203252032464
2026-06-26,600089,22.8205408,22.787200927734375,21.47294852,-0.0014609589035516901,-0.05905172413793103
2026-06-26,600026,21.2260257,18.507640838623047,16.0803225,-0.12806848063775567,-0.24242424242424243
2026-06-26,600309,73.61,71.54826354980469,68.6,-0.028008917948584622,-0.06806140470044841
2026-06-26,600489,18.89,19.180662155151367,19.09,0.015387091326170887,0.010587612493382803
2026-06-26,600276,50.04,49.31156921386719,53.49,-0.014556970146539006,0.06894484412470026
2026-06-26,601808,11.09,12.040790557861328,10.94,0.08573404489281589,-0.01352569882777277
2026-06-26,601872,21.2645952,19.574073791503906,16.27332216,-0.07949934586556784,-0.23472222222222217
2026-06-26,601899,25.5400128,25.450904846191406,26.3,-0.003488954939309674,0.029756727451601073
2026-06-26,601975,4.55,3.9602348804473877,3.68,-0.12961870759398064,-0.1912087912087912
2026-07-03,2050,44.62011408,42.40911865234375,42.5639334,-0.04955154134505635,-0.046081923419412196
2026-07-03,2028,154.78435408,145.861572265625,159.3,-0.057646535836324175,0.029173787924754224
2026-07-03,2179,44.11,41.119476318359375,40.13,-0.06779695492270743,-0.0902289730219904
2026-07-03,2156,67.37,61.09974670410156,72.17,-0.0930718909885474,0.07124833011726284
2026-07-03,21,56.03,42.251190185546875,56.24,-0.24591843324028428,0.0037479921470640054
2026-07-03,768,20.32,20.79256820678711,20.09,0.02325630938912937,-0.011318897637795255
2026-07-03,603662,73.36504734,67.10911560058594,63.23784831,-0.08527128334589396,-0.1380384719588188
2026-07-03,603619,18.66,18.943687438964844,19.01,0.015202971005618737,0.0187566988210075
2026-07-03,2241,21.72,23.36332130432129,21.37,0.0756593602357869,-0.016114180478821294
2026-07-03,2342,11.55,11.214536666870117,10.06,-0.02904444442682974,-0.129004329004329
2026-07-03,2273,39.02,32.236663818359375,32.88,-0.17384254694107193,-0.1573552024602768
2026-07-03,2371,841.05983654,650.0603637695312,878.43,-0.22709379817280695,0.04443222923797596
2026-07-03,2353,146.78,134.129638671875,168.0,-0.08618586543210927,0.1445701049189263
2026-07-03,2463,130.51,128.71070861816406,137.3,-0.01378661697828465,0.052026664623400665
2026-07-03,2475,60.7531092,57.47821044921875,64.30452248,-0.05390503949353831,0.058456486042693045
2026-07-03,2384,221.68,204.0946502685547,261.32,-0.07932763321655234,0.17881631180079394
2026-07-03,2422,44.75,36.63911819458008,42.7,-0.18124875542837815,-0.045810055865921684
2026-07-03,2517,16.47,17.32928466796875,16.35,0.052172718152322384,-0.007285974499089076
2026-07-03,2555,19.57,20.05133819580078,18.72,0.02459571772104141,-0.04343382728666334
2026-07-03,2595,46.53,44.397010803222656,45.7,-0.04584116047232634,-0.01783795400816679
2026-07-03,2558,27.71,28.169099807739258,28.32,0.016568019045083204,0.022013713460844464
2026-07-03,300308,1143.0,992.44384765625,1194.9,-0.1317201682797463,0.045406824146981606
2026-07-03,300274,127.84,126.73868560791016,124.01,-0.008614787172167127,-0.029959324155193978
2026-07-03,2601,16.82,17.026121139526367,15.82,0.012254526725705484,-0.05945303210463737
2026-07-03,2916,423.1,344.7188720703125,442.56,-0.18525437941311163,0.04599385488064289
2026-07-03,300033,247.65,240.12200927734375,230.3,-0.030397701282682266,-0.07005855037351094
2026-07-03,300014,61.27,65.52183532714844,56.89,0.06939506001547957,-0.07148686143300154
2026-07-03,300059,20.73,20.759950637817383,20.59,0.0014447968073989514,-0.006753497346840387
2026-07-03,300034,16.9,17.271442413330078,16.15,0.021978841025448448,-0.044378698224852076
2026-07-03,300394,250.77,242.42214965820312,271.5,-0.033288871642528584,0.08266539059696121
2026-07-03,300191,27.54,24.608774185180664,28.21,-0.10643521477194395,0.024328249818446057
2026-07-03,300164,8.04,7.828081130981445,9.18,-0.026358068285889824,0.14179104477611948
2026-07-03,300580,21.63,22.537639617919922,22.98,0.04196207202588642,0.06241331484049928
2026-07-03,300476,306.09,299.43316650390625,296.7,-0.021747961371144875,-0.03067725178868952
2026-07-03,300474,58.8,60.225494384765625,62.6,0.024243101781728393,0.06462585034013624
2026-07-03,300433,50.25482635,43.52570343017578,46.73,-0.13390003326166544,-0.07013906137992265
2026-07-03,300418,45.55,45.48712921142578,50.42,-0.0013802588051419207,0.10691547749725583
2026-07-03,600406,22.67,22.29213523864746,21.68,-0.016668052993054294,-0.043670048522276184
2026-07-03,600426,18.86833452,19.39881706237793,18.48000318,0.028114963820236927,-0.020581113801452777
2026-07-03,600316,29.19,30.72039031982422,28.0,0.052428582385207756,-0.04076738609112718
2026-07-03,600362,41.32272384,41.2662353515625,40.15953648,-0.0013670078636689453,-0.02814885496183206
2026-07-03,600428,8.2871509,7.823071002960205,7.9374001,-0.05599993322672514,-0.042203985932004806
2026-07-03,300502,509.0,402.9658203125,545.5,-0.20831862414047153,0.07170923379174843
2026-07-03,300760,139.2,144.5226593017578,139.5,0.038237494983892395,0.0021551724137931494
2026-07-03,300750,380.9704812,367.2181091308594,374.145196,-0.036098261539378895,-0.017915522427095598
2026-07-03,400,20.96,21.290096282958984,20.04,0.015748868461783472,-0.04389312977099247
2026-07-03,426,34.33,30.603988647460938,32.35,-0.10853513989336039,-0.05767550247596842
2026-07-03,600160,54.83,41.45120620727539,46.0,-0.24400499348394322,-0.16104322451212838
2026-07-03,600183,151.95,140.57650756835938,157.4,-0.07485022988904644,0.03586706153339936
2026-07-03,600118,81.486634,80.11869049072266,81.82657824,-0.016787336059031932,0.004171779141104448
2026-07-03,600111,48.2,47.735816955566406,42.98,-0.009630353618954257,-0.10829875518672216
2026-07-03,600089,21.47294852,20.46166229248047,20.04,-0.047095825083249054,-0.06673273205425634
2026-07-03,600026,16.0803225,15.72373104095459,15.52482045,-0.02217564100753644,-0.03454545454545466
2026-07-03,600309,68.6,68.45808410644531,68.88,-0.0020687448040040968,0.004081632653061273
2026-07-03,600489,19.09,21.135393142700195,19.95,0.10714474293872156,0.045049764274489146
2026-07-03,600276,53.49,55.75558090209961,55.61,0.04235522344549647,0.03963357636941489
2026-07-03,601808,10.94,11.73477554321289,11.28,0.07264858713097722,0.031078610603290757
2026-07-03,601872,16.27332216,14.608302116394043,15.8499992,-0.10231592708823734,-0.026013309134906293
2026-07-03,601899,26.3,26.020679473876953,27.62,-0.01062055232407022,0.050190114068441094
2026-07-03,601975,3.68,3.2781829833984375,3.4,-0.10918940668520727,-0.07608695652173925
2026-07-10,2050,42.5639334,39.7320556640625,41.83,-0.06653233171202888,-0.017243082144283384
2026-07-10,2028,159.3,138.46258544921875,151.4,-0.1308061177073525,-0.04959196484620221
2026-07-10,2179,40.13,39.91901397705078,34.01,-0.005257563492380268,-0.15250436082731134
2026-07-10,2156,72.17,66.59347534179688,75.95,-0.07726928998480154,0.05237633365664407
2026-07-10,21,56.24,42.51030731201172,43.34,-0.2441268258888386,-0.22937411095305826
2026-07-10,768,20.09,20.865150451660156,19.9,0.038583895055259054,-0.009457441513190723
2026-07-10,603662,63.23784831,60.803062438964844,57.0,-0.03850203534913965,-0.0986410587441443
2026-07-10,603619,19.01,19.588035583496094,18.36,0.030406921804107867,-0.03419253024723845
2026-07-10,2241,21.37,21.587509155273438,23.02,0.010178247790053163,0.0772110435189517
2026-07-10,2342,10.06,10.802576065063477,8.05,0.07381471819716467,-0.1998011928429423
2026-07-10,2273,32.88,29.96811294555664,28.98,-0.08856104180180535,-0.11861313868613144
2026-07-10,2371,878.43,695.93505859375,702.76,-0.20775126237292663,-0.1999817856858258
2026-07-10,2353,168.0,139.6309051513672,130.5,-0.16886365981329055,-0.2232142857142857
2026-07-10,2463,137.3,126.19601440429688,136.72,-0.08087389363221509,-0.004224326292789571
2026-07-10,2475,64.30452248,57.44837951660156,61.43146904,-0.10661991877057853,-0.04467887061743714
2026-07-10,2384,261.32,200.0753173828125,268.8,-0.2343666103520109,0.028623909383131974
2026-07-10,2422,42.7,39.7513542175293,49.9,-0.06905493635762772,0.16861826697892268
2026-07-10,2517,16.35,17.12005615234375,17.01,0.0470982356173546,0.04036697247706433
2026-07-10,2555,18.72,18.63513946533203,18.63,-0.004533148219442729,-0.004807692307692291
2026-07-10,2595,45.7,47.019222259521484,46.7,0.028867007866990813,0.02188183807439814
2026-07-10,2558,28.32,27.219097137451172,30.28,-0.03887368864932306,0.06920903954802271
2026-07-10,300308,1194.9,975.58740234375,1113.0,-0.1835405453646749,-0.06854130052724083
2026-07-10,300274,124.01,122.42793273925781,105.84,-0.01275757810452538,-0.1465204418998468
2026-07-10,2601,15.82,16.344392776489258,15.66,0.03314745742662817,-0.010113780025284513
2026-07-10,2916,442.56,381.673828125,364.0,-0.13757721410656187,-0.17751265365148228
2026-07-10,300033,230.3,234.22616577148438,220.4,0.01704804937683191,-0.042987407729049076
2026-07-10,300014,56.89,61.821250915527344,51.61,0.08668045202192554,-0.09281068729126385
2026-07-10,300059,20.59,21.2329158782959,19.82,0.031224666260121436,-0.037396794560466184
2026-07-10,300034,16.15,16.68965721130371,15.63,0.033415307201468236,-0.03219814241486052
2026-07-10,300394,271.5,234.60113525390625,244.13,-0.13590742079592544,-0.10081031307550647
2026-07-10,300191,28.21,25.02155113220215,26.12,-0.11302548272945245,-0.07408720311946115
2026-07-10,300164,9.18,7.779853820800781,9.86,-0.15252137028313928,0.07407407407407396
2026-07-10,300580,22.98,22.56159782409668,21.84,-0.018207231327385553,-0.04960835509138384
2026-07-10,300476,296.7,247.82638549804688,270.93,-0.16472401247709167,-0.08685540950454995
2026-07-10,300474,62.6,61.67337417602539,54.84,-0.014802329456463426,-0.12396166134185305
2026-07-10,300433,46.73,39.484291076660156,38.3,-0.15505475975475802,-0.18039803124331266
2026-07-10,300418,50.42,46.65995788574219,48.24,-0.07457441718083724,-0.04323681078936925
2026-07-10,600406,21.68,22.355613708496094,22.1,0.031162993934321648,0.019372693726937396
2026-07-10,600426,18.48000318,20.013181686401367,19.25,0.08296419061554339,0.04166648741886192
2026-07-10,600316,28.0,31.17055892944336,26.9,0.11323424748012001,-0.03928571428571437
2026-07-10,600362,40.15953648,37.329689025878906,41.51001672,-0.07046514233376167,0.03362788414334816
2026-07-10,600428,7.9374001,7.324431419372559,10.103912,-0.07722537265413154,0.27294981640146876
2026-07-10,300502,545.5,454.7741394042969,542.6,-0.16631688468506534,-0.005316223648029306
2026-07-10,300760,139.5,146.8523712158203,150.31,0.052705170005880486,0.07749103942652336
2026-07-10,300750,374.145196,374.1894226074219,364.8787504,0.00011820707012866194,-0.024766977363515297
2026-07-10,400,20.04,22.198251724243164,19.95,0.10769719182850124,-0.004491017964071808
2026-07-10,426,32.35,30.46733856201172,30.15,-0.058196644141832565,-0.0680061823802165
2026-07-10,600160,46.0,39.87999725341797,39.98,-0.13304353796917456,-0.13086956521739135
2026-07-10,600183,157.4,131.40545654296875,146.99,-0.1651495772365391,-0.06613722998729354
2026-07-10,600118,81.82657824,83.54405212402344,69.14865776,0.02098919349879247,-0.15493646138807426
2026-07-10,600111,42.98,46.894073486328125,38.87,0.09106732169213894,-0.0956258724988367
2026-07-10,600089,20.04,19.816673278808594,18.88,-0.011144047963642989,-0.05788423153692612
2026-07-10,600026,15.52482045,15.651349067687988,14.5600011,0.008150085735000534,-0.062146892655367325
2026-07-10,600309,68.88,66.27108764648438,68.36,-0.03787619560853106,-0.007549361207897731
2026-07-10,600489,19.95,21.93484115600586,19.99,0.09949078476219841,0.002005012531328232
2026-07-10,600276,55.61,54.638851165771484,55.99,-0.017463564722685065,0.006833303362704601
2026-07-10,601808,11.28,11.655858993530273,11.68,0.03332083275977604,0.03546099290780136
2026-07-10,601872,15.8499992,14.461350440979004,14.16,-0.08761191350855058,-0.10662456058672853
2026-07-10,601899,27.62,28.42348861694336,29.25,0.02909082610222158,0.05901520637219404
2026-07-10,601975,3.4,3.2808146476745605,3.38,-0.03505451538983506,-0.00588235294117645
2026-07-17,2050,41.83,42.18487548828125,37.19,0.008483755397591386,-0.11092517332058338
2026-07-17,2028,151.4,156.6429443359375,164.6,0.03462975122812084,0.08718626155878462
2026-07-17,2179,34.01,36.134864807128906,34.1,0.062477647960273774,0.002646280505733678
2026-07-17,2156,75.95,67.46603393554688,69.82,-0.11170462231011358,-0.08071099407504945
2026-07-17,21,43.34,42.06062316894531,39.09,-0.029519539249069915,-0.09806183664051682
2026-07-17,768,19.9,21.088104248046875,20.79,0.05970373105763205,0.04472361809045222
2026-07-17,603662,57.0,58.3569450378418,48.69,0.02380605329547003,-0.14578947368421058
2026-07-17,603619,18.36,19.724027633666992,23.47,0.07429344409950933,0.278322440087146
2026-07-17,2241,23.02,23.703275680541992,22.49,0.029681827999217703,-0.02302345786272808
2026-07-17,2342,8.05,8.287659645080566,7.31,0.02952293727708888,-0.09192546583850947
2026-07-17,2273,28.98,28.24210548400879,27.01,-0.02546219861943444,-0.0679779158040027
2026-07-17,2371,702.76,642.8194580078125,740.0,-0.08529304740194021,0.05299106380556662
2026-07-17,2353,130.5,132.33412170410156,135.11,0.01405457244522279,0.03532567049808444
2026-07-17,2463,136.72,114.6785888671875,115.74,-0.16121570459927226,-0.15345231129315395
2026-07-17,2475,61.43146904,60.139068603515625,61.19,-0.021038084497749132,-0.003930705935792922
2026-07-17,2384,268.8,214.02455139160156,206.65,-0.20377771059672045,-0.23121279761904767
2026-07-17,2422,49.9,38.803104400634766,51.35,-0.2223826773419887,0.029058116232465014
2026-07-17,2517,17.01,16.738061904907227,15.55,-0.015986954444019652,-0.08583186360964146
2026-07-17,2555,18.63,19.71868324279785,18.48,0.058437103746529884,-0.00805152979066015
2026-07-17,2595,46.7,45.395294189453125,50.23,-0.027938025921774634,0.07558886509635965
2026-07-17,2558,30.28,28.7695369720459,25.26,-0.04988319114775763,-0.16578599735799204
2026-07-17,300308,1113.0,1033.166748046875,1072.52,-0.07172798917621293,-0.036370170709793315
2026-07-17,300274,105.84,111.5313720703125,117.79,0.05377335667339844,0.11290627362055927
2026-07-17,2601,15.66,15.794119834899902,16.83,0.008564484987222398,0.07471264367816088
2026-07-17,2916,364.0,339.1751708984375,337.47,-0.06820007994934751,-0.07288461538461533
2026-07-17,300033,220.4,225.21060180664062,228.34,0.02182668696297929,0.036025408348457244
2026-07-17,300014,51.61,53.306514739990234,55.31,0.03287182212730544,0.07169153264871153
2026-07-17,300059,19.82,18.555198669433594,20.28,-0.06381439609315875,0.023208879919273562
2026-07-17,300034,15.63,16.647294998168945,15.47,0.06508605234606168,-0.010236724248240625
2026-07-17,300394,244.13,215.70083618164062,212.09,-0.11645092294416648,-0.13124155163232698
2026-07-17,300191,26.12,24.631267547607422,31.68,-0.05699588255714316,0.21286370597243476
2026-07-17,300164,9.86,9.621600151062012,12.49,-0.02417848366511033,0.2667342799188641
2026-07-17,300580,21.84,23.024290084838867,19.04,0.05422573648529605,-0.1282051282051282
2026-07-17,300476,270.93,268.3336486816406,238.93,-0.009583107512491695,-0.11811168936625693
2026-07-17,300474,54.84,59.85445022583008,51.91,0.09143782322811944,-0.053428154631655844
2026-07-17,300433,38.3,33.38578796386719,36.58,-0.12830840825412038,-0.04490861618798958
2026-07-17,300418,48.24,43.43386459350586,39.32,-0.09962967260559996,-0.18490878938640132
2026-07-17,600406,22.1,21.845720291137695,24.37,-0.011505869179289863,0.10271493212669691
2026-07-17,600426,19.25,19.072734832763672,21.42,-0.00920858011617287,0.11272727272727279
2026-07-17,600316,26.9,29.94068145751953,26.28,0.11303648540964817,-0.023048327137546343
2026-07-17,600362,41.51001672,37.80913162231445,45.06,-0.08915643476246593,0.0855211238276754
2026-07-17,600428,10.103912,8.258183479309082,10.7256912,-0.182674643315472,0.06153846153846154
2026-07-17,300502,542.6,429.86810302734375,497.3,-0.2077624345238781,-0.08348691485440474
2026-07-17,300760,150.31,148.14822387695312,150.8,-0.0143821177769069,0.0032599294790767175
2026-07-17,300750,364.8787504,355.38885498046875,384.59734808,-0.026008353210834834,0.05404150737302027
2026-07-17,400,19.95,20.962636947631836,23.08,0.050758744242197285,0.15689223057644108
2026-07-17,426,30.15,29.321107864379883,33.59,-0.02749227647164565,0.11409618573797697
2026-07-17,600160,39.98,38.26339340209961,40.83,-0.042936633264141766,0.02126063031515768
2026-07-17,600183,146.99,104.40111541748047,125.1,-0.28974001348744494,-0.14892169535342548
2026-07-17,600118,69.14865776,67.55481719970703,61.05998452,-0.02304947936697266,-0.11697513013302496
2026-07-17,600111,38.87,43.50335693359375,40.27,0.1192013618110046,0.03601749421147438
2026-07-17,600089,18.88,19.47675323486328,21.53,0.03160769252453832,0.14036016949152552
2026-07-17,600026,14.5600011,15.561214447021484,16.01,0.06876464775964108,0.0995878290146559
2026-07-17,600309,68.36,68.965087890625,75.49,0.008851490500658254,0.10430076067875937
2026-07-17,600489,19.99,20.824180603027344,22.45,0.04172989509891667,0.12306153076538284
2026-07-17,600276,55.99,57.15821838378906,54.91,0.02086476841916518,-0.019289158778353355
2026-07-17,601808,11.68,12.378427505493164,12.55,0.0597968754703051,0.07448630136986312
2026-07-17,601872,14.16,13.63277530670166,15.87,-0.03723338229508055,0.12076271186440679
2026-07-17,601899,29.25,27.9068660736084,33.06,-0.0459191085945847,0.13025641025641033
2026-07-17,601975,3.38,3.607937812805176,3.64,0.06743722272342478,0.0769230769230771
2026-07-24,2050,37.19,39.799564361572266,35.46,0.07016844209659223,-0.046517881150846874
2026-07-24,2028,164.6,144.1468505859375,154.1,-0.12425971697486327,-0.06379100850546782
2026-07-24,2179,34.1,33.203060150146484,33.38,-0.02630322140332897,-0.02111436950146628
2026-07-24,2156,69.82,63.54267501831055,55.89,-0.08990726126739401,-0.19951303351475214
2026-07-24,21,39.09,35.78860855102539,36.42,-0.0844561639543262,-0.06830391404451275
2026-07-24,768,20.79,21.427465438842773,20.96,0.03066211827045562,0.008177008177008283
2026-07-24,603662,48.69,51.87046432495117,46.73,0.06532068853873851,-0.04025467241733416
2026-07-24,603619,23.47,22.46153450012207,22.5,-0.04296827864839914,-0.04132935662547932
2026-07-24,2241,22.49,22.449298858642578,23.06,-0.0018097439465282195,0.025344597598932816
2026-07-24,2342,7.31,7.792299270629883,6.96,0.06597801239806889,-0.0478796169630642
2026-07-24,2273,27.01,27.01150131225586,24.69,5.558357111645762e-05,-0.08589411329137353
2026-07-24,2371,740.0,625.1143188476562,668.07,-0.1552509204761402,-0.09720270270270259
2026-07-24,2353,135.11,120.68978118896484,125.73,-0.10672947088324458,-0.06942491303382436
2026-07-24,2463,115.74,110.14102172851562,96.55,-0.04837548186870888,-0.16580266113703124
2026-07-24,2475,61.19,58.4173469543457,58.35,-0.045312192280671626,-0.046412812551070326
2026-07-24,2384,206.65,173.79173278808594,161.8,-0.1590044384801068,-0.21703363174449553
2026-07-24,2422,51.35,41.23455047607422,42.79,-0.19699025363049238,-0.16669912366114903
2026-07-24,2517,15.55,15.862815856933594,16.5,0.02011677536550427,0.06109324758842449
2026-07-24,2555,18.48,17.943410873413086,19.28,-0.029036208148642606,0.04329004329004338
2026-07-24,2595,50.23,48.14861297607422,52.8,-0.041437129681978435,0.051164642643838354
2026-07-24,2558,25.26,25.30329704284668,27.68,0.0017140555362897825,0.09580364212193193
2026-07-24,300308,1072.52,929.1043701171875,864.0,-0.1337183734408799,-0.1944206168649536
2026-07-24,300274,117.79,131.8310546875,103.71,0.11920413182358436,-0.1195347652602089
2026-07-24,2601,16.83,16.332416534423828,16.78,-0.02956526830517947,-0.002970885323826278
2026-07-24,2916,337.47,325.21160888671875,284.5,-0.036324387688628,-0.1569621003348447
2026-07-24,300033,228.34,229.1027374267578,225.88,0.003340358354899653,-0.010773408075676616
2026-07-24,300014,55.31,56.2702522277832,54.22,0.017361276944190873,-0.019707105405894154
2026-07-24,300059,20.28,19.593223571777344,19.99,-0.03386471539559455,-0.014299802761341351
2026-07-24,300034,15.47,15.58059310913086,15.51,0.007148875832634793,0.0025856496444731647
2026-07-24,300394,212.09,203.95037841796875,160.1,-0.03837814881432999,-0.24513178367674104
2026-07-24,300191,31.68,28.570310592651367,29.85,-0.09815938785822709,-0.05776515151515149
2026-07-24,300164,12.49,10.869213104248047,11.94,-0.12976676507221407,-0.04403522818254613
2026-07-24,300580,19.04,21.540861129760742,20.0,0.13134774841180374,0.050420168067226934
2026-07-24,300476,238.93,235.91683959960938,180.36,-0.012611059307707784,-0.2451345582388147
2026-07-24,300474,51.91,56.81944274902344,52.16,0.09457604987523482,0.0048160277403197504
2026-07-24,300433,36.58,32.04579544067383,30.83,-0.12395310441022878,-0.15718972115910335
2026-07-24,300418,39.32,41.03322982788086,36.0,0.043571460525962946,-0.08443540183112919
2026-07-24,600406,24.37,23.763378143310547,24.32,-0.024892156614257477,-0.002051702913418163
2026-07-24,600426,21.42,19.50621795654297,21.94,-0.08934556692143014,0.024276377217553602
2026-07-24,600316,26.28,29.58951759338379,24.69,0.12593293734337085,-0.060502283105022814
2026-07-24,600362,45.06,43.5736083984375,42.14,-0.03298694188998008,-0.06480248557478918
2026-07-24,600428,10.7256912,8.503379821777344,10.98,-0.2071951668926154,0.023710248156314728
2026-07-24,300502,497.3,410.1471862792969,371.1,-0.17525198817756515,-0.2537703599436959
2026-07-24,300760,150.8,150.80255126953125,161.62,1.691823296567918e-05,0.07175066312997336
2026-07-24,300750,384.59734808,380.4830322265625,400.43001696,-0.010697722888566852,0.04116686960802096
2026-07-24,400,23.08,22.347312927246094,22.96,-0.03174554041394739,-0.005199306759098632
2026-07-24,426,33.59,34.39920425415039,31.5,0.024090629775242345,-0.06222089907710637
2026-07-24,600160,40.83,40.43944549560547,39.61,-0.009565380955045999,-0.029879990203281914
2026-07-24,600183,125.1,120.19245910644531,100.08,-0.03922894399324284,-0.19999999999999996
2026-07-24,600118,61.05998452,60.723628997802734,54.79,-0.005508608048976682,-0.1026856552501465
2026-07-24,600111,40.27,43.77714920043945,39.15,0.08709086666102439,-0.027812267196424267
2026-07-24,600089,21.53,20.472925186157227,20.75,-0.049097761906306325,-0.03622851834649332
2026-07-24,600026,16.01,15.562750816345215,16.85,-0.02793561421953694,0.05246720799500304
2026-07-24,600309,75.49,75.34798431396484,76.56,-0.0018812516364439258,0.014174062789773512
2026-07-24,600489,22.45,21.020130157470703,21.9,-0.06369130701689518,-0.024498886414253906
2026-07-24,600276,54.91,53.61466598510742,54.65,-0.02359012957371287,-0.004735020943361867
2026-07-24,601808,12.55,12.585806846618652,12.69,0.002853135188737088,0.011155378486055634
2026-07-24,601872,15.87,15.383757591247559,16.47,-0.030639093179107846,0.037807183364839236
2026-07-24,601899,33.06,31.161890029907227,32.7,-0.05741409467915226,-0.010889292196007205
2026-07-24,601975,3.64,3.524738311767578,3.62,-0.03166529896495107,-0.005494505494505475
2026-07-31,2050,35.46,37.360137939453125,38.71,0.05358539028350595,0.0916525662718557
2026-07-31,2028,154.1,142.67440795898438,160.56,-0.07414401064903064,0.04192083062946139
2026-07-31,2179,33.38,33.33827590942383,34.67,-0.0012499727554275974,0.03864589574595567
2026-07-31,2156,55.89,52.401100158691406,60.96,-0.062424402242057475,0.09071390230810517
2026-07-31,21,36.42,38.1369514465332,39.91,0.04714309298553543,0.09582646897309166
2026-07-31,768,20.96,21.448604583740234,20.83,0.023311287392186797,-0.006202290076335992
2026-07-31,603662,46.73,52.040863037109375,53.86,0.11364996869482935,0.15257864326984816
2026-07-31,603619,22.5,20.25818634033203,22.43,-0.09963616265190978,-0.0031111111111111756
2026-07-31,2241,23.06,22.755172729492188,23.44,-0.01321887556408552,0.01647875108412844
2026-07-31,2342,6.96,6.973739147186279,8.23,0.0019740154003276,0.18247126436781613
2026-07-31,2273,24.69,23.12135124206543,27.32,-0.06353376905364805,0.10652085864722549
2026-07-31,2371,668.07,598.534423828125,742.5,-0.10408426687603856,0.11141048093762618
2026-07-31,2353,125.73,120.5518569946289,144.57,-0.04118462582813254,0.14984490575041742
2026-07-31,2463,96.55,90.45219421386719,117.2,-0.063156973445187,0.2138788192646297
2026-07-31,2475,58.35,59.79397964477539,55.9,0.02474686623436817,-0.041988003427592124
2026-07-31,2384,161.8,177.4819793701172,187.68,0.09692199857921624,0.15995055624227428
2026-07-31,2422,42.79,38.663516998291016,42.51,-0.09643568594786123,-0.0065435849497545995
2026-07-31,2517,16.5,16.179195404052734,17.9,-0.01944270278468274,0.08484848484848473
2026-07-31,2555,19.28,19.68233299255371,19.8,0.020867893804652926,0.026970954356846377
2026-07-31,2595,52.8,52.17116928100586,52.79,-0.011909672708222296,-0.00018939393939387816
2026-07-31,2558,27.68,26.31946563720703,29.26,-0.049152252991075396,0.05708092485549132
2026-07-31,300308,864.0,744.712890625,955.0,-0.13806378399884256,0.10532407407407418
2026-07-31,300274,103.71,128.36463928222656,106.7,0.23772673109851095,0.02883039244045915
2026-07-31,2601,16.78,16.91718864440918,16.58,0.008175723743097718,-0.01191895113230057
2026-07-31,2916,284.5,254.4213409423828,353.99,-0.1057246364063873,0.2442530755711776
2026-07-31,300033,225.88,231.28585815429688,238.98,0.023932433833437683,0.057995395785372716
2026-07-31,300014,54.22,55.674285888671875,54.13,0.026821945567537364,-0.0016599040944300647
2026-07-31,300059,19.99,19.7818660736084,20.01,-0.010411902270715312,0.0010005002501252136
2026-07-31,300034,15.51,16.160688400268555,16.02,0.04195283044929421,0.03288201160541582
2026-07-31,300394,160.1,172.17825317382812,225.28,0.07544193112946984,0.4071205496564647
2026-07-31,300191,29.85,30.144760131835938,32.45,0.009874711284286075,0.08710217755443894
2026-07-31,300164,11.94,9.901591300964355,10.77,-0.1707209965691494,-0.09798994974874375
2026-07-31,300580,20.0,22.642772674560547,21.83,0.13213863372802725,0.09149999999999991
2026-07-31,300476,180.36,250.65647888183594,250.15,0.38975648082632475,0.38694832557107994
2026-07-31,300474,52.16,53.96852111816406,53.09,0.034672567449464564,0.017829754601227155
2026-07-31,300433,30.83,32.418861389160156,34.82,0.05153621113072204,0.12941939669153424
2026-07-31,300418,36.0,40.856544494628906,43.9,0.13490401373969174,0.21944444444444433
2026-07-31,600406,24.32,23.470703125,24.17,-0.03492174650493418,-0.00616776315789469
2026-07-31,600426,21.94,21.08660125732422,21.23,-0.038896934488413026,-0.03236098450319058
2026-07-31,600316,24.69,27.390405654907227,26.04,0.1093724445081905,0.054678007290400954
2026-07-31,600362,42.14,44.60414123535156,46.25,0.058475112371892735,0.09753203607024208
2026-07-31,600428,10.98,9.337759017944336,12.0,-0.14956657395771078,0.09289617486338786
2026-07-31,300502,371.1,348.4837341308594,421.87,-0.060943858445542065,0.13680948531393144
2026-07-31,300760,161.62,154.44667053222656,149.75,-0.044383921963701556,-0.07344388070783325
2026-07-31,300750,400.43001696,380.508544921875,386.600096,-0.04975019652464019,-0.03453767293719512
2026-07-31,400,22.96,23.284149169921875,22.86,0.014117995205656486,-0.004355400696864131
2026-07-31,426,31.5,32.66539764404297,37.58,0.036996750604538775,0.19301587301587286
2026-07-31,600160,39.61,39.91127014160156,43.84,0.007605911173985458,0.10679121433981331
2026-07-31,600183,100.08,89.99516296386719,127.25,-0.10076775615640299,0.27148281374900085
2026-07-31,600118,54.79,56.32904815673828,65.33,0.028089946281041778,0.19237087059682412
2026-07-31,600111,39.15,44.906002044677734,41.91,0.14702431787171744,0.07049808429118776
2026-07-31,600089,20.75,22.858598709106445,21.18,0.10161921489669612,0.020722891566264945
2026-07-31,600026,16.85,15.315500259399414,17.46,-0.09106823386353635,0.03620178041543021
2026-07-31,600309,76.56,75.8797378540039,74.97,-0.008885346734536226,-0.020768025078369945
2026-07-31,600489,21.9,22.17774772644043,25.11,0.01268254458632101,0.14657534246575343
2026-07-31,600276,54.65,53.71292495727539,52.11,-0.017146844331648814,-0.04647758462946017
2026-07-31,601808,12.69,13.076552391052246,12.23,0.030461181327994247,-0.03624901497241917
2026-07-31,601872,16.47,15.818103790283203,17.88,-0.03958082633374593,0.08561020036429867
2026-07-31,601899,32.7,30.49831199645996,34.5,-0.06732990836513886,0.05504587155963292
2026-07-31,601975,3.62,3.468691825866699,3.73,-0.04179783815837046,0.03038674033149169
