date,symbol,last_close,pred_close,real_close,pred_ret,real_ret
2025-06-06,2050,26.85028059,24.673864364624023,25.65098788,-0.08105748534287394,-0.04466592838685868
2025-06-06,2028,71.212176,69.11812591552734,72.18145284,-0.02940578707316366,0.01361111111111124
2025-06-06,2179,38.5251849,38.01221466064453,37.0371291,-0.013315192144748633,-0.03862553298219207
2025-06-06,2156,23.90209299,23.76641273498535,23.26390611,-0.005676501010660973,-0.026700041718815126
2025-06-06,21,17.39788503,15.358299255371094,17.19136055,-0.11723182278259414,-0.011870665867942165
2025-06-06,768,24.37632832,23.9446964263916,25.196448,-0.01770701017569809,0.033644102148358446
2025-06-06,603662,62.81041976,60.88548278808594,64.18597488,-0.030646777704547934,0.02190011028832517
2025-06-06,603619,16.79099427,16.65654182434082,18.10051722,-0.008007414182696793,0.07798960138648181
2025-06-06,2241,21.96121707,21.983051300048828,22.15879887,0.0009942176692316895,0.008996851102114123
2025-06-06,2342,6.28437674,5.483987808227539,5.85476116,-0.12736170425270543,-0.06836248012718604
2025-06-06,2273,19.21134054,18.269969940185547,19.05281478,-0.04900077627869959,-0.008251676121712181
2025-06-06,2371,317.18852529,312.220458984375,298.42875426,-0.015662818511743892,-0.05914391453110801
2025-06-06,2353,35.29127308,33.19637680053711,34.99354018,-0.059360178781708406,-0.008436445444319651
2025-06-06,2463,34.9771261,34.01816940307617,37.87363825,-0.027416680666735194,0.08281161070005694
2025-06-06,2475,31.27909678,33.69960021972656,31.48676704,0.07738405801008441,0.006639266519127496
2025-06-06,2384,31.1,29.45008659362793,31.97,-0.053051878018394616,0.0279742765273312
2025-06-06,2422,36.617047,33.632301330566406,38.04292936,-0.08151246247229038,0.038940397350993416
2025-06-06,2517,16.93392715,15.79670524597168,17.4801968,-0.06715641882446144,0.032258887448916695
2025-06-06,2555,14.2195131,13.825770378112793,14.32413828,-0.027690309725668993,0.0073578595317724815
2025-06-06,2595,43.0117159,39.26100158691406,42.8086069,-0.08720215491532934,-0.004722178498347218
2025-06-06,2558,15.90937512,14.4358549118042,18.53125597,-0.09261961560912646,0.16480099502487566
2025-06-06,300308,102.24255552,104.98136138916016,115.281264,0.02678733776978426,0.1275272161741834
2025-06-06,300274,59.64014592,61.63749313354492,62.4208896,0.03348997865002068,0.046625366807955704
2025-06-06,2601,15.87999898,15.646036148071289,16.32734194,-0.014733176760488131,0.02817021339632353
2025-06-06,2916,91.86307708,86.32780456542969,95.3718053,-0.06025568368181111,0.03819519584505526
2025-06-06,300033,178.45052627,165.92181396484375,179.87610798,-0.07020832365716878,0.007988666325607019
2025-06-06,300014,45.815608,44.55670928955078,43.034088,-0.027477507456612038,-0.060711188204683464
2025-06-06,300059,21.02513181,20.0876522064209,21.54255105,-0.04458852444069894,0.02460955986748692
2025-06-06,300034,16.10329168,15.466259002685547,15.7661538,-0.0395591590820924,-0.020935960591133118
2025-06-06,300394,44.37452845,44.239173889160156,53.18249589,-0.0030502760382536964,0.1984915163644967
2025-06-06,300191,16.9239987,15.527067184448242,19.93936602,-0.08254145727107365,0.17817109144542798
2025-06-06,300164,4.11,4.141170024871826,4.22,0.007583947657378465,0.02676399026763976
2025-06-06,300580,24.50793825,23.92150115966797,23.85597375,-0.023928454705161917,-0.026602176541716926
2025-06-06,300476,100.36161681,72.17366790771484,105.32952181,-0.28086383817081473,0.04950004950004949
2025-06-06,300474,68.89,70.73994445800781,71.15,0.026853599332382183,0.032805922485121375
2025-06-06,300433,21.22683824,20.226408004760742,20.88728644,-0.047130440432435194,-0.015996343692870174
2025-06-06,300418,34.48,35.401126861572266,33.82,0.026714816170889444,-0.019141531322505734
2025-06-06,600406,21.11551431,20.950645446777344,21.38292019,-0.007807949207496945,0.01266395296246059
2025-06-06,600426,15.78815656,15.961517333984375,16.56901216,0.010980431649860511,0.049458313707018364
2025-06-06,600316,34.604262,32.50906753540039,34.604262,-0.06054729514530921,0.0
2025-06-06,600362,20.70577014,20.84673500061035,21.26461755,0.0068079989132128205,0.026989935956084343
2025-06-06,600428,5.75319182,5.660808563232422,5.8277875,-0.016057739713531305,0.012965964343598202
2025-06-06,300502,69.1244871,59.76454544067383,71.91372079,-0.13540703232684337,0.04035087719298258
2025-06-06,300760,230.111635,226.39596557617188,231.38297,-0.016147247069137283,0.0055248618784529135
2025-06-06,300750,245.8359685,238.5589141845703,244.18402899,-0.029601259570890215,-0.006719681908548769
2025-06-06,400,20.86612177,20.904815673828125,20.82713789,0.0018543888631838978,-0.0018682858477346853
2025-06-06,426,14.1996405,12.946796417236328,16.62105288,-0.08823069026033947,0.17052631578947386
2025-06-06,600160,25.967712,25.777484893798828,26.84548002,-0.0073255243358048006,0.03380228570002619
2025-06-06,600183,28.02178764,25.285831451416016,27.7946907,-0.09763674693896096,-0.008104298801973164
2025-06-06,600118,27.6855129,26.61954116821289,26.93590515,-0.038502871001068195,-0.02707581227436817
2025-06-06,600111,23.91405604,23.344614028930664,25.26862148,-0.023812021269702388,0.05664306538942121
2025-06-06,600089,11.28736268,11.106168746948242,11.28736268,-0.01605281394677016,0.0
2025-06-06,600026,9.5937099,10.100194931030273,9.61280186,0.05279344865642366,0.0019900497512437276
2025-06-06,600309,53.38576288,56.91088104248047,53.621896,0.06603105345528526,0.0044231478068559316
2025-06-06,600489,13.7104704,13.636900901794434,14.28498585,-0.005365935380712172,0.04190340909090917
2025-06-06,600276,53.6609778,49.62289047241211,55.5930917,-0.07525184022248455,0.036005939123979314
2025-06-06,601808,12.98259662,13.193580627441406,13.41896058,0.016251294992588816,0.033611454840071886
2025-06-06,601872,5.75578176,5.9484663009643555,5.9082528,0.03347669334918568,0.026490066225165476
2025-06-06,601899,17.23159968,16.63576889038086,18.75430256,-0.03457779896724822,0.0883668903803132
2025-06-06,601975,2.704632,2.748755931854248,2.704632,0.016314209051082607,0.0
2025-06-13,2050,25.65098788,24.22243309020996,25.88886412,-0.055691998938718346,0.009273570324574987
2025-06-13,2028,72.18145284,70.9274673461914,72.52762314,-0.01737268293266736,0.0047958344751986015
2025-06-13,2179,37.0371291,36.45447540283203,37.0166692,-0.01573161071947038,-0.0005524159268597284
2025-06-13,2156,23.26390611,22.603866577148438,23.7733678,-0.028371827574039443,0.021899232553255876
2025-06-13,21,17.19136055,16.63823127746582,16.9427868,-0.03217483985199643,-0.014459224985540642
2025-06-13,768,25.196448,25.224563598632812,24.97906688,0.0011158556409542886,-0.008627450980392082
2025-06-13,603662,64.18597488,60.02558898925781,61.64268232,-0.06481767860533882,-0.039623805118717326
2025-06-13,603619,18.10051722,17.342653274536133,22.47529389,-0.04186973975674424,0.24169346195069674
2025-06-13,2241,22.15879887,21.746509552001953,22.93924698,-0.018606122128588365,0.035220686580472726
2025-06-13,2342,5.85476116,5.442811489105225,5.63495784,-0.07036148181572877,-0.03754266211604085
2025-06-13,2273,19.05281478,18.164447784423828,19.31041914,-0.04662654866664118,0.01352054082163301
2025-06-13,2371,298.42875426,285.20416259765625,312.70714748,-0.04431406650185621,0.047845232794023085
2025-06-13,2353,34.99354018,33.236270904541016,35.56915712,-0.05021696194268799,0.016449234259784618
2025-06-13,2463,37.87363825,33.9304084777832,44.06480855,-0.10411542049876332,0.16346911957950083
2025-06-13,2475,31.48676704,33.07594299316406,32.35700432,0.050471232919696574,0.027638190954773822
2025-06-13,2384,31.97,29.625967025756836,37.09,-0.07331976772734328,0.16015014075695988
2025-06-13,2422,38.04292936,32.98587417602539,34.03428496,-0.132930225643765,-0.1053716016993913
2025-06-13,2517,17.4801968,15.724788665771484,16.884281,-0.1004226756891271,-0.03409090909090906
2025-06-13,2555,14.32413828,14.088886260986328,15.7413339,-0.016423467465553676,0.09893758300132816
2025-06-13,2595,42.8086069,42.104095458984375,42.585187,-0.016457238205890512,-0.005219041594180074
2025-06-13,2558,18.53125597,17.225818634033203,20.96515291,-0.07044516238295728,0.1313400961025093
2025-06-13,300308,115.281264,109.5416030883789,128.0169702,-0.04978832389989307,0.11047507424970648
2025-06-13,300274,62.4208896,62.04024124145508,62.27254566,-0.006098092497305974,-0.0023765111479603362
2025-06-13,2601,16.32734194,16.036218643188477,15.96937342,-0.017830415868139937,-0.02192448233861144
2025-06-13,2916,95.3718053,90.5184097290039,101.95191318,-0.050889207305338635,0.06899426784783746
2025-06-13,300033,179.87610798,166.9739532470703,170.07962283,-0.07172800700337723,-0.05446240337315533
2025-06-13,300014,43.034088,40.640357971191406,42.149962,-0.055624044566916164,-0.02054478301015683
2025-06-13,300059,21.54255105,21.51447868347168,20.82612441,-0.0013031124523351645,-0.033256351039261056
2025-06-13,300034,15.7661538,15.29949951171875,15.25053116,-0.029598486365219223,-0.03270440251572326
2025-06-13,300394,53.18249589,48.70484924316406,54.1140251,-0.08419399225070734,0.017515710656504924
2025-06-13,300191,19.93936602,17.57046890258789,23.08453392,-0.11880503698242006,0.15773660490736097
2025-06-13,300164,4.22,4.012455940246582,8.24,-0.04918105681360607,0.9526066350710902
2025-06-13,300580,23.85597375,21.228578567504883,23.549748,-0.11013573413640754,-0.012836438923395366
2025-06-13,300476,105.32952181,87.33003997802734,116.3483351,-0.17088734025054486,0.10461277237996414
2025-06-13,300474,71.15,68.69203186035156,69.12,-0.03454628446448971,-0.02853127196064653
2025-06-13,300433,20.88728644,20.137653350830078,21.37253811,-0.03588944362511082,0.023231915327724062
2025-06-13,300418,33.82,34.016265869140625,32.47,0.005803248644016046,-0.039917208752217714
2025-06-13,600406,21.38292019,21.579509735107422,21.46887208,0.009193765087303518,0.004019651630192023
2025-06-13,600426,16.56901216,16.232507705688477,16.37565744,-0.020309264732383592,-0.011669658886893974
2025-06-13,600316,34.604262,28.878704071044922,34.96351257,-0.16545817185626088,0.010381685643230831
2025-06-13,600362,21.26461755,20.308746337890625,20.48791437,-0.04495125340777062,-0.03652561247216046
2025-06-13,600428,5.8277875,5.715543746948242,5.76251628,-0.019260097086889028,-0.011200000000000099
2025-06-13,300502,71.91372079,61.48931884765625,80.609567,-0.14495706560344346,0.12092054359686544
2025-06-13,300760,231.38297,235.50100708007812,220.9678025,0.01779749425845001,-0.04501267962806421
2025-06-13,300750,244.18402899,239.2925262451172,236.6476659,-0.020032033893105816,-0.030863456226732366
2025-06-13,400,20.82713789,22.44982147216797,20.29110954,0.07791198150885092,-0.025737014506317157
2025-06-13,426,16.62105288,14.321393966674805,15.33561174,-0.1383581972771628,-0.07733812949640295
2025-06-13,600160,26.84548002,26.500362396240234,27.83172102,-0.012855706938473488,0.03673769287288753
2025-06-13,600183,27.7946907,23.740901947021484,28.81169004,-0.14584759358299015,0.03658969804618106
2025-06-13,600118,26.93590515,26.393829345703125,26.55610389,-0.020124655224250887,-0.014100185528757025
2025-06-13,600111,25.26862148,23.797128677368164,24.1032968,-0.05823399601741297,-0.04611746156878205
2025-06-13,600089,11.28736268,11.459012985229492,11.09458108,0.015207299534517382,-0.01707941929974377
2025-06-13,600026,9.61280186,9.691230773925781,10.4528481,0.008158798555094826,0.08738828202581939
2025-06-13,600309,53.621896,57.24311065673828,52.5396192,0.06753238745489876,-0.020183486238532167
2025-06-13,600489,14.28498585,13.675689697265625,14.0415471,-0.0426529055843885,-0.017041581458759336
2025-06-13,600276,55.5930917,51.51888656616211,51.3703273,-0.07328617655991765,-0.07595843783590117
2025-06-13,601808,13.41896058,13.636632919311523,14.23015776,0.016221251863273833,0.06045156591405676
2025-06-13,601872,5.9082528,6.0181121826171875,6.33660885,0.018594225117988916,0.07250130698537482
2025-06-13,601899,18.75430256,16.645469665527344,17.96227785,-0.11244528490067485,-0.04223162698085425
2025-06-13,601975,2.704632,2.7198963165283203,3.0327675,0.0056437683678667305,0.1213235294117645
2025-06-20,2050,25.88886412,24.0953426361084,25.88886412,-0.06927772016486611,0.0
2025-06-20,2028,72.52762314,71.1156997680664,72.9430275,-0.0194673878834849,0.005727533069684876
2025-06-20,2179,37.0166692,35.775970458984375,38.42748575,-0.03351729822886462,0.038113006396588434
2025-06-20,2156,23.7733678,23.2564754486084,24.6723607,-0.02174249587774435,0.037815126050420256
2025-06-20,21,16.9427868,17.281612396240234,18.1558267,0.019998221086051426,0.07159624413145527
2025-06-20,768,24.97906688,25.743539810180664,26.1630204,0.030604543150198893,0.04739782817699867
2025-06-20,603662,61.64268232,59.134986877441406,62.82031584,-0.04068115383981219,0.019104190078664374
2025-06-20,603619,22.47529389,19.76032257080078,19.16753592,-0.12079803416529289,-0.14717306862321977
2025-06-20,2241,22.93924698,21.544851303100586,23.1170706,-0.06078646252490949,0.007751937984496138
2025-06-20,2342,5.63495784,5.270572185516357,6.3443231,-0.0646651962321767,0.12588652482269502
2025-06-20,2273,19.31041914,19.90993309020996,19.45903704,0.031046138660352218,0.007696254489481635
2025-06-20,2371,312.70714748,304.8251953125,323.30150853,-0.025205538891637014,0.03387949759184061
2025-06-20,2353,35.56915712,33.7702522277832,34.13011477,-0.050574852987036345,-0.0404575892857143
2025-06-20,2463,44.06480855,38.0131950378418,41.75556175,-0.13733438794568875,-0.05240569234244419
2025-06-20,2475,32.35700432,33.68452835083008,32.60423082,0.0410274083997797,0.007640586797065918
2025-06-20,2384,37.09,30.063066482543945,36.93,-0.1894562824873567,-0.004313831221353537
2025-06-20,2422,34.03428496,32.1171989440918,34.36833972,-0.05632808264258604,0.009815242494226384
2025-06-20,2517,16.884281,16.198909759521484,17.47026487,-0.04059226688293782,0.03470588235294114
2025-06-20,2555,15.7413339,14.92823314666748,15.80791356,-0.05165386608897993,0.004229607250755274
2025-06-20,2595,42.585187,41.39298629760742,40.7707466,-0.02799566671839615,-0.042607313195548335
2025-06-20,2558,20.96515291,17.534175872802734,21.75666411,-0.16365141966413954,0.03775365738555925
2025-06-20,300308,128.0169702,119.40911865234375,129.4138818,-0.06723992556774516,0.010911925175370207
2025-06-20,300274,62.27254566,60.10511779785156,63.39974004,-0.03480551243211272,0.018100984439504586
2025-06-20,2601,15.96937342,15.519295692443848,16.05886555,-0.028183806322198968,0.005603985056039873
2025-06-20,2916,101.95191318,94.42345428466797,104.07901754,-0.07384323315287133,0.02086380033148094
2025-06-20,300033,170.07962283,163.0652313232422,197.49573611,-0.04124181010072514,0.16119575539865383
2025-06-20,300014,42.149962,40.372806549072266,44.613594,-0.04216268216155772,0.058449210464293966
2025-06-20,300059,20.82612441,20.645191192626953,23.01520581,-0.008687800658972678,0.10511227902532272
2025-06-20,300034,15.25053116,15.627739906311035,15.93472274,0.024734138264010275,0.04486345903771127
2025-06-20,300394,54.1140251,52.07528305053711,52.05897211,-0.03767492892453295,-0.03797634691195795
2025-06-20,300191,23.08453392,19.201656341552734,18.89097672,-0.1682025546586069,-0.18166089965397914
2025-06-20,300164,8.24,5.512073993682861,6.22,-0.33105898134916734,-0.24514563106796117
2025-06-20,300580,23.549748,21.304399490356445,24.181956,-0.09534490601103485,0.02684563758389258
2025-06-20,300476,116.3483351,78.66168212890625,127.6751585,-0.32391226688978847,0.09735269000853974
2025-06-20,300474,69.12,66.09798431396484,71.84,-0.04372129175398087,0.03935185185185186
2025-06-20,300433,21.37253811,21.40097999572754,21.3428952,0.0013307678096607933,-0.001386962552011095
2025-06-20,300418,32.47,33.8468017578125,33.19,0.04240227156798593,0.02217431475207876
2025-06-20,600406,21.46887208,21.70058822631836,21.70762733,0.010793121569447672,0.011120996441281061
2025-06-20,600426,16.37565744,16.051528930664062,16.1004988,-0.019793312758497605,-0.016802906448683097
2025-06-20,600316,34.96351257,31.70747947692871,35.72293725,-0.09312660124043393,0.021720491569019673
2025-06-20,600362,20.48791437,20.428701400756836,21.03728979,-0.002890141386468592,0.026814609338881246
2025-06-20,600428,5.76251628,5.744124889373779,5.83711196,-0.0031915555171707632,0.012944983818770295
2025-06-20,300502,80.609567,65.79053497314453,83.3203312,-0.18383713718317662,0.03362831858407089
2025-06-20,300760,220.9678025,222.7288360595703,222.483625,0.007969638742143514,0.006859924762115499
2025-06-20,300750,236.6476659,232.70391845703125,247.09691641,-0.01666505954314057,0.04415530772408105
2025-06-20,400,20.29110954,23.170330047607422,20.40806118,0.14189566627352712,0.0057636887608070175
2025-06-20,426,15.33561174,13.510116577148438,15.40536436,-0.11903634454242917,0.004548408057180042
2025-06-20,600160,27.83172102,26.64942741394043,26.96382894,-0.04248007535035181,-0.031183557760453562
2025-06-20,600183,28.81169004,26.91720962524414,29.127651,-0.06575388018285988,0.010966415352981596
2025-06-20,600118,26.55610389,25.882122039794922,27.82543968,-0.025379545621482258,0.04779826872412496
2025-06-20,600111,24.1032968,23.442676544189453,24.2129872,-0.027407879564862903,0.004550846338995385
2025-06-20,600089,11.09458108,11.242658615112305,11.29700176,0.013346834282841114,0.018245004344048743
2025-06-20,600026,10.4528481,9.880772590637207,9.8800893,-0.05472915170008008,-0.05479452054794531
2025-06-20,600309,52.5396192,56.39458465576172,52.31332496,0.07337254274887717,-0.00430711610486878
2025-06-20,600489,14.0415471,14.614862442016602,14.14866015,0.04082992692568754,0.007628294036061023
2025-06-20,600276,51.3703273,50.84230041503906,51.8682948,-0.010278830459406807,0.009693679720822024
2025-06-20,601808,14.23015776,13.910690307617188,13.30167906,-0.02245002885918912,-0.06524725274725285
2025-06-20,601872,6.33660885,6.350849151611328,6.10228125,0.0022473063981736097,-0.03697996918335911
2025-06-20,601899,17.96227785,16.44682502746582,18.5587389,-0.08436863270847239,0.03320631464344048
2025-06-20,601975,3.0327675,2.9080233573913574,2.943276,-0.04113211533974903,-0.02950819672131144
2025-06-27,2050,25.88886412,25.858484268188477,25.73027996,-0.0011734717935366623,-0.006125574272588086
2025-06-27,2028,72.9430275,70.23270416259766,73.2397449,-0.03715671573136092,0.0040677966101696494
2025-06-27,2179,38.42748575,36.79868698120117,38.7135954,-0.0423862955644666,0.007445442875481323
2025-06-27,2156,24.6723607,24.27168846130371,25.36158859,-0.016239720372452582,0.02793522267206483
2025-06-27,21,18.1558267,17.62554168701172,18.42428635,-0.02920742865364978,0.014786418400876356
2025-06-27,768,26.1630204,26.3971004486084,26.73890472,0.00894698108359071,0.02201138519924095
2025-06-27,603662,62.82031584,58.36566162109375,61.52392936,-0.07091104460939068,-0.020636420919974863
2025-06-27,603619,19.16753592,18.681276321411133,19.34213898,-0.025368915473453657,0.009109311740890913
2025-06-27,2241,23.1170706,22.54503059387207,23.4134433,-0.024745350136532118,0.012820512820512775
2025-06-27,2342,6.3443231,5.366888999938965,7.51327712,-0.1540643634718155,0.18425196850393677
2025-06-27,2273,19.45903704,20.2419490814209,20.46963876,0.040233853289427746,0.05193482688391038
2025-06-27,2371,323.30150853,325.25518798828125,327.87366249,0.006042902389055804,0.014142074315671715
2025-06-27,2353,34.13011477,32.87440490722656,33.99117275,-0.03679184413048597,-0.004070950857807509
2025-06-27,2463,41.75556175,38.96095275878906,44.20415965,-0.06692782647597684,0.058641239570917936
2025-06-27,2475,32.60423082,33.97010803222656,35.37316762,0.04189263717850733,0.0849256900212314
2025-06-27,2384,36.93,33.247589111328125,43.3,-0.09971326533094704,0.1724884917411318
2025-06-27,2422,34.36833972,31.869436264038086,36.51022024,-0.07270946098416642,0.062321326472269956
2025-06-27,2517,17.47026487,15.7493314743042,18.9699863,-0.09850642840859236,0.08584422967595207
2025-06-27,2555,15.80791356,15.02673625946045,16.5498012,-0.04941685046382238,0.04693140794223827
2025-06-27,2595,40.7707466,38.700042724609375,39.673958,-0.05078896140181621,-0.02690136167386259
2025-06-27,2558,21.75666411,17.79026222229004,22.80541645,-0.18230744693470202,0.048203728967712633
2025-06-27,300308,129.4138818,113.36552429199219,141.94617444,-0.12400800659707767,0.09683885890516564
2025-06-27,300274,63.39974004,63.411338806152344,68.98627359,0.00018294658850370737,0.08811603243917654
2025-06-27,2601,16.05886555,15.792223930358887,16.5063262,-0.016604013453560107,0.02786377708978338
2025-06-27,2916,104.07901754,94.82450103759766,112.7663503,-0.08891817698841764,0.08346862763823903
2025-06-27,300033,197.49573611,186.41868591308594,188.63325277,-0.05608754100262914,-0.0448743021725988
2025-06-27,300014,44.613594,46.25016784667969,46.083826,0.03668329986325891,0.03295479848586069
2025-06-27,300059,23.01520581,21.363758087158203,22.76644656,-0.07175463632500956,-0.010808473843493371
2025-06-27,300034,15.93472274,15.814739227294922,16.20244988,-0.007529689387308247,0.016801493466085837
2025-06-27,300394,52.05897211,49.709373474121094,55.52198528,-0.045133404303762115,0.06652096708099986
2025-06-27,300191,18.89097672,17.071062088012695,19.01079264,-0.09633777326402349,0.006342494714587588
2025-06-27,300164,6.22,5.745079517364502,5.89,-0.07635377534332766,-0.05305466237942125
2025-06-27,300580,24.181956,20.81889533996582,23.82480144,-0.13907314445672547,-0.014769465298836826
2025-06-27,300476,127.6751585,92.95698547363281,141.76413708,-0.2719258267172403,0.11035019455252937
2025-06-27,300474,71.84,76.02052307128906,72.0,0.05819213629299913,0.00222717149220486
2025-06-27,300433,21.3428952,20.45978355407715,23.94159031,-0.04137731257392163,0.12175925925925912
2025-06-27,300418,33.19,33.11277389526367,32.88,-0.002326788331917018,-0.009340162699608134
2025-06-27,600406,21.70762733,22.03367042541504,21.48373252,0.01501974814928042,-0.010314107875372347
2025-06-27,600426,16.1004988,15.969161033630371,16.65037344,-0.008157372513802441,0.034152646252176844
2025-06-27,600316,35.72293725,36.708412170410156,35.66298267,0.027586615107080936,-0.0016783216783217147
2025-06-27,600362,21.03728979,20.8824405670166,22.57175217,-0.0073607020927669575,0.07294011706438552
2025-06-27,600428,5.83711196,5.893535614013672,6.00495224,0.00966636487364414,0.028753993610223683
2025-06-27,300502,83.3203312,70.5343017578125,92.49412794,-0.15345629641697223,0.11010273972602747
2025-06-27,300760,222.483625,221.66433715820312,215.34459,-0.0036824635601692135,-0.03208791208791195
2025-06-27,300750,247.09691641,241.1756591796875,256.67621061,-0.023963298758805873,0.038767356303651246
2025-06-27,400,20.40806118,21.148344039916992,21.13900893,0.03627404158521785,0.0358166189111746
2025-06-27,426,15.40536436,14.115595817565918,16.77052278,-0.08372204073166645,0.08861578266494186
2025-06-27,600160,26.96382894,25.48829460144043,27.95006994,-0.05472273028592989,0.03657644476956845
2025-06-27,600183,29.127651,27.0045223236084,29.49298086,-0.072890487337671,0.012542372881355845
2025-06-27,600118,27.82543968,27.192312240600586,28.56531452,-0.022753546635041477,0.026589870582774733
2025-06-27,600111,24.2129872,23.55801010131836,24.5620212,-0.02705065233263082,0.01441515650741354
2025-06-27,600089,11.29700176,11.217597961425781,11.69220404,-0.007028749774596776,0.03498293515358353
2025-06-27,600026,9.8800893,9.735857009887695,9.85145136,-0.014598277984421149,-0.0028985507246376274
2025-06-27,600309,52.31332496,53.897422790527344,53.68092928,0.030280962484005247,0.02614256159488426
2025-06-27,600489,14.14866015,13.744521141052246,14.43,-0.028563765378713524,0.01988455776146414
2025-06-27,600276,51.8682948,48.960899353027344,52.25670945,-0.056053422580852996,0.00748847926267282
2025-06-27,601808,13.30167906,13.504420280456543,13.61442978,0.015241776586402134,0.02351212343864817
2025-06-27,601872,6.10228125,6.205639839172363,6.00464475,0.016937696729786733,-0.016000000000000014
2025-06-27,601899,18.5587389,17.44961929321289,19.83966345,-0.05976266020893861,0.06902002107481553
2025-06-27,601975,2.943276,2.888749599456787,2.8736715,-0.01852575176205451,-0.023648648648648685
2025-07-04,2050,25.73027996,24.549419403076172,25.19505842,-0.04589380911360397,-0.02080123266563949
2025-07-04,2028,73.2397449,72.35997772216797,70.202631,-0.01201215513562004,-0.04146811139425488
2025-07-04,2179,38.7135954,38.7735481262207,38.5952052,0.0015486220176981202,-0.003058103975535187
2025-07-04,2156,25.36158859,24.660968780517578,24.88212571,-0.027625233608539634,-0.018905080740448943
2025-07-04,21,18.42428635,18.635950088500977,18.30497095,0.01148830052247729,-0.0064759848893685135
2025-07-04,768,26.73890472,25.866987228393555,26.77862088,-0.0326085716949458,0.001485332343111656
2025-07-04,603662,61.52392936,58.52821350097656,60.4650488,-0.04869188119462198,-0.017210873411613314
2025-07-04,603619,19.34213898,19.097951889038086,18.97353252,-0.012624616709372649,-0.01905717151454378
2025-07-04,2241,23.4134433,22.6039981842041,22.40577612,-0.03457181011030097,-0.04303797468354442
2025-07-04,2342,7.51327712,5.894950866699219,7.5432503,-0.21539552281292418,0.003989361702127825
2025-07-04,2273,20.46963876,19.719898223876953,19.6671021,-0.03662695492155554,-0.039206195546950484
2025-07-04,2371,327.87366249,310.85986328125,329.53216351,-0.0518913263100812,0.005058353901940871
2025-07-04,2353,33.99117275,33.96031951904297,34.82482487,-0.0009076836266859178,0.02452554744525548
2025-07-04,2463,44.20415965,38.780818939208984,47.03099625,-0.12268846990265125,0.06394956090970494
2025-07-04,2475,35.37316762,36.28712463378906,35.36327856,0.025837579026208424,-0.0002795638803466671
2025-07-04,2384,43.3,35.333255767822266,46.5,-0.18398947418424327,0.07390300230946889
2025-07-04,2422,36.51022024,33.04912185668945,32.63911508,-0.09479806915869071,-0.10602798708288474
2025-07-04,2517,18.9699863,17.3858642578125,19.79433649,-0.08350675731312984,0.043455497382199004
2025-07-04,2555,16.5498012,15.485404014587402,17.7862806,-0.06431480188490712,0.07471264367816088
2025-07-04,2595,39.673958,38.48827362060547,39.80428783,-0.029885709396439086,0.0032850221296296667
2025-07-04,2558,22.80541645,17.579164505004883,26.23859628,-0.22916713476614092,0.1505422993492409
2025-07-04,300308,141.94617444,127.3567123413086,146.26662246,-0.1027816505534519,0.030437227611415762
2025-07-04,300274,68.98627359,70.96712493896484,75.59123715,0.02871370268145612,0.09574315608427697
2025-07-04,2601,16.5063262,16.520132064819336,16.49638263,0.0008363983997441427,-0.000602409638554291
2025-07-04,2916,112.7663503,99.14984130859375,118.52145976,-0.12074975340765504,0.05103569854561485
2025-07-04,300033,188.63325277,175.4053955078125,193.12769757,-0.07012473711788347,0.02382636536242133
2025-07-04,300014,46.083826,44.17192077636719,44.782472,-0.04148755408530569,-0.028238844578573064
2025-07-04,300059,22.76644656,22.328950881958008,23.03510655,-0.019216687017404754,0.01180069930069938
2025-07-04,300034,16.20244988,15.037690162658691,16.03388094,-0.07188787658458151,-0.01040391676866581
2025-07-04,300394,55.52198528,53.650089263916016,62.21335159,-0.033714500780977597,0.12051741803278682
2025-07-04,300191,19.01079264,17.736175537109375,18.6713142,-0.06704702570942478,-0.017857142857142683
2025-07-04,300164,5.89,5.552592754364014,5.61,-0.05728476156807916,-0.04753820033955847
2025-07-04,300580,23.82480144,22.76450538635254,23.22868464,-0.04450387787355525,-0.025020850708924125
2025-07-04,300476,141.76413708,80.79606628417969,144.18847472,-0.43006695523716953,0.01710120549481342
2025-07-04,300474,72.0,70.61395263671875,71.92,-0.01925065782335067,-0.0011111111111110628
2025-07-04,300433,23.94159031,22.663124084472656,22.22230153,-0.05339938612989081,-0.07181180354931904
2025-07-04,300418,32.88,32.12519836425781,33.61,-0.022956254128412068,0.02220194647201934
2025-07-04,600406,21.48373252,21.76801872253418,21.28904532,0.01323262623333843,-0.009062075215224286
2025-07-04,600426,16.65037344,15.938880920410156,16.22054043,-0.042731325045274327,-0.025815217391304324
2025-07-04,600316,35.66298267,35.836063385009766,35.14337631,0.004853231615856046,-0.01456990753712517
2025-07-04,600362,22.57175217,21.317100524902344,21.84240894,-0.055585035474791655,-0.0323122114981117
2025-07-04,600428,6.00495224,5.8687825202941895,5.99562778,-0.0226762369230451,-0.0015527950310557648
2025-07-04,300502,92.49412794,71.57583618164062,94.91241495,-0.22615805158927338,0.026145303100416406
2025-07-04,300760,215.34459,218.12130737304688,213.8287675,0.01289429826422328,-0.007039055404178041
2025-07-04,300750,256.67621061,253.89215087890625,265.874288,-0.010846582643858294,0.03583533264785399
2025-07-04,400,21.13900893,21.684757232666016,21.4890027,0.025817118696208174,0.016556772891244576
2025-07-04,426,16.77052278,14.435478210449219,16.78048744,-0.13923504950814547,0.0005941770647652778
2025-07-04,600160,27.95006994,25.88062858581543,26.38194675,-0.07404065029629647,-0.05610444601270281
2025-07-04,600183,29.49298086,27.276254653930664,33.7189587,-0.07516114483618652,0.1432875795112154
2025-07-04,600118,28.56531452,28.920368194580078,27.87542768,0.01242953842960448,-0.02415120756037803
2025-07-04,600111,24.5620212,23.868743896484375,26.9354524,-0.02822558037347611,0.09663012586276887
2025-07-04,600089,11.69220404,11.787635803222656,12.0004568,0.008161999473852433,0.026363956611212158
2025-07-04,600026,9.85145136,9.965606689453125,9.81326744,0.011587666150048914,-0.003875968992248069
2025-07-04,600309,53.68092928,56.79724884033203,55.50112208,0.05805263809941308,0.03390762463343111
2025-07-04,600489,14.43,14.286223411560059,13.78,-0.00996372754261543,-0.04504504504504503
2025-07-04,600276,52.25670945,48.70927810668945,57.365856,-0.06788470572768812,0.097770154373928
2025-07-04,601808,13.61442978,13.52115535736084,13.44828096,-0.006851144274597765,-0.012203876525484603
2025-07-04,601872,6.00464475,6.029839992523193,5.9753538,0.004195958890522711,-0.004878048780487809
2025-07-04,601899,19.83966345,16.86576271057129,18.4218462,-0.14989673322450991,-0.07146377525874814
2025-07-04,601975,2.8736715,3.0098178386688232,2.8736715,0.047377140591338796,0.0
2025-07-11,2050,25.19505842,21.99846649169922,27.6531129,-0.1268737652841997,0.09756097560975618
2025-07-11,2028,70.202631,68.75411224365234,78.93563914,-0.020633397006839416,0.12439716312056759
2025-07-11,2179,38.5952052,38.02253723144531,38.476815,-0.014837800850834415,-0.0030674846625766694
2025-07-11,2156,24.88212571,23.984153747558594,26.02085005,-0.03608903728351942,0.04576475311120021
2025-07-11,21,18.30497095,17.69333839416504,18.7524037,-0.03341346771353182,0.024443237370993964
2025-07-11,768,26.77862088,26.012588500976562,28.50627384,-0.02860611763601162,0.06451612903225801
2025-07-11,603662,60.4650488,56.511600494384766,65.1162064,-0.06538402571528612,0.07692307692307687
2025-07-11,603619,18.97353252,18.254413604736328,18.63402657,-0.03790116123635112,-0.017893660531697275
2025-07-11,2241,22.40577612,20.757722854614258,23.00840061,-0.07355483945564578,0.02689594356261016
2025-07-11,2342,7.5432503,6.633879661560059,7.23352744,-0.12055421764805307,-0.041059602649006766
2025-07-11,2273,19.6671021,19.481735229492188,20.33092872,-0.009425225412737048,0.03375314861460943
2025-07-11,2371,329.53216351,313.69354248046875,318.3123042,-0.04806396092213494,-0.034047842828123454
2025-07-11,2353,34.82482487,33.0725212097168,38.55641055,-0.050317658935098764,0.10715303505272167
2025-07-11,2463,47.03099625,39.617610931396484,52.86383515,-0.15762764792811546,0.12402116402116392
2025-07-11,2475,35.36327856,34.27760696411133,39.1820392,-0.03070053569967046,0.10798661197436221
2025-07-11,2384,46.5,30.378623962402344,55.31,-0.3466962588730679,0.18946236559139784
2025-07-11,2422,32.63911508,30.957700729370117,34.37816486,-0.05151531671458187,0.05328115593016247
2025-07-11,2517,19.79433649,17.743486404418945,18.89053086,-0.10360792273169317,-0.045659809332664336
2025-07-11,2555,17.7862806,15.766830444335938,15.91253874,-0.11353976703055413,-0.1053475935828877
2025-07-11,2595,39.80428783,39.167274475097656,40.25420785,-0.01600363653340464,0.011303305360506943
2025-07-11,2558,26.23859628,19.859333038330078,24.70504333,-0.24312517230704234,-0.05844645550527905
2025-07-11,300308,146.26662246,124.14550018310547,176.4598689,-0.15123834751119702,0.20642608636332627
2025-07-11,300274,75.59123715,72.0029067993164,73.2676347,-0.047470189481924496,-0.030739045127534226
2025-07-11,2601,16.49638263,16.372211456298828,16.15830125,-0.007527175895844951,-0.020494273658830497
2025-07-11,2916,118.52145976,96.87434387207031,130.1111966,-0.18264300770311137,0.0977859778597785
2025-07-11,300033,193.12769757,195.3525390625,193.120675,0.011520053935782926,-3.6362314097648785e-05
2025-07-11,300014,44.782472,45.54627990722656,44.703,0.017055956786542925,-0.0017746228926351915
2025-07-11,300059,23.03510655,23.146780014038086,23.4828732,0.0048479682000033275,0.01943844492440605
2025-07-11,300034,16.03388094,15.297139167785645,16.43299191,-0.04594906092737616,0.024891725932947972
2025-07-11,300394,62.21335159,53.7509880065918,65.97502298,-0.136021663632223,0.06046405303463254
2025-07-11,300191,18.6713142,17.8707218170166,18.6213909,-0.04287820205946724,-0.002673796791443861
2025-07-11,300164,5.61,5.226332664489746,5.47,-0.06838989937794193,-0.024955436720142665
2025-07-11,300580,23.22868464,22.0936279296875,25.22567592,-0.04886444187020056,0.08597091531223255
2025-07-11,300476,144.18847472,120.60206604003906,168.77960447,-0.1635804021490861,0.17054851157662632
2025-07-11,300474,71.92,67.11884307861328,74.66,-0.06675690936299672,0.038097886540600534
2025-07-11,300433,22.22230153,21.85813331604004,23.83289964,-0.01638751114362902,0.0724766562916852
2025-07-11,300418,33.61,32.0016975402832,35.54,-0.04785190299663189,0.057423385897054535
2025-07-11,600406,21.28904532,21.38722038269043,21.3182484,0.004611529601949771,0.001371742112483032
2025-07-11,600426,16.22054043,15.657825469970703,15.93398509,-0.03469150503694385,-0.01766620176662015
2025-07-11,600316,35.14337631,32.854530334472656,36.84208941,-0.06512880138030608,0.0483366505544498
2025-07-11,600362,21.84240894,21.687917709350586,21.94660083,-0.00707299414976581,0.004770164787510911
2025-07-11,600428,5.99562778,5.890265941619873,6.1541436,-0.017573111981966205,0.026438569206842955
2025-07-11,300502,94.91241495,75.92750549316406,130.9013765,-0.2000255653260663,0.37918075911311533
2025-07-11,300760,213.8287675,215.30023193359375,212.391181,0.006881508277850168,-0.006723073404985125
2025-07-11,300750,265.874288,244.42410278320312,259.5206745,-0.08067792255562845,-0.023897058823529438
2025-07-11,400,21.4890027,21.40032958984375,21.32219309,-0.004126441389308844,-0.007762557077625631
2025-07-11,426,16.78048744,15.895736694335938,17.69723616,-0.05272497290841893,0.054631828978622066
2025-07-11,600160,26.38194675,25.390520095825195,26.57919495,-0.03757973827973127,0.007476635514018781
2025-07-11,600183,33.7189587,28.386436462402344,36.98717988,-0.15814611254877387,0.09692532942898957
2025-07-11,600118,27.87542768,27.92577362060547,27.81543752,0.0018061046877351217,-0.002152080344332896
2025-07-11,600111,26.9354524,24.62548828125,29.9172,-0.08575924712331917,0.11069974083672718
2025-07-11,600089,12.0004568,11.754461288452148,12.05947544,-0.02049884563959692,0.004918032786885185
2025-07-11,600026,9.81326744,10.151079177856445,9.8041239,0.03442398160672622,-0.0009317528596775038
2025-07-11,600309,55.50112208,56.56597137451172,54.2614232,0.019186085877269887,-0.02233646516575072
2025-07-11,600489,13.78,13.584366798400879,14.99,-0.014196894165393381,0.08780841799709727
2025-07-11,600276,57.365856,50.97453308105469,57.49532755,-0.11141336266202173,0.002256944444444464
2025-07-11,601808,13.44828096,13.348360061645508,13.46782788,-0.007430012702120958,0.0014534883720929148
2025-07-11,601872,5.9753538,5.899747371673584,5.9362992,-0.012653046306047355,-0.006535947712418277
2025-07-11,601899,18.4218462,18.001432418823242,18.64674135,-0.022821479270452194,0.012208067940551848
2025-07-11,601975,2.8736715,2.8696229457855225,2.823954,-0.0014088437785868546,-0.01730103806228367
2025-07-18,2050,27.6531129,25.48828125,27.54408629,-0.07828527868918511,-0.003942652329749108
2025-07-18,2028,78.93563914,76.36184692382812,77.40213486,-0.032606212405615786,-0.01942727387410126
2025-07-18,2179,38.476815,37.67429733276367,38.3978882,-0.020857175086771873,-0.002051282051282133
2025-07-18,2156,26.02085005,24.9835205078125,26.35048078,-0.0398653210865223,0.012667946257197693
2025-07-18,21,18.7524037,18.3391056060791,18.58337355,-0.022039739573273875,-0.009013785790031648
2025-07-18,768,28.50627384,27.192943572998047,28.62542232,-0.04607162179011581,0.004179728317659448
2025-07-18,603662,65.1162064,61.55337142944336,65.0963235,-0.054715026681232404,-0.0003053448764791522
2025-07-18,603619,18.63402657,18.755294799804688,19.15783575,0.006507891858430925,0.02811035918792304
2025-07-18,2241,23.00840061,21.010345458984375,23.54187147,-0.08684024521666323,0.023185916702447518
2025-07-18,2342,7.23352744,6.087506294250488,7.37340228,-0.1584318515766232,0.01933701657458564
2025-07-18,2273,20.33092872,18.70037269592285,20.27148156,-0.0802007643887479,-0.0029239766081869956
2025-07-18,2371,318.3123042,314.8310546875,338.34419905,-0.010936584814870143,0.06293157564343987
2025-07-18,2353,38.55641055,35.990447998046875,39.73741772,-0.06655086703741742,0.030630630630630762
2025-07-18,2463,52.86383515,43.952613830566406,49.45968685,-0.1685693308884646,-0.0643946526077952
2025-07-18,2475,39.1820392,36.09771728515625,37.66050316,-0.07871774868837733,-0.038832487309644725
2025-07-18,2384,55.31,32.670719146728516,53.5,-0.4093162331092295,-0.032724642921714064
2025-07-18,2422,34.37816486,32.200584411621094,34.25043804,-0.0633419630526173,-0.0037153472420691225
2025-07-18,2517,18.89053086,17.29710578918457,18.36413857,-0.08435046545936131,-0.027865404837013497
2025-07-18,2555,15.91253874,15.504711151123047,16.25494842,-0.0256293226078238,0.021518230723251763
2025-07-18,2595,40.25420785,37.919776916503906,38.97261749,-0.057992221389498666,-0.03183742591024563
2025-07-18,2558,24.70504333,20.050222396850586,23.9432138,-0.1884158174091093,-0.03083700440528636
2025-07-18,300308,176.4598689,140.3606719970703,184.7914488,-0.20457454223422977,0.047215154085383126
2025-07-18,300274,73.2676347,70.59239196777344,75.52202346,-0.03651329462429831,0.03076923076923066
2025-07-18,2601,16.15830125,16.143953323364258,17.38136036,-0.0008879600902194085,0.0756923076923075
2025-07-18,2916,130.1111966,113.28291320800781,131.61209734,-0.12933770368531206,0.011535523300229222
2025-07-18,300033,193.120675,182.602294921875,206.79361879,-0.054465323705631286,0.07079999999999997
2025-07-18,300014,44.703,43.6118278503418,47.226236,-0.024409371846592087,0.0564444444444443
2025-07-18,300059,23.4828732,22.542634963989258,24.19929984,-0.040039318357803944,0.03050847457627115
2025-07-18,300034,16.43299191,16.157939910888672,17.74004834,-0.01673779191383573,0.07953855494839113
2025-07-18,300394,65.97502298,55.792945861816406,61.84358427,-0.15433230119935304,-0.06262125458072865
2025-07-18,300191,18.6213909,17.421728134155273,18.7711608,-0.06442390755272354,0.008042895442359255
2025-07-18,300164,5.47,5.019303798675537,5.47,-0.08239418671379573,0.0
2025-07-18,300580,25.22567592,25.062288284301758,25.4839932,-0.006477036976785255,0.01024025206774315
2025-07-18,300476,168.77960447,152.77841186523438,153.8063388,-0.09480525004790963,-0.08871489962912826
2025-07-18,300474,74.66,70.9349136352539,73.98,-0.0498940043496664,-0.009107956067505918
2025-07-18,300433,23.83289964,22.26504898071289,23.49694666,-0.06578514083345965,-0.014096185737976885
2025-07-18,300418,35.54,34.05719757080078,34.92,-0.04172207172760878,-0.017445132245357264
2025-07-18,600406,21.3182484,20.942657470703125,21.84390384,-0.017618282808679386,0.02465753424657513
2025-07-18,600426,15.93398509,15.527364730834961,18.01528177,-0.02551906236062873,0.13061997160435412
2025-07-18,600316,36.84208941,35.66011428833008,43.59697209,-0.03208219567886672,0.18334689449416874
2025-07-18,600362,21.94660083,21.7847843170166,23.7747665,-0.007373192515635729,0.08330062974950447
2025-07-18,600428,6.1541436,6.071028232574463,6.58306876,-0.013505594413743882,0.06969696969696959
2025-07-18,300502,130.9013765,79.68034362792969,123.2684352,-0.3912948376984432,-0.05831062670299725
2025-07-18,300760,212.391181,213.45614624023438,226.9528565,0.005014168833282984,0.06856064094299663
2025-07-18,300750,259.5206745,253.96926879882812,278.7770108,-0.02139099596541727,0.07419962335216579
2025-07-18,400,21.32219309,21.260591506958008,23.11784948,-0.0028890828810138602,0.08421537045559147
2025-07-18,426,17.69723616,16.470577239990234,19.431087,-0.06931358710024493,0.09797297297297303
2025-07-18,600160,26.57919495,25.894731521606445,26.80603038,-0.02575184950790077,0.008534322820036966
2025-07-18,600183,36.98717988,32.664581298828125,38.3596353,-0.11686748206259501,0.037106246663107356
2025-07-18,600118,27.81543752,27.517574310302734,28.27536208,-0.010708557414676467,0.016534867002156783
2025-07-18,600111,29.9172,26.347305297851562,38.0347336,-0.11932582936065006,0.2713333333333334
2025-07-18,600089,12.05947544,12.00776481628418,14.15463716,-0.004287966253018083,0.1737357259380099
2025-07-18,600026,9.8041239,9.90815258026123,10.10623905,0.010610706405008719,0.030815109343936165
2025-07-18,600309,54.2614232,56.03062438964844,61.50283888,0.032605137965648456,0.1334542157751586
2025-07-18,600489,14.99,14.41328239440918,15.19,-0.038473489365631774,0.013342228152101399
2025-07-18,600276,57.49532755,54.594661712646484,57.2662625,-0.05045046199329839,-0.003984063745019806
2025-07-18,601808,13.46782788,13.573431015014648,13.8783132,0.007841140825052495,0.030478955007256836
2025-07-18,601872,5.9362992,5.870165824890137,6.1315722,-0.01114050570595615,0.03289473684210531
2025-07-18,601899,18.64674135,18.257747650146484,19.6734366,-0.020861216045854336,0.0550603041426323
2025-07-18,601975,2.823954,2.822604179382324,2.9333325,-0.00047798959107547834,0.03873239436619724
2025-07-25,2050,27.54408629,27.166990280151367,26.21594395,-0.013690634202868424,-0.048218783735156534
2025-07-25,2028,77.40213486,75.28252410888672,77.670996,-0.02738439650207458,0.0034735623311461516
2025-07-25,2179,38.3978882,37.552486419677734,37.6678153,-0.022016882176407404,-0.01901336073997939
2025-07-25,2156,26.35048078,26.09769630432129,28.08853372,-0.009593163699334717,0.06595905989385886
2025-07-25,21,18.58337355,18.6727237701416,18.4740011,0.004808073189789708,-0.005885500267522881
2025-07-25,768,28.62542232,26.976001739501953,28.297764,-0.057620829557006314,-0.01144640998959412
2025-07-25,603662,65.0963235,64.40510559082031,63.58569126,-0.010618386293039794,-0.02320610687022895
2025-07-25,603619,19.15783575,18.8840389251709,19.23679611,-0.014291636508528938,0.004121569942993064
2025-07-25,2241,23.54187147,22.785860061645508,22.74166518,-0.03211347956418409,-0.03399076793957201
2025-07-25,2342,7.37340228,6.716184616088867,7.10364366,-0.08913356940985084,-0.03658536585365846
2025-07-25,2273,20.27148156,19.485532760620117,20.7074274,-0.03877115725624769,0.021505376344086002
2025-07-25,2371,338.34419905,317.055419921875,334.8973144,-0.06292047916854915,-0.010187509227816194
2025-07-25,2353,39.73741772,36.089229583740234,38.63580599,-0.0918073781735349,-0.027722277722277755
2025-07-25,2463,49.45968685,43.772727966308594,56.00918855,-0.11498170016600906,0.1324210102636345
2025-07-25,2475,37.66050316,38.04732894897461,36.42736284,0.01027139194957627,-0.03274359651439129
2025-07-25,2384,53.5,41.160194396972656,58.49,-0.2306505720192027,0.09327102803738319
2025-07-25,2422,34.25043804,33.229766845703125,37.11937892,-0.029800237681773978,0.08376362593230069
2025-07-25,2517,18.36413857,17.451263427734375,18.23502348,-0.04970966314515379,-0.007030827474310608
2025-07-25,2555,16.25494842,14.496898651123047,15.79840218,-0.10815474300206696,-0.02808660035108257
2025-07-25,2595,38.97261749,38.165191650390625,38.18866594,-0.020717772929071288,-0.02011544516354724
2025-07-25,2558,23.9432138,19.382001876831055,23.48809486,-0.19050124019562253,-0.0190082644628099
2025-07-25,300308,184.7914488,160.26998901367188,217.12995234,-0.1326980222600438,0.17499999999999982
2025-07-25,300274,75.52202346,77.3503189086914,71.191224,0.024208772023431857,-0.0573448546739983
2025-07-25,2601,17.38136036,17.724895477294922,16.95378685,0.0197645702165814,-0.024599542334096003
2025-07-25,2916,131.61209734,104.55967712402344,141.2437054,-0.2055466082733315,0.07318178385318341
2025-07-25,300033,206.79361879,183.1028289794922,199.1600852,-0.11456247996978064,-0.03691377729480094
2025-07-25,300014,47.226236,46.12499237060547,43.987752,-0.023318471313160116,-0.06857383256205296
2025-07-25,300059,24.19929984,23.47768783569336,23.11470951,-0.029819540609759998,-0.04481907894736836
2025-07-25,300034,17.74004834,16.730871200561523,17.34094714,-0.05688694416705731,-0.022497187851518552
2025-07-25,300394,61.84358427,53.95628356933594,75.11254233,-0.12753628033959463,0.21455674370472577
2025-07-25,300191,18.7711608,17.09632110595703,19.84950408,-0.08922408751849642,0.057446808510638325
2025-07-25,300164,5.47,5.396718502044678,5.47,-0.013396983172819343,0.0
2025-07-25,300580,25.4839932,22.876190185546875,24.62955912,-0.10233101986752713,-0.03352826510721252
2025-07-25,300476,153.8063388,115.9598617553711,190.84703848,-0.24606578207314367,0.24082687338501296
2025-07-25,300474,73.98,72.58171081542969,79.6,-0.018900908145043527,0.07596647742633134
2025-07-25,300433,23.49694666,23.84540367126465,22.53849257,0.014829884763616796,-0.04079058031959626
2025-07-25,300418,34.92,33.52082824707031,35.9,-0.04006791961425227,0.028064146620847552
2025-07-25,600406,21.84390384,21.702634811401367,21.29877968,-0.0064672061199950726,-0.024955436720142665
2025-07-25,600426,18.01528177,17.035587310791016,18.08315014,-0.054381300926440446,0.0037672666387609244
2025-07-25,600316,43.59697209,38.59608459472656,41.64844824,-0.11470722060582073,-0.044694017877607184
2025-07-25,600362,23.7747665,21.665420532226562,21.921934,-0.0887220477127898,-0.07793273174733384
2025-07-25,600428,6.58306876,6.232988357543945,6.23806374,-0.05317890716609419,-0.052407932011331315
2025-07-25,300502,123.2684352,99.3081283569336,134.97465639,-0.1943750385424411,0.09496527777777786
2025-07-25,300760,226.9528565,231.42523193359375,226.10204,0.01970618701419058,-0.003748868875770306
2025-07-25,300750,278.7770108,252.71310424804688,258.66049298,-0.09349374425515988,-0.0721598877980365
2025-07-25,400,23.11784948,23.130197525024414,22.28380143,0.0005341346752472109,-0.0360780984719864
2025-07-25,426,19.431087,15.662810325622559,17.46804898,-0.19393030736661532,-0.10102564102564116
2025-07-25,600160,26.80603038,24.071786880493164,26.40167157,-0.10200105949095906,-0.015084621044885838
2025-07-25,600183,38.3596353,31.1755313873291,42.37826376,-0.18728290445115103,0.10476190476190483
2025-07-25,600118,28.27536208,27.89575958251953,28.90525876,-0.01342520376596601,0.022277227722772297
2025-07-25,600111,38.0347336,28.81766128540039,37.3965,-0.24233303199998257,-0.01678028316727842
2025-07-25,600089,14.15463716,12.837908744812012,13.28903044,-0.09302452618912549,-0.06115357887421824
2025-07-25,600026,10.10623905,10.148528099060059,9.81386955,0.004184449709811577,-0.028929604628736727
2025-07-25,600309,61.50283888,60.5573616027832,61.30606128,-0.015372904640410856,-0.0031994880819068428
2025-07-25,600489,15.19,14.04733657836914,14.32,-0.07522471505140615,-0.057274522712310705
2025-07-25,600276,57.2662625,53.07984924316406,62.6443115,-0.07310435628370093,0.0939130434782609
2025-07-25,601808,13.8783132,13.754304885864258,13.60465632,-0.008935402476414889,-0.019718309859154903
2025-07-25,601872,6.1315722,6.374911785125732,5.9167719,0.03968632794142635,-0.035031847133757954
2025-07-25,601899,19.6734366,18.442705154418945,18.72496575,-0.06255803043485819,-0.048210735586481146
2025-07-25,601975,2.9333325,2.8928635120391846,2.8338975,-0.01379624981512173,-0.03389830508474578
2025-08-01,2050,26.21594395,25.571231842041016,27.12780287,-0.02459236673638765,0.034782608695652195
2025-08-01,2028,77.670996,74.66688537597656,77.45192396,-0.03867737995819498,-0.002820512820512877
2025-08-01,2179,37.6678153,38.0507698059082,38.1019127,0.010166623757130955,0.011524358302776205
2025-08-01,2156,28.08853372,26.925615310668945,27.51917155,-0.04140189092544255,-0.020270270270270285
2025-08-01,21,18.4740011,18.58515167236328,18.64303125,0.006016594443273071,0.009149623250807482
2025-08-01,768,28.297764,28.551822662353516,28.5956352,0.008978047253257015,0.010526315789473717
2025-08-01,603662,63.58569126,64.44822692871094,68.84308899,0.013564933424786707,0.08268208815254763
2025-08-01,603619,19.23679611,18.872148513793945,18.83295144,-0.01895573431879838,-0.020993343573988854
2025-08-01,2241,22.74166518,23.742488861083984,23.03803788,0.04400837287694093,0.01303214596003488
2025-08-01,2342,7.10364366,6.311216354370117,7.2435185,-0.11155223200341147,0.019690576652601877
2025-08-01,2273,20.7074274,20.64209747314453,21.17309682,-0.0031549030979806103,0.022488038277512112
2025-08-01,2371,334.8973144,315.57470703125,332.56941839,-0.05769711054078852,-0.0069510739856802894
2025-08-01,2353,38.63580599,35.464080810546875,43.9652249,-0.08209289539019982,0.1379398921140509
2025-08-01,2463,56.00918855,42.30439376831055,50.9825953,-0.24468832947749342,-0.0897458681357739
2025-08-01,2475,36.42736284,36.90243911743164,36.81520536,0.013041742261670652,0.01064701064701068
2025-08-01,2384,58.49,37.172611236572266,52.24,-0.36446210913707877,-0.10685587279876907
2025-08-01,2422,37.11937892,32.87775802612305,36.2056409,-0.11426971617759374,-0.024616199047114984
2025-08-01,2517,18.23502348,17.407066345214844,19.65528947,-0.04540477481113481,0.07788671023965144
2025-08-01,2555,15.79840218,15.488334655761719,16.4071305,-0.019626511637411803,0.03853100541842269
2025-08-01,2595,38.18866594,36.93235778808594,38.48179565,-0.0328974087203755,0.007675830060692723
2025-08-01,2558,23.48809486,19.895198822021484,28.28663151,-0.1529666862891117,0.2042965459140691
2025-08-01,300308,217.12995234,152.93533325195312,208.00013724,-0.29565068474535305,-0.042047700013786105
2025-08-01,300274,71.191224,73.34917449951172,73.96965927,0.030312029745572566,0.03902777777777766
2025-08-01,2601,16.95378685,18.302928924560547,17.31175537,0.07957762395488333,0.021114369501466168
2025-08-01,2916,141.2437054,115.48321533203125,133.67956326,-0.18238327856817016,-0.053553835327234345
2025-08-01,300033,199.1600852,191.50140380859375,204.87645718,-0.03845490116011585,0.0287023977433003
2025-08-01,300014,43.987752,44.331642150878906,43.769204,0.007817861455591268,-0.0049683830171635135
2025-08-01,300059,23.11470951,23.19256591796875,23.42317098,0.0033682624449624665,0.013344812742143608
2025-08-01,300034,17.34094714,17.23196029663086,17.88971129,-0.0062849417906213345,0.03164556962025311
2025-08-01,300394,75.11254233,56.232810974121094,72.531282,-0.25135258067730626,-0.03436523714853723
2025-08-01,300191,19.84950408,18.224571228027344,20.40864504,-0.0818626422818245,0.028169014084507005
2025-08-01,300164,5.47,5.2563796043396,5.41,-0.03905308878617919,-0.010968921389396646
2025-08-01,300580,24.62955912,27.224790573120117,26.55700344,0.10537060125500597,0.07825736183945131
2025-08-01,300476,190.84703848,141.89263916015625,190.4694777,-0.2565111814662714,-0.0019783423573511705
2025-08-01,300474,79.6,81.52812194824219,84.12,0.024222637540731062,0.05678391959799001
2025-08-01,300433,22.53849257,21.623104095458984,23.21039853,-0.040614449777331085,0.02981148619026741
2025-08-01,300418,35.9,40.10092544555664,34.91,0.11701742188180053,-0.027576601671309264
2025-08-01,600406,21.29877968,21.510299682617188,21.5129356,0.00993108552673605,0.010054844606947055
2025-08-01,600426,18.08315014,17.77469253540039,17.87954503,-0.017057736191511297,-0.01125938281901595
2025-08-01,600316,41.64844824,38.798500061035156,45.21574575,-0.06842867620281945,0.08565259117082547
2025-08-01,600362,21.921934,22.265350341796875,22.8776055,0.015665421755072906,0.04359430604982206
2025-08-01,600428,6.23806374,5.737595558166504,6.23806374,-0.08022812890230202,0.0
2025-08-01,300502,134.97465639,95.7333755493164,130.98697958,-0.29073073338522615,-0.029543893028909807
2025-08-01,300760,226.10204,237.9374542236328,225.7010805,0.05234545528042478,-0.0017733564013840963
2025-08-01,300750,258.66049298,255.6835174560547,257.12585095,-0.011509200688701648,-0.005933036051696927
2025-08-01,400,22.28380143,22.578712463378906,22.61742065,0.01323432334044572,0.014971378247468081
2025-08-01,426,17.46804898,16.299339294433594,18.8332074,-0.06690556494915467,0.07815173987450086
2025-08-01,600160,26.40167157,25.084577560424805,28.01910681,-0.049886765922495635,0.06126260739633915
2025-08-01,600183,42.37826376,30.415515899658203,39.22852794,-0.2822849923274393,-0.07432432432432445
2025-08-01,600118,28.90525876,28.098974227905273,29.77511608,-0.027894043045568084,0.03009339328951932
2025-08-01,600111,37.3965,30.913904190063477,38.7028844,-0.17334766114306221,0.03493333333333326
2025-08-01,600089,13.28903044,13.048395156860352,13.20050248,-0.018107813374806936,-0.006661732050332936
2025-08-01,600026,9.81386955,9.750738143920898,9.98929125,-0.006432876018726108,0.017874875868917783
2025-08-01,600309,61.30606128,62.22676467895508,59.64329056,0.015018146325695092,-0.02712245225485488
2025-08-01,600489,14.32,14.088340759277344,14.97,-0.0161773212795151,0.045391061452513926
2025-08-01,600276,62.6443115,53.17716598510742,60.56280735,-0.15112538214890558,-0.03322734499205093
2025-08-01,601808,13.60465632,13.583110809326172,13.69261746,-0.0015836865090192997,0.006465517241379226
2025-08-01,601872,5.9167719,5.920121192932129,6.053463,0.0005660676106391538,0.02310231023102305
2025-08-01,601899,18.72496575,18.44033432006836,19.8494415,-0.015200638213805018,0.060052219321149014
2025-08-01,601975,2.8338975,2.837028980255127,2.8935585,0.0011050082986865384,0.021052631578947434
2025-08-08,2050,27.12780287,27.294979095458984,26.92957267,0.006162542033356422,-0.007307270734380755
2025-08-08,2028,77.45192396,75.10820770263672,85.26881266,-0.030260271630872526,0.10092568783749023
2025-08-08,2179,38.1019127,37.734962463378906,40.1145461,-0.0096307563221385,0.05282237182806826
2025-08-08,2156,27.51917155,26.427139282226562,28.51805255,-0.0396825996665382,0.0362976406533575
2025-08-08,21,18.64303125,18.185827255249023,18.9910345,-0.024524123176105084,0.01866666666666683
2025-08-08,768,28.5956352,27.5803279876709,27.54315696,-0.03550567089095824,-0.036805555555555536
2025-08-08,603662,68.84308899,65.4918441772461,67.31258001,-0.04867946604256379,-0.02223184639815201
2025-08-08,603619,18.83295144,18.39796257019043,19.03979871,-0.023097222503621007,0.010983263598326465
2025-08-08,2241,23.03803788,24.36231803894043,25.36950312,0.057482332733295616,0.10120068610634658
2025-08-08,2342,7.2435185,6.7097320556640625,8.28258874,-0.07369159674762171,0.14344827586206876
2025-08-08,2273,21.17309682,20.94188117980957,21.57931908,-0.010920256122950556,0.019185774450163784
2025-08-08,2371,332.56941839,322.11041259765625,341.35148102,-0.03144909066797785,0.02640670532039535
2025-08-08,2353,43.9652249,36.284027099609375,45.58290699,-0.17471075873856445,0.03679458239277644
2025-08-08,2463,50.9825953,45.266876220703125,54.81475055,-0.11211118315306468,0.0751659508004685
2025-08-08,2475,36.81520536,36.5847282409668,38.26712864,-0.00626037847078309,0.03943814154511083
2025-08-08,2384,52.24,41.813880920410156,54.9,-0.19958114624023438,0.0509188361408881
2025-08-08,2422,36.2056409,33.908363342285156,35.57683194,-0.06345081872904623,-0.017367706919945713
2025-08-08,2517,19.65528947,17.328779220581055,19.9631793,-0.11836560601002155,0.015664477008590305
2025-08-08,2555,16.4071305,15.000308990478516,16.0742322,-0.08574451879452571,-0.020289855072463725
2025-08-08,2595,38.48179565,37.6004753112793,38.48179565,-0.02290226648300142,0.0
2025-08-08,2558,28.28663151,22.48013687133789,29.37495941,-0.2052734570607806,0.03847499125568388
2025-08-08,300308,208.00013724,157.31373596191406,238.94172918,-0.24368446074437755,0.1487575554063132
2025-08-08,300274,73.96965927,78.19408416748047,86.96205765,0.057110238700177174,0.1756449672503677
2025-08-08,2601,17.31175537,17.11033058166504,17.2023761,-0.011635145254190404,-0.00631820792647908
2025-08-08,2916,133.67956326,120.26457214355469,149.0961,-0.10035184727791069,0.11532455944679909
2025-08-08,300033,204.87645718,199.07516479492188,221.77978317,-0.02831605185353836,0.08250497017892644
2025-08-08,300014,43.769204,44.45781707763672,45.110294,0.015732821589278023,0.030640036314117047
2025-08-08,300059,23.42317098,22.94295310974121,24.23910132,-0.02050183003269812,0.03483432455395086
2025-08-08,300034,17.88971129,17.196378707885742,17.21123925,-0.03875594026505158,-0.037925264919130064
2025-08-08,300394,72.531282,63.65852737426758,78.35511729,-0.12233003996444491,0.08029411764705863
2025-08-08,300191,20.40864504,18.82223129272461,20.0192433,-0.07773243858992562,-0.019080234833659504
2025-08-08,300164,5.41,5.240464210510254,5.15,-0.031337484194038145,-0.04805914972273562
2025-08-08,300580,26.55700344,25.826622009277344,26.06023944,-0.027502403739668835,-0.01870557426112973
2025-08-08,300476,190.4694777,152.3278350830078,224.24129589,-0.20025068098872723,0.17730829420970262
2025-08-08,300474,84.12,82.59246063232422,84.4,-0.018159050970943724,0.003328578221588163
2025-08-08,300433,23.21039853,23.707935333251953,24.22813844,0.02143594400625548,0.04384844614729677
2025-08-08,300418,34.91,35.17868423461914,35.42,0.007696483374939778,0.014608994557433475
2025-08-08,600406,21.5129356,21.355880737304688,21.20143608,-0.00730048495544755,-0.014479638009049722
2025-08-08,600426,17.87954503,17.138195037841797,18.6260971,-0.04146358259756022,0.04175453395191897
2025-08-08,600316,45.21574575,35.0551643371582,41.40862992,-0.22471334364405127,-0.08419889502762434
2025-08-08,600362,22.8776055,21.746850967407227,24.106326,-0.04942626240288894,0.053708439897698135
2025-08-08,600428,6.23806374,6.083504676818848,6.28468604,-0.024776768821722972,0.007473841554558991
2025-08-08,300502,130.98697958,107.7168960571289,164.82873054,-0.17765188263356313,0.258359655810914
2025-08-08,300760,225.7010805,230.3751678466797,228.292648,0.02070919348868472,0.011482299926339978
2025-08-08,300750,257.12585095,253.0632781982422,273.58659731,-0.01579993896664933,0.06401824748146745
2025-08-08,400,22.61742065,22.446325302124023,22.1758658,-0.007564759506560992,-0.0195227765726681
2025-08-08,426,18.8332074,17.039560317993164,20.14854252,-0.09523853499361112,0.06984126984126982
2025-08-08,600160,28.01910681,24.61783790588379,28.24594224,-0.12139105386836602,0.008095740936290063
2025-08-08,600183,39.22852794,34.55768966674805,40.2356535,-0.11906738586765209,0.025673294739491537
2025-08-08,600118,29.77511608,28.783355712890625,29.16521612,-0.03330836274306059,-0.020483546004029574
2025-08-08,600111,38.7028844,29.451770782470703,38.244154,-0.2390290481173878,-0.011852615305333658
2025-08-08,600089,13.20050248,12.698552131652832,13.14148384,-0.03802509405287191,-0.0044709388971685415
2025-08-08,600026,9.98929125,10.229961395263672,9.81386955,0.02409281491954407,-0.017560975609756224
2025-08-08,600309,59.64329056,59.56253433227539,61.50283888,-0.0013539867932566008,0.03117782909930722
2025-08-08,600489,14.97,14.117942810058594,14.66,-0.05691764795867782,-0.020708082832331387
2025-08-08,600276,60.56280735,53.73870849609375,62.5646367,-0.11267804701438189,0.03305377405032073
2025-08-08,601808,13.69261746,13.306600570678711,13.55578902,-0.028191606933367752,-0.009992862241256173
2025-08-08,601872,6.053463,6.039490699768066,5.98511745,-0.002308149935323578,-0.011290322580645218
2025-08-08,601899,19.8494415,18.484575271606445,20.70013185,-0.06876093860845178,0.042857142857142705
2025-08-08,601975,2.8935585,2.8964927196502686,2.843841,0.001014052299363799,-0.01718213058419249
2025-08-15,2050,26.92957267,27.050508499145508,30.53736231,0.0044908187228769325,0.13397129186602874
2025-08-15,2028,85.26881266,74.20616149902344,84.08383208,-0.12973853881474418,-0.013896998715403508
2025-08-15,2179,40.1145461,38.89544677734375,40.83475315,-0.030390455362930058,0.01795376291195283
2025-08-15,2156,28.51805255,28.2637882232666,28.83769447,-0.008915907784642796,0.011208406304728413
2025-08-15,21,18.9910345,19.150283813476562,20.43276225,0.008385499667043383,0.07591623036649198
2025-08-15,768,27.54315696,27.0548038482666,28.3970544,-0.017730469765779522,0.03100216294160041
2025-08-15,603662,67.31258001,63.79874038696289,69.75741903,-0.05220182650130323,0.03632068507308417
2025-08-15,603619,19.03979871,18.93294334411621,20.14298415,-0.005612210901560943,0.05794102431453707
2025-08-15,2241,25.36950312,23.788253784179688,29.32113912,-0.06232874677682354,0.15576323987538943
2025-08-15,2342,8.28258874,6.933241844177246,8.97197188,-0.16291366602644497,0.08323281061519916
2025-08-15,2273,21.57931908,21.796188354492188,25.13624082,0.010049866434070465,0.1648301193755739
2025-08-15,2371,341.35148102,320.6156005859375,360.65403506,-0.060746420001170476,0.05654744482819174
2025-08-15,2353,45.58290699,37.609107971191406,45.83101774,-0.17492958535000602,0.005443065534509017
2025-08-15,2463,54.81475055,49.90194320678711,53.32170305,-0.08962564444640875,-0.027238060650081608
2025-08-15,2475,38.26712864,37.52059555053711,41.95660492,-0.019508468912991628,0.09641372141372129
2025-08-15,2384,54.9,41.97835159301758,51.46,-0.235367001948678,-0.06265938069216759
2025-08-15,2422,35.57683194,32.968406677246094,37.09972864,-0.07331808709535992,0.04280585473626086
2025-08-15,2517,19.9631793,17.561948776245117,20.74780177,-0.12028297134789967,0.03930348258706462
2025-08-15,2555,16.0742322,15.175142288208008,16.58784672,-0.05593361478204806,0.031952662721893565
2025-08-15,2595,38.48179565,38.51710510253906,40.81319939,0.0009175624978681185,0.060584588131089356
2025-08-15,2558,29.37495941,25.373388290405273,29.68167,-0.13622388592075763,0.01044122600202102
2025-08-15,300308,238.94172918,170.2918243408203,264.63492468,-0.28730814443660546,0.1075291268217311
2025-08-15,300274,86.96205765,85.16839599609375,91.45105983,-0.02062579592039193,0.05162023877202948
2025-08-15,2601,17.2023761,17.181316375732422,18.12712811,-0.001224233451539103,0.053757225433526123
2025-08-15,2916,149.0961,122.35034942626953,140.72683892,-0.17938598376302584,-0.05613333333333337
2025-08-15,300033,221.77978317,220.76043701171875,267.25092392,-0.004596208652165146,0.20502833982457802
2025-08-15,300014,45.110294,46.89243698120117,47.752738,0.039506348178559136,0.05857740585774063
2025-08-15,300059,24.23910132,23.35664176940918,26.6669916,-0.03640644671354587,0.10016420361247946
2025-08-15,300034,17.21123925,17.2376766204834,18.12917201,0.0015360526978556166,0.053333333333333455
2025-08-15,300394,78.35511729,64.99076843261719,85.13892543,-0.17056127690958633,0.08657772937653152
2025-08-15,300191,20.0192433,19.177978515625,22.2158685,-0.04202280634528277,0.10972568578553621
2025-08-15,300164,5.15,4.836545944213867,5.44,-0.06086486520119094,0.056310679611650594
2025-08-15,300580,26.06023944,25.186065673828125,28.067166,-0.0335443489759385,0.07701105604269931
2025-08-15,300476,224.24129589,161.67218017578125,214.77246896,-0.27902583895569166,-0.042226062297842204
2025-08-15,300474,84.4,84.72157287597656,80.36,0.003810105165598987,-0.04786729857819916
2025-08-15,300433,24.22813844,23.33966827392578,28.00266898,-0.03667100418278013,0.15579119086460036
2025-08-15,300418,35.42,36.76921844482422,36.98,0.03809199448967293,0.04404291360813084
2025-08-15,600406,21.20143608,21.09792709350586,21.37665456,-0.004882168646669349,0.008264462809917328
2025-08-15,600426,18.6260971,17.29386329650879,18.61101524,-0.0715251185655641,-0.0008097165991901578
2025-08-15,600316,41.40862992,36.06710433959961,41.2687359,-0.12899546762885006,-0.0033783783783783994
2025-08-15,600362,24.106326,22.449058532714844,24.028312,-0.06874823924994444,-0.003236245954692518
2025-08-15,600428,6.28468604,6.201985836029053,6.4509592,-0.013159003241305589,0.026456876117872064
2025-08-15,300502,164.82873054,111.05349731445312,183.94675174,-0.32624914994717447,0.11598718947459519
2025-08-15,300760,228.292648,227.1425018310547,240.2920945,-0.005038034203122099,0.05256168608636047
2025-08-15,300750,273.58659731,249.03497314453125,273.70179,-0.0897398644775328,0.0004210465393137408
2025-08-15,400,22.1758658,22.3919734954834,22.84310424,0.009745175112098492,0.030088495575221197
2025-08-15,426,20.14854252,16.10472869873047,19.73999146,-0.20070006638224724,-0.02027695351137493
2025-08-15,600160,28.24594224,25.51439094543457,30.87920571,-0.09670597182972329,0.09322625698324027
2025-08-15,600183,40.2356535,37.13451385498047,43.8889521,-0.07707441970638129,0.09079754601226986
2025-08-15,600118,29.16521612,28.611522674560547,29.63513904,-0.018984719439804176,0.016112444292080808
2025-08-15,600111,38.244154,32.01730728149414,44.476904,-0.16281826285151613,0.16297262059973905
2025-08-15,600089,13.14148384,13.145200729370117,13.98741768,0.0002828363535938294,0.06437125748502992
2025-08-15,600026,9.81386955,9.89444351196289,9.9600543,0.00821021326525484,0.014895729890764597
2025-08-15,600309,61.50283888,59.98811340332031,64.5430528,-0.024628545677950142,0.04943209086546152
2025-08-15,600489,14.66,13.678478240966797,14.52,-0.06695237101181473,-0.009549795361528002
2025-08-15,600276,62.5646367,54.56193161010742,63.72988065,-0.12791099752190493,0.01862464183381074
2025-08-15,601808,13.55578902,13.3546781539917,14.16174354,-0.014835791978732193,0.044700793078586765
2025-08-15,601872,5.98511745,6.2827019691467285,6.06322665,0.04972074844525043,0.013050570962479524
2025-08-15,601899,20.70013185,19.06500816345215,20.142783,-0.07899097930373089,-0.0269248937175246
2025-08-15,601975,2.843841,2.8496415615081787,2.8935585,0.002039692622822109,0.0174825174825175
2025-08-22,2050,30.53736231,28.896194458007812,31.39966368,-0.05374294725693307,0.028237585199610615
2025-08-22,2028,84.08383208,76.13098907470703,84.8406264,-0.09458230920929456,0.009000473709142698
2025-08-22,2179,40.83475315,39.89047622680664,41.3971066,-0.02312434508235439,0.013771442377386034
2025-08-22,2156,28.83769447,27.320873260498047,30.04634048,-0.05259856023094733,0.04191201939729838
2025-08-22,21,20.43276225,19.80036735534668,21.9540336,-0.03095004419450531,0.07445255474452561
2025-08-22,768,28.3970544,26.541147232055664,28.21833168,-0.06535562251640914,-0.0062937062937062915
2025-08-22,603662,69.75741903,66.29772186279297,70.94008506,-0.04959611773651118,0.016953982048725003
2025-08-22,603619,20.14298415,18.642908096313477,18.90190053,-0.07447139125542745,-0.061613691931540426
2025-08-22,2241,29.32113912,26.481834411621094,34.50766137,-0.09683473403808562,0.17688679245283012
2025-08-22,2342,8.97197188,7.089267730712891,8.36251722,-0.20984284998529323,-0.06792873051224935
2025-08-22,2273,25.13624082,22.780784606933594,27.56366652,-0.09370757663939377,0.096570752857706
2025-08-22,2371,360.65403506,329.9293518066406,396.57157221,-0.0851915693893398,0.09959000498642578
2025-08-22,2353,45.83101774,39.22975158691406,46.52572784,-0.14403490209479985,0.015158077089649336
2025-08-22,2463,53.32170305,46.33394241333008,63.8228038,-0.13104908952584415,0.19693858502893402
2025-08-22,2475,41.95660492,39.4396858215332,45.8449748,-0.05998862642165359,0.09267598957098855
2025-08-22,2384,51.46,43.59736633300781,60.94,-0.1527911711424833,0.18422075398367665
2025-08-22,2422,37.09972864,34.41769790649414,35.85193586,-0.07229246228540231,-0.033633474576271305
2025-08-22,2517,20.74780177,17.999921798706055,22.28725092,-0.13244198116772077,0.07419818094782205
2025-08-22,2555,16.58784672,14.900734901428223,18.57572514,-0.10170770486669767,0.11983944954128423
2025-08-22,2595,40.81319939,39.15847396850586,41.20176668,-0.040543879093673296,0.00952062802739273
2025-08-22,2558,29.68167,20.816251754760742,30.2753034,-0.2986832696825771,0.020000000000000018
2025-08-22,300308,264.63492468,194.18191528320312,358.23797982,-0.26622717875197144,0.35370635698665276
2025-08-22,300274,91.45105983,86.34542083740234,98.44164252,-0.055829194348197,0.07644069629149097
2025-08-22,2601,18.12712811,17.705453872680664,18.35583022,-0.023262054240501318,0.012616566099835413
2025-08-22,2916,140.72683892,128.2909698486328,185.3264523,-0.0883688510791939,0.3169232942506004
2025-08-22,300033,267.25092392,220.37510681152344,285.9590504,-0.17540001890698254,0.0700021021652304
2025-08-22,300014,47.752738,46.89403533935547,53.176702,-0.017982270684552826,0.11358435614728513
2025-08-22,300059,26.6669916,23.967607498168945,27.82123452,-0.10122567038387087,0.0432835820895523
2025-08-22,300034,18.12917201,17.225500106811523,17.65025057,-0.049846286564549924,-0.02641717116125486
2025-08-22,300394,85.13892543,73.5625,128.00349091,-0.135971007051504,0.5034661321306273
2025-08-22,300191,22.2158685,18.814449310302734,20.2688598,-0.153107639689948,-0.08764044943820215
2025-08-22,300164,5.44,4.937331676483154,5.22,-0.0924022653523614,-0.040441176470588314
2025-08-22,300580,28.067166,27.670930862426758,27.14318496,-0.014117390319109635,-0.032920353982300976
2025-08-22,300476,214.77246896,176.68289184570312,257.337479,-0.17734850886028053,0.19818652849740914
2025-08-22,300474,80.36,77.48554229736328,87.9,-0.035769757374772504,0.0938277750124441
2025-08-22,300433,28.00266898,24.634124755859375,31.44124654,-0.12029368438224575,0.12279463655610456
2025-08-22,300418,36.98,38.557071685791016,41.3,0.042646611297756154,0.11681990265008113
2025-08-22,600406,21.37665456,21.39301109313965,21.50320124,0.0007651586965462531,0.005919854280510117
2025-08-22,600426,18.61101524,17.53438949584961,20.17198775,-0.05784884544269442,0.08387358184764993
2025-08-22,600316,41.2687359,37.65040588378906,41.11884945,-0.08767726796814579,-0.003631961259080052
2025-08-22,600362,24.028312,23.040447235107422,25.432564,-0.04111253278601412,0.05844155844155852
2025-08-22,600428,6.4509592,6.317165374755859,6.4801051,-0.020740144387231707,0.004518072289156683
2025-08-22,300502,183.94675174,140.79324340820312,253.20677705,-0.23459782748864355,0.37652214379896076
2025-08-22,300760,240.2920945,242.23089599609375,241.631886,0.008068519691120102,0.005575678645557858
2025-08-22,300750,273.70179,261.85150146484375,272.1419841,-0.04329635014501099,-0.005698924731182831
2025-08-22,400,22.84310424,23.646852493286133,23.00010152,0.03518559670531607,0.006872852233677174
2025-08-22,426,19.73999146,16.547752380371094,20.34,-0.16171430905111983,0.03039558255209096
2025-08-22,600160,30.87920571,26.593671798706055,35.7019242,-0.13878381301453324,0.15618013414244647
2025-08-22,600183,43.8889521,36.04102325439453,51.837345,-0.17881331109761145,0.18110236220472453
2025-08-22,600118,29.63513904,28.2105770111084,38.8936204,-0.04807003020869238,0.3124156545209178
2025-08-22,600111,44.476904,37.710289001464844,55.9850536,-0.1521377252008178,0.25874439461883414
2025-08-22,600089,13.98741768,13.265826225280762,13.97758124,-0.05158861136684367,-0.0007032348804500987
2025-08-22,600026,9.9600543,9.900626182556152,10.28166075,-0.005966645929214143,0.03228962818003933
2025-08-22,600309,64.5430528,63.20636749267578,67.03228944,-0.020709979607971385,0.038567073170731714
2025-08-22,600489,14.52,13.794902801513672,15.27,-0.04993782358721266,0.051652892561983466
2025-08-22,600276,63.72988065,58.06435775756836,62.77378305,-0.08889900364863834,-0.015002344116268107
2025-08-22,601808,14.16174354,13.940285682678223,13.88808666,-0.015637753691575274,-0.019323671497584516
2025-08-22,601872,6.06322665,5.9388933181762695,6.5221182,-0.020506132955417478,0.07568438003220623
2025-08-22,601899,20.142783,19.113731384277344,22.0201686,-0.05108785691245632,0.09320388349514563
2025-08-22,601975,2.8935585,2.8739113807678223,2.9333325,-0.0067899505858194376,0.013745704467353903
2025-08-29,2050,31.39966368,28.24494743347168,29.52638829,-0.10046974638577788,-0.05965909090909094
2025-08-29,2028,84.8406264,77.55089569091797,90.25768048,-0.0859226412911307,0.06384976525821595
2025-08-29,2179,41.3971066,41.53506851196289,38.36829065,0.0033326462473801666,-0.07316491897044808
2025-08-29,2156,30.04634048,32.126102447509766,31.78439342,0.06921847833329764,0.05784574468085113
2025-08-29,21,21.9540336,20.688718795776367,19.289323,-0.05763473024035237,-0.12137681159420288
2025-08-29,768,28.21833168,28.55187225341797,24.95167752,0.01181999620673424,-0.11576354679802947
2025-08-29,603662,70.94008506,72.3841781616211,65.91126984,0.020356517762837534,-0.07088820397870554
2025-08-29,603619,18.90190053,19.318500518798828,18.47835612,0.02204011115906712,-0.022407503908285498
2025-08-29,2241,34.50766137,26.234304428100586,31.49453892,-0.23975420568755323,-0.08731749212711137
2025-08-29,2342,8.36251722,6.81640100479126,7.83299104,-0.1848864611616,-0.06332138590203118
2025-08-29,2273,27.56366652,23.491703033447266,25.14614868,-0.14772938439079386,-0.08770668583752705
2025-08-29,2371,396.57157221,330.7735290527344,350.63309215,-0.1659171957046458,-0.11583906482251283
2025-08-29,2353,46.52572784,38.95998764038086,45.0569122,-0.16261411805608716,-0.03156996587030725
2025-08-29,2463,63.8228038,51.2653923034668,59.1047737,-0.19675430643699177,-0.07392389270118527
2025-08-29,2475,45.8449748,40.65091323852539,44.14443452,-0.11329620278195929,-0.03709327548806951
2025-08-29,2384,60.94,45.32196807861328,58.18,-0.25628539418094387,-0.045290449622579554
2025-08-29,2422,35.85193586,33.488670349121094,38.33769628,-0.06591737528783204,0.06933406412715826
2025-08-29,2517,22.28725092,19.11617660522461,21.7509267,-0.1422819856140154,-0.024064171122994638
2025-08-29,2555,18.57572514,16.30290412902832,18.8434792,-0.12235436268797417,0.01441419153125989
2025-08-29,2595,41.20176668,39.19862365722656,39.15667568,-0.04861789151739926,-0.04963600264725343
2025-08-29,2558,30.2753034,26.446998596191406,34.76712946,-0.126449758512035,0.14836601307189556
2025-08-29,300308,358.23797982,201.16287231445312,368.32567716,-0.4384658142178859,0.028159206751524835
2025-08-29,300274,98.44164252,82.17485046386719,114.696972,-0.16524299716786983,0.16512655685014055
2025-08-29,2601,18.35583022,18.077404022216797,18.38566093,-0.015168270486607516,0.0016251354279521735
2025-08-29,2916,185.3264523,144.44671630859375,167.7828112,-0.22058230481438001,-0.09466344864574949
2025-08-29,300033,285.9590504,223.02574157714844,252.87572313,-0.22007804521248886,-0.11569253438113958
2025-08-29,300014,53.176702,48.32508087158203,66.45846,-0.09123584099702098,0.24976648608257057
2025-08-29,300059,27.82123452,27.626951217651367,26.07991977,-0.006983273952454128,-0.06258941344778257
2025-08-29,300034,17.65025057,16.930368423461914,15.964048,-0.04078594486140974,-0.09553420011305824
2025-08-29,300394,128.00349091,79.48162841796875,123.48806306,-0.3790667125332329,-0.03527581801011059
2025-08-29,300191,20.2688598,19.563335418701172,20.29881378,-0.034808291549721426,0.001477832512315258
2025-08-29,300164,5.22,5.058191299438477,5.15,-0.0309978353566136,-0.013409961685823646
2025-08-29,300580,27.14318496,24.40431785583496,25.96088664,-0.1009044114830745,-0.04355783308931194
2025-08-29,300476,257.337479,215.5667724609375,244.9177165,-0.1623187834954367,-0.048262548262548166
2025-08-29,300474,87.9,92.27204895019531,74.3,0.0497388959066587,-0.1547212741751992
2025-08-29,300433,31.44124654,25.20560073852539,29.8405294,-0.19832692681384412,-0.05091137649277189
2025-08-29,300418,41.3,41.614105224609375,43.5,0.00760545338037244,0.053268765133172025
2025-08-29,600406,21.50320124,21.22511863708496,20.7341868,-0.012932149023362705,-0.03576278859212312
2025-08-29,600426,20.17198775,17.622169494628906,19.5310087,-0.1264039165089763,-0.031775700934579376
2025-08-29,600316,41.11884945,38.64765548706055,35.90280099,-0.0600988110317725,-0.1268529769137302
2025-08-29,600362,25.432564,22.984140396118164,27.89975675,-0.09627120583995519,0.09700920245398792
2025-08-29,600428,6.4801051,6.589323997497559,6.4606745,0.01685449476699974,-0.002998500749625266
2025-08-29,300502,253.20677705,116.79399871826172,222.6393439,-0.5387406289871983,-0.12072122834202004
2025-08-29,300760,241.631886,239.39117431640625,228.351325,-0.00927324502029403,-0.05496195564189743
2025-08-29,300750,272.1419841,255.3408203125,298.2564703,-0.06173675790254518,0.09595904978191117
2025-08-29,400,23.00010152,22.566204071044922,22.05811784,-0.018865023207735754,-0.04095563139931735
2025-08-29,426,20.34,19.574405670166016,22.02,-0.03763983922487635,0.08259587020648973
2025-08-29,600160,35.7019242,29.18596076965332,34.60719669,-0.1825101468997763,-0.030662983425414292
2025-08-29,600183,51.837345,43.14685821533203,45.78471786,-0.1676491491735923,-0.11676190476190473
2025-08-29,600118,38.8936204,31.474695205688477,32.80461916,-0.190749154180348,-0.15655526992287916
2025-08-29,600111,55.9850536,38.06346893310547,49.3534076,-0.3201137359792495,-0.11845386533665847
2025-08-29,600089,13.97758124,12.932589530944824,13.93823548,-0.07476198428843295,-0.0028149190710766714
2025-08-29,600026,10.28166075,10.372658729553223,10.3108977,0.008850513722038711,0.0028436018957345155
2025-08-29,600309,67.03228944,66.87012481689453,63.64771472,-0.002419201618506839,-0.050491707030676625
2025-08-29,600489,15.27,14.156157493591309,17.59,-0.0729431896796785,0.15193189259986895
2025-08-29,600276,62.77378305,56.726741790771484,68.37093775,-0.0963306808259744,0.08916389021101057
2025-08-29,601808,13.88808666,14.185956954956055,13.37986674,0.021447900077839366,-0.03659394792399717
2025-08-29,601872,6.5221182,6.34343147277832,6.6588093,-0.02739703908182467,0.020958083832335328
2025-08-29,601899,22.0201686,19.434261322021484,23.34020535,-0.11743358213790045,0.059946714031971604
2025-08-29,601975,2.9333325,2.9333622455596924,3.042711,1.0140534594027528e-05,0.03728813559322042
2025-09-05,2050,29.52638829,28.63387107849121,34.45240876,-0.030227781425304467,0.16683450822423618
2025-09-05,2028,90.25768048,79.918212890625,92.607726,-0.11455498894264304,0.026037069726390083
2025-09-05,2179,38.36829065,38.1559944152832,39.01943675,-0.0055331168295555955,0.016970943687323103
2025-09-05,2156,31.78439342,31.380495071411133,32.8631849,-0.012707442399536806,0.033940917661847925
2025-09-05,21,19.289323,18.877368927001953,20.65150715,-0.021356585350250312,0.0706185567010309
2025-09-05,768,24.95167752,23.878047943115234,24.9715356,-0.04302835254359949,0.0007958615200953645
2025-09-05,603662,65.91126984,64.1966552734375,72.27182664,-0.02601398168666358,0.09650180940892628
2025-09-05,603619,18.47835612,17.87323570251465,19.29589533,-0.03274752437693318,0.044243070362473436
2025-09-05,2241,31.49453892,26.6035213470459,31.82054889,-0.1552973226684755,0.01035131744040152
2025-09-05,2342,7.83299104,7.130459785461426,8.11274072,-0.08968876013658433,0.03571428571428581
2025-09-05,2273,25.14614868,23.000885009765625,26.5567278,-0.08531181842333613,0.0560952350179138
2025-09-05,2371,350.63309215,323.53680419921875,377.09917168,-0.07727818211519377,0.07548083772617176
2025-09-05,2353,45.0569122,39.70539855957031,47.61741514,-0.1187723121521338,0.05682819383259918
2025-09-05,2463,59.1047737,51.1633186340332,69.50633795,-0.13436232928114233,0.17598518019535203
2025-09-05,2475,44.14443452,41.00648880004883,52.6073572,-0.07108360893216326,0.19170984455958573
2025-09-05,2384,58.18,47.05686569213867,79.44,-0.1911848454427867,0.36541766930216557
2025-09-05,2422,38.33769628,33.57028579711914,36.49056996,-0.12435307661842798,-0.04818042029728342
2025-09-05,2517,21.7509267,19.237953186035156,24.62125447,-0.11553408958731148,0.13196347031963462
2025-09-05,2555,18.8434792,16.42595672607422,21.41042254,-0.1282949103117742,0.13622448979591817
2025-09-05,2595,39.15667568,36.630165100097656,42.3333837,-0.06452311224144103,0.08112813370473537
2025-09-05,2558,34.76712946,25.752084732055664,43.6320549,-0.25929793077441876,0.2549800796812749
2025-09-05,300308,368.32567716,255.25787353515625,438.99942618,-0.3069777933937723,0.19187842011161083
2025-09-05,300274,114.696972,85.04973602294922,135.79725978,-0.25848316184886544,0.18396551724137922
2025-09-05,2601,18.38566093,17.631921768188477,18.44532235,-0.04099603297815868,0.0032449972958357165
2025-09-05,2916,167.7828112,146.829833984375,200.42491736,-0.12488154815005859,0.1945497630331754
2025-09-05,300033,252.87572313,242.8988037109375,258.01624437,-0.0394538443452459,0.02032825127051563
2025-09-05,300014,66.45846,51.401206970214844,71.22678,-0.2265663849235321,0.0717488789237668
2025-09-05,300059,26.07991977,25.775392532348633,27.13465899,-0.011676693806461302,0.04044257916825633
2025-09-05,300034,15.964048,16.040170669555664,16.34319414,0.004768381400235278,0.02375000000000016
2025-09-05,300394,123.48806306,103.85960388183594,141.2226726,-0.15895025552896602,0.1436139583093401
2025-09-05,300191,20.29881378,19.165348052978516,20.52846096,-0.05583901302342431,0.011313330054107285
2025-09-05,300164,5.15,4.782612323760986,5.86,-0.0713374128619445,0.13786407766990294
2025-09-05,300580,25.96088664,25.80513572692871,29.2593996,-0.005999445058679553,0.12705702257941054
2025-09-05,300476,244.9177165,227.40786743164062,335.830378,-0.07149278263158798,0.37119675456389434
2025-09-05,300474,74.3,77.9361343383789,77.87,0.048938550987603024,0.048048452220726956
2025-09-05,300433,29.8405294,25.42198944091797,29.75160067,-0.14807176842787617,-0.002980132450331241
2025-09-05,300418,43.5,41.61189270019531,42.04,-0.04340476551275141,-0.03356321839080467
2025-09-05,600406,20.7341868,20.955366134643555,21.81470076,0.01066737445635213,0.05211267605633818
2025-09-05,600426,19.5310087,18.627124786376953,19.93067799,-0.04627942813947172,0.020463320463320445
2025-09-05,600316,35.90280099,35.81418991088867,35.36320977,-0.0024680826194037886,-0.015029223490119814
2025-09-05,600362,27.89975675,24.550405502319336,28.280075,-0.12004947848445546,0.0136315973435861
2025-09-05,600428,6.4606745,6.347966194152832,6.8590018,-0.01744528467533346,0.06165413533834596
2025-09-05,300502,222.6393439,193.89434814453125,271.0050841,-0.12911013503695812,0.21723806472284513
2025-09-05,300760,228.351325,222.43348693847656,239.71024658,-0.025915496927917725,0.04974318226530983
2025-09-05,300750,298.2564703,259.9900817871094,316.4247755,-0.1283002795359327,0.0609150412788213
2025-09-05,400,22.05811784,22.420352935791016,23.19634812,0.016421849698079916,0.05160142348754437
2025-09-05,426,22.02,19.759523391723633,23.69,-0.10265561345487584,0.07584014532243422
2025-09-05,600160,34.60719669,31.007898330688477,36.69802761,-0.10400433157163436,0.06041607295525786
2025-09-05,600183,45.78471786,39.449615478515625,52.10393706,-0.13836718183686925,0.13802027172740994
2025-09-05,600118,32.80461916,32.26164245605469,37.61383032,-0.016551836840324796,0.14660164583968283
2025-09-05,600111,49.3534076,42.02494812011719,50.4204544,-0.1484894323666277,0.021620529399878796
2025-09-05,600089,13.93823548,13.252622604370117,14.6562956,-0.04918935948626135,0.05151729004940009
2025-09-05,600026,10.3108977,10.104308128356934,11.62656045,-0.020036041250129588,0.1275992438563327
2025-09-05,600309,63.64771472,63.530941009521484,67.32745584,-0.0018346881893911426,0.05781419075591265
2025-09-05,600489,17.59,13.787576675415039,18.99,-0.21616960344428426,0.07959067652075036
2025-09-05,600276,68.37093775,57.40437316894531,68.01240115,-0.16039804253020773,-0.005243991260014513
2025-09-05,601808,13.37986674,13.281780242919922,13.59488286,-0.007330902391340155,0.01607012417823217
2025-09-05,601872,6.6588093,6.304092884063721,7.89879285,-0.053270246969871815,0.18621700879765402
2025-09-05,601899,23.34020535,19.463668823242188,25.13936655,-0.16608836420360862,0.07708420611646405
2025-09-05,601975,3.042711,2.9744532108306885,3.301242,-0.02243321471191695,0.08496732026143783
2025-09-12,2050,34.45240876,30.76743507385254,45.14692805,-0.1069583758806959,0.3104142692750289
2025-09-12,2028,92.607726,85.61482238769531,95.76435494,-0.07551101743179278,0.03408602150537643
2025-09-12,2179,39.01943675,37.801753997802734,39.82843645,-0.03120708174233866,0.020733249051833047
2025-09-12,2156,32.8631849,31.103713989257812,34.80101404,-0.05353926943161824,0.05896656534954392
2025-09-12,21,20.65150715,19.126134872436523,21.7949464,-0.0738625160131946,0.05536831969186329
2025-09-12,768,24.9715356,25.144086837768555,24.38572224,0.0069099169763735535,-0.023459244532803125
2025-09-12,603662,72.27182664,72.62754821777344,80.93808528,0.004921995116373035,0.11991199119911977
2025-09-12,603619,19.29589533,19.313222885131836,18.714753,0.0008979917664093673,-0.03011740684022457
2025-09-12,2241,31.82054889,27.752609252929688,32.42317338,-0.12784002096044023,0.018938217944737712
2025-09-12,2342,8.11274072,7.003245830535889,7.91291952,-0.13675956470899164,-0.024630541871921152
2025-09-12,2273,26.5567278,24.242036819458008,26.71586924,-0.08716024797836697,0.0059925093632957616
2025-09-12,2371,377.09917168,344.701171875,407.3318469,-0.0859137389792316,0.08017168291649024
2025-09-12,2353,47.61741514,40.8875846862793,47.98461905,-0.1413312846557152,0.007711546477699116
2025-09-12,2463,69.50633795,54.75009536743164,75.0704283,-0.21230067671214958,0.08005155377344986
2025-09-12,2475,52.6073572,43.667728424072266,52.81619548,-0.16993115130154712,0.003969754253307922
2025-09-12,2384,79.44,58.070953369140625,80.11,-0.2689960552726507,0.008434038267875144
2025-09-12,2422,36.49056996,35.0228271484375,37.21763032,-0.04022252360462997,0.019924609585352693
2025-09-12,2517,24.62125447,21.500244140625,27.06450925,-0.12676081688598873,0.099233561920129
2025-09-12,2555,21.41042254,17.555561065673828,22.3525965,-0.1800460251134386,0.044005388414908087
2025-09-12,2595,42.3333837,41.278011322021484,38.9248987,-0.024930026511878256,-0.08051529790660228
2025-09-12,2558,43.6320549,32.923805236816406,45.09635062,-0.24542162150569702,0.03356009070294785
2025-09-12,300308,438.99942618,318.100341796875,408.4968636,-0.2753969075430034,-0.0694820101370548
2025-09-12,300274,135.79725978,92.67632293701172,140.94873585,-0.31753907930724723,0.03793505169651956
2025-09-12,2601,18.44532235,17.555465698242188,19.10159797,-0.04824294392219253,0.03557951482479771
2025-09-12,2916,200.42491736,161.197265625,196.28004578,-0.19572242938506457,-0.020680420551477896
2025-09-12,300033,258.01624437,233.4351806640625,257.66511587,-0.09526944230181023,-0.001360877493807866
2025-09-12,300014,71.22678,57.976036071777344,70.24332816,-0.18603598152580614,-0.013807332579122589
2025-09-12,300059,27.13465899,25.026123046875,26.73664419,-0.07770637338402009,-0.014668133480014611
2025-09-12,300034,16.34319414,15.990972518920898,15.85429517,-0.021551577865494442,-0.02991452991453003
2025-09-12,300394,141.2226726,113.22157287597656,127.91104908,-0.19827623432204788,-0.09425981873111788
2025-09-12,300191,20.52846096,18.155357360839844,19.69973418,-0.11560065821710563,-0.04036964980544744
2025-09-12,300164,5.86,5.239408493041992,5.58,-0.10590298753549632,-0.04778156996587035
2025-09-12,300580,29.2593996,29.87332534790039,30.3522804,0.02098217175653838,0.03735144312393901
2025-09-12,300476,335.830378,272.2628173828125,321.4234535,-0.1892847246153161,-0.04289940828402372
2025-09-12,300474,77.87,75.73260498046875,77.54,-0.02744824732928286,-0.004237832284576859
2025-09-12,300433,29.75160067,25.81717300415039,31.03612677,-0.13224255425748854,0.0431750249086682
2025-09-12,300418,42.04,40.143489837646484,41.62,-0.045112040017923793,-0.009990485252140857
2025-09-12,600406,21.81470076,21.950037002563477,21.69788844,0.006203900940581875,-0.0053547523427042165
2025-09-12,600426,19.93067799,18.765514373779297,19.50838591,-0.058460811860254314,-0.021188043889519448
2025-09-12,600316,35.36320977,34.86552047729492,34.42392135,-0.014073645914553956,-0.026561175473297505
2025-09-12,600362,28.280075,24.700590133666992,28.34833725,-0.1265726793982338,0.0024137931034482474
2025-09-12,600428,6.8590018,6.503167629241943,6.5383969,-0.05187841921226155,-0.04674220963172793
2025-09-12,300502,271.0050841,198.76910400390625,246.47266809,-0.2665484315026315,-0.09052382205843634
2025-09-12,300760,239.71024658,240.65899658203125,233.8684526,0.00395790340866653,-0.024370230573561913
2025-09-12,300750,316.4247755,280.12548828125,359.9227589,-0.11471695653853753,0.1374670593706402
2025-09-12,400,23.19634812,23.04672622680664,23.28465909,-0.006450234856768433,0.0038071065989848663
2025-09-12,426,23.69,19.73102569580078,24.17,-0.16711584230473697,0.020261713803292558
2025-09-12,600160,36.69802761,32.25659942626953,36.25421916,-0.12102634590966965,-0.012093523246439086
2025-09-12,600183,52.10393706,42.080894470214844,55.67824542,-0.192366319233097,0.0685995830964563
2025-09-12,600118,37.61383032,32.95846939086914,35.57416488,-0.12376726564471985,-0.054226475279106845
2025-09-12,600111,50.4204544,44.201759338378906,47.967244,-0.12333675163429492,-0.04865506329113911
2025-09-12,600089,14.6562956,13.37813949584961,15.51206588,-0.08720867394011833,0.05838926174496639
2025-09-12,600026,11.62656045,11.3582124710083,12.1625712,-0.023080598956650045,0.04610226320201183
2025-09-12,600309,67.32745584,64.74729919433594,64.81854144,-0.03832250325625941,-0.03726435773783421
2025-09-12,600489,18.99,15.454888343811035,18.05,-0.18615648531800755,-0.04949973670352803
2025-09-12,600276,68.01240115,62.590057373046875,70.80101915,-0.07972581007681612,0.041001610777566144
2025-09-12,601808,13.59488286,13.588445663452148,13.2919056,-0.00047350143536661893,-0.022286125089863495
2025-09-12,601872,7.89879285,6.733842372894287,8.46508455,-0.14748462191988154,0.07169344870210126
2025-09-12,601899,25.13936655,21.067136764526367,23.8779981,-0.1619861732543787,-0.05017502917152861
2025-09-12,601975,3.301242,3.1392486095428467,3.2117505,-0.04907043787070231,-0.027108433734939763
2025-09-19,2050,45.14692805,33.229270935058594,43.66020155,-0.2639749287424974,-0.03293084522502754
2025-09-19,2028,95.76435494,81.95877838134766,104.04926118,-0.14416195428144496,0.08651346573775598
2025-09-19,2179,39.82843645,37.876731872558594,39.96655835,-0.04900279175888678,0.003467921724052525
2025-09-19,2156,34.80101404,30.59290313720703,38.7565828,-0.12091920361734865,0.11366245694603894
2025-09-19,21,21.7949464,19.93413734436035,24.70823075,-0.0853780055930603,0.13366788321167866
2025-09-19,768,24.38572224,24.339370727539062,24.58430304,-0.0019007643901113314,0.008143322475570036
2025-09-19,603662,80.93808528,68.35096740722656,77.29070349,-0.15551538968619194,-0.04506385068762275
2025-09-19,603619,18.714753,18.06773567199707,18.59655456,-0.03457258174889788,-0.006315789473684275
2025-09-19,2241,32.42317338,28.175682067871094,35.33750493,-0.13100171480281264,0.08988421694088977
2025-09-19,2342,7.91291952,6.9858078956604,7.4433397,-0.11716429340603218,-0.059343434343434365
2025-09-19,2273,26.71586924,21.938356399536133,27.38227402,-0.17882677885362597,0.024944154877140745
2025-09-19,2371,407.3318469,337.3298645019531,453.24035405,-0.17185492106938638,0.11270542065244049
2025-09-19,2353,47.98461905,43.79605484008789,53.750304,-0.0872897251835556,0.12015693912234982
2025-09-19,2463,75.0704283,57.617881774902344,74.36371915,-0.23248230921705904,-0.009413948554760077
2025-09-19,2475,52.81619548,42.41999816894531,68.35973032,-0.1968372999337188,0.29429485972509895
2025-09-19,2384,80.11,63.77731704711914,74.09,-0.20387820437998827,-0.07514667332417924
2025-09-19,2422,37.21763032,35.988338470458984,36.93270126,-0.03302982589088743,-0.007655755015839372
2025-09-19,2517,27.06450925,20.22134017944336,28.802597,-0.2528465972667374,0.06422018348623837
2025-09-19,2555,22.3525965,18.495594024658203,22.41028062,-0.1725527714573024,0.002580645161290418
2025-09-19,2595,38.9248987,37.82619094848633,41.68577155,-0.028226348383886046,0.07092819614711021
2025-09-19,2558,45.09635062,35.051963806152344,45.11862405,-0.22273169947798444,0.0004939075932703929
2025-09-19,300308,408.4968636,290.5821533203125,433.6412724,-0.2886551177909399,0.06155349291646317
2025-09-19,300274,140.94873585,104.85586547851562,158.04451728,-0.2560709051686353,0.12129077516660836
2025-09-19,2601,19.10159797,17.813220977783203,18.93255728,-0.06744864980617105,-0.008849557522123908
2025-09-19,2916,196.28004578,161.50047302246094,207.25351874,-0.17719362464649946,0.05590722641413892
2025-09-19,300033,257.66511587,224.2966766357422,257.798049,-0.12950313092088583,0.00051591434700482
2025-09-19,300014,70.24332816,58.085750579833984,81.00706176,-0.173078040272715,0.15323496027241768
2025-09-19,300059,26.73664419,24.779855728149414,26.33862939,-0.07318751178887517,-0.014886490509862238
2025-09-19,300034,15.85429517,14.987062454223633,15.67469963,-0.05470017471463329,-0.011327879169288901
2025-09-19,300394,127.91104908,107.54686737060547,130.0645152,-0.15920580634639359,0.016835653647505833
2025-09-19,300191,19.69973418,18.00728988647461,19.73967282,-0.0859120370894969,0.0020273694880892368
2025-09-19,300164,5.58,5.21462345123291,5.33,-0.06547966823782969,-0.04480286738351258
2025-09-19,300580,30.3522804,28.229780197143555,29.2394172,-0.06992885459955245,-0.036664895860674895
2025-09-19,300476,321.4234535,285.2835388183594,297.4781514,-0.11243708039382572,-0.07449768160741888
2025-09-19,300474,77.54,72.50963592529297,82.78,-0.06487443996269071,0.0675780242455506
2025-09-19,300433,31.03612677,26.231525421142578,33.21982114,-0.15480673166671122,0.07035975803884109
2025-09-19,300418,41.62,42.347354888916016,48.77,0.017476090555406554,0.17179240749639613
2025-09-19,600406,21.69788844,21.351858139038086,21.9996536,-0.01594764863497078,0.013907581875280295
2025-09-19,600426,19.50838591,17.721113204956055,18.87494779,-0.09161561152672248,-0.03247004252029384
2025-09-19,600316,34.42392135,31.997058868408203,34.973505,-0.07049930357779521,0.0159651669085632
2025-09-19,600362,28.34833725,24.485931396484375,29.5087955,-0.13624805643638327,0.040935672514619936
2025-09-19,600428,6.5383969,6.007507801055908,6.3440909,-0.08119560605812903,-0.029717682020802383
2025-09-19,300502,246.47266809,195.05902099609375,268.222984,-0.20859776255244844,0.08824636045266421
2025-09-19,300760,233.8684526,228.04714965820312,240.949415,-0.024891356132387132,0.030277544154751812
2025-09-19,300750,359.9227589,298.28369140625,385.3897785,-0.17125637645736003,0.07075690261386236
2025-09-19,400,23.28465909,22.9571590423584,24.38364005,-0.014065056584068869,0.0471976401179941
2025-09-19,426,24.17,21.455598831176758,27.14,-0.11230455808122641,0.12287960281340493
2025-09-19,600160,36.25421916,31.28594970703125,36.13587024,-0.13703975890481568,-0.0032644178454841466
2025-09-19,600183,55.67824542,44.13774490356445,56.00702976,-0.20727126778837257,0.00590507724372169
2025-09-19,600118,35.57416488,32.238922119140625,34.95426656,-0.09375463266980211,-0.017425519955030833
2025-09-19,600111,47.967244,40.60135269165039,47.1495072,-0.1535608614151276,-0.017047817047816993
2025-09-19,600089,15.51206588,13.66048812866211,15.95470568,-0.11936371116919797,0.028535193405199832
2025-09-19,600026,12.1625712,11.54112434387207,11.7922365,-0.05109502307603597,-0.030448717948718063
2025-09-19,600309,64.81854144,66.47317504882812,63.51980928,0.025527165099198612,-0.020036429872495543
2025-09-19,600489,18.05,15.69511890411377,20.44,-0.13046432664189644,0.13240997229916895
2025-09-19,600276,70.80101915,57.63926315307617,71.97622245,-0.18589783247383984,0.016598677732451828
2025-09-19,601808,13.2919056,13.36666488647461,13.25281176,0.00562442201474922,-0.002941176470588225
2025-09-19,601872,8.46508455,7.0204010009765625,8.44555725,-0.1706638061900324,-0.0023068050749711633
2025-09-19,601899,23.8779981,22.64917755126953,26.66474235,-0.051462461115216684,0.11670761670761687
2025-09-19,601975,3.2117505,3.034783124923706,3.0327675,-0.055099975878043383,-0.05572755417956665
2025-09-26,2050,43.66020155,34.39664840698242,45.13701654,-0.21217385202422578,0.03382519863791145
2025-09-26,2028,104.04926118,80.91824340820312,110.17332048,-0.22230833270196293,0.05885730691932234
2025-09-26,2179,39.96655835,38.994537353515625,40.30199725,-0.024320858152760527,0.008392989385336946
2025-09-26,2156,38.7565828,31.59255599975586,45.5489736,-0.1848467094535522,0.17525773195876293
2025-09-26,21,24.70823075,20.23075294494629,31.5390374,-0.18121401934267223,0.2764587525150908
2025-09-26,768,24.58430304,24.157344818115234,26.38145928,-0.01736710701906352,0.07310177705977372
2025-09-26,603662,77.29070349,67.93157958984375,72.39108708,-0.12108990444584511,-0.06339205349106325
2025-09-26,603619,18.59655456,17.437780380249023,19.54214208,-0.06231122953514345,0.05084745762711873
2025-09-26,2241,35.33750493,27.91348648071289,35.43629583,-0.21008892574598392,0.0027956388034664492
2025-09-26,2342,7.4433397,7.308876991271973,7.5432503,-0.0180648356984201,0.01342281879194629
2025-09-26,2273,27.38227402,23.445621490478516,26.855118,-0.14376645733097826,-0.019251725390483143
2025-09-26,2371,453.24035405,366.60540771484375,437.5045763,-0.1911457035125318,-0.03471839523862008
2025-09-26,2353,53.750304,41.41941833496094,54.08873184,-0.22941052882303814,0.006296296296296244
2025-09-26,2463,74.36371915,59.0260124206543,72.4227574,-0.206252550365425,-0.0261009235711418
2025-09-26,2475,68.35973032,45.387264251708984,60.4636544,-0.33605261402808606,-0.11550771021239448
2025-09-26,2384,74.09,56.6176643371582,68.67,-0.2358258288951518,-0.0731542718315562
2025-09-26,2422,36.93270126,35.40806198120117,34.7809956,-0.04128155338721706,-0.058260175578611406
2025-09-26,2517,28.802597,19.468503952026367,24.76030149,-0.3240712303815393,-0.1403448275862068
2025-09-26,2555,22.41028062,17.410221099853516,19.86256532,-0.2231145430496838,-0.11368511368511369
2025-09-26,2595,41.68577155,38.607643127441406,39.72930116,-0.07384122466982601,-0.04693376941946037
2025-09-26,2558,45.11862405,35.740936279296875,40.9988817,-0.20784516301540734,-0.09130913091309134
2025-09-26,300308,433.6412724,295.84649658203125,389.13966,-0.3177621333304822,-0.10262310170271516
2025-09-26,300274,158.04451728,111.16929626464844,144.87414084,-0.29659504690254423,-0.08333333333333337
2025-09-26,2601,18.93255728,17.58614158630371,20.19539067,-0.07111641992065265,0.06670168067226867
2025-09-26,2916,207.25351874,191.22103881835938,215.48362346,-0.07735685270440884,0.039710325643854016
2025-09-26,300033,257.798049,237.8583221435547,257.22204246,-0.07734630628040673,-0.0022343324250680974
2025-09-26,300014,81.00706176,57.57796859741211,80.11008396,-0.2892228486449907,-0.011072834645669327
2025-09-26,300059,26.33862939,25.821434020996094,25.96051533,-0.01963638127655465,-0.014355874574990657
2025-09-26,300034,15.67469963,15.225455284118652,16.37312673,-0.02866047557437923,0.04455760661998731
2025-09-26,300394,130.0645152,97.93405151367188,112.8081486,-0.24703481681318806,-0.13267543859649122
2025-09-26,300191,19.73967282,18.66248321533203,20.57838426,-0.05456978008149016,0.04248861911987856
2025-09-26,300164,5.33,5.304453372955322,5.82,-0.00479298818849494,0.09193245778611625
2025-09-26,300580,29.2394172,26.139183044433594,27.75755558,-0.10602927323621225,-0.050680272108843516
2025-09-26,300476,297.4781514,245.99081420898438,264.43164734,-0.17307939070047496,-0.11108884435537747
2025-09-26,300474,82.78,75.0582046508789,77.84,-0.09328092956174316,-0.059676250302005296
2025-09-26,300433,33.21982114,26.873685836791992,31.5202943,-0.19103460179581233,-0.05116002379535989
2025-09-26,300418,48.77,43.109458923339844,46.36,-0.11606604627148165,-0.0494156243592373
2025-09-26,600406,21.9996536,21.86064338684082,23.05739995,-0.0063187455442106355,0.04808013658905974
2025-09-26,600426,18.87494779,19.29535675048828,20.37559286,0.0222733840202205,0.07950459448661618
2025-09-26,600316,34.973505,34.51339340209961,37.15185474,-0.013156004749892647,0.062285714285714056
2025-09-26,600362,29.5087955,25.112707138061523,41.0548675,-0.14897552704035233,0.3912756113681426
2025-09-26,600428,6.3440909,6.2432050704956055,6.7812794,-0.015902330388171904,0.06891271056661563
2025-09-26,300502,268.222984,196.85203552246094,246.9648858,-0.26608811598911697,-0.07925531914893624
2025-09-26,300760,240.949415,235.66796875,237.999014,-0.021919315512760162,-0.01224489795918371
2025-09-26,300750,385.3897785,325.14276123046875,374.6967695,-0.15632749136218005,-0.027745959017436594
2025-09-26,400,24.38364005,23.89118003845215,27.62170895,-0.020196328790042628,0.1327967806841046
2025-09-26,426,27.14,22.653976440429688,36.3,-0.1652919513474692,0.3375092114959468
2025-09-26,600160,36.13587024,32.21221923828125,40.03152219,-0.10858050396073016,0.10780567685589504
2025-09-26,600183,56.00702976,46.827239990234375,56.00702976,-0.16390424218357313,0.0
2025-09-26,600118,34.95426656,32.377296447753906,36.4440222,-0.07372405047671793,0.04262013729977121
2025-09-26,600111,47.1495072,46.260276794433594,52.3351552,-0.01885980275031185,0.10998307952622666
2025-09-26,600089,15.95470568,13.827415466308594,19.30893172,-0.13333309033447527,0.21023427866831068
2025-09-26,600026,11.7922365,11.34334945678711,11.9091843,-0.03806631958347262,0.009917355371900749
2025-09-26,600309,63.51980928,61.4791259765625,66.63873424,-0.03212672277465467,0.04910161090458498
2025-09-26,600489,20.44,16.782312393188477,23.6,-0.17894753457982016,0.1545988258317026
2025-09-26,600276,71.97622245,59.516868591308594,67.922767,-0.17310374780152693,-0.05631659056316596
2025-09-26,601808,13.25281176,13.297297477722168,13.6339767,0.0033567003385979177,0.028761061946902533
2025-09-26,601872,8.44555725,6.91093111038208,8.46508455,-0.18170809742813832,0.0023121387283238093
2025-09-26,601899,26.66474235,22.26949119567871,30.4174458,-0.1648338130040582,0.14073653518726004
2025-09-26,601975,3.0327675,2.9208455085754395,3.122259,-0.03690424387117064,0.029508196721311553
2025-10-03,2050,48.00144293,33.63485336303711,43.78905118,-0.2992949521936984,-0.08775552343588688
2025-10-03,2028,108.56015364,86.0575180053711,107.12622756,-0.20728264358625226,-0.013208585580627319
2025-10-03,2179,40.71636295,38.997711181640625,38.9306441,-0.042210346009290856,-0.04385752362490902
2025-10-03,2156,40.12504977,30.083385467529297,42.43246488,-0.250259236064013,0.05750560119492154
2025-10-03,21,27.71100165,20.132184982299805,29.3317025,-0.2734948654481494,0.05848582705418015
2025-10-03,768,26.67933048,25.988548278808594,26.2623108,-0.025892036597741752,-0.01563081503535535
2025-10-03,603662,75.57136548,75.43283081054688,68.29647864,-0.0018331635080721664,-0.09626512361914774
2025-10-03,603619,19.19739663,18.69527816772461,19.58154156,-0.0261555497317133,0.02001026167265274
2025-10-03,2241,37.0465875,30.2187442779541,33.00603969,-0.18430424184267713,-0.10906666666666665
2025-10-03,2342,7.36341122,6.519286632537842,8.03281224,-0.11463770829060904,0.09090909090909105
2025-10-03,2273,26.29812296,23.731470108032227,25.42284504,-0.09759832881881747,-0.033282904689863946
2025-10-03,2371,451.95151892,356.55322265625,412.00762086,-0.21108081789771893,-0.08838093553806714
2025-10-03,2353,55.4424432,44.16326904296875,52.62552912,-0.20343934188367896,-0.0508078994614003
2025-10-03,2463,73.12946655,59.15025329589844,67.87393935,-0.19115705219241153,-0.0718660677827685
2025-10-03,2475,64.33213492,48.75846862792969,57.8780376,-0.24208222393733536,-0.10032462513526053
2025-10-03,2384,71.5,57.15920639038086,62.51,-0.20057053999467334,-0.12573426573426572
2025-10-03,2422,36.08773922,34.166751861572266,34.1914872,-0.05323102527196044,-0.05254560304927869
2025-10-03,2517,27.88885944,22.01324462890625,24.01540674,-0.21067963800149403,-0.13888888888888895
2025-10-03,2555,20.87203742,16.873065948486328,19.57414472,-0.19159468675931846,-0.06218332565637963
2025-10-03,2595,40.39054725,39.41063690185547,38.78174233,-0.024260883173463976,-0.03983122362869196
2025-10-03,2558,44.85059262,29.502519607543945,39.65872455,-0.34220446410806094,-0.11575918548030095
2025-10-03,300308,402.78948192,255.37469482421875,353.70143016,-0.3659846984908609,-0.12187024230625187
2025-10-03,300274,160.16047866,112.88623046875,149.6993238,-0.2951680001631808,-0.0653167057661439
2025-10-03,2601,19.35018722,18.14266586303711,19.56894576,-0.062403600711150586,0.01130524152106882
2025-10-03,2916,215.33452736,193.2174072265625,200.782748,-0.10271051467961623,-0.06757754800590843
2025-10-03,300033,261.14872119,240.37710571289062,250.4223555,-0.07953941103926332,-0.04107378217715252
2025-10-03,300014,90.694422,67.19514465332031,80.95722966,-0.25910388785188676,-0.1073626373626374
2025-10-03,300059,26.98540344,26.56294822692871,25.41324498,-0.015654952649145515,-0.05825958702064882
2025-10-03,300034,16.22346378,16.04947853088379,16.53276721,-0.010724297318720377,0.019065190651906594
2025-10-03,300394,119.6536494,100.52229309082031,107.09643387,-0.1598894509704749,-0.1049463647199047
2025-10-03,300191,20.53844562,17.883939743041992,20.02922796,-0.12924570466876495,-0.024793388429752095
2025-10-03,300164,5.78,5.309841156005859,5.75,-0.08134236055261956,-0.005190311418685201
2025-10-03,300580,28.93111042,26.359121322631836,26.46465618,-0.08890046251353545,-0.08525266414575461
2025-10-03,300476,283.6673755,275.2979736328125,265.1867689,-0.029504280682384976,-0.06514886164623468
2025-10-03,300474,82.75,79.28746795654297,76.71,-0.04184328753422395,-0.07299093655589128
2025-10-03,300433,33.08148756,27.636051177978516,29.08957568,-0.16460675694057225,-0.12066905615292711
2025-10-03,300418,48.59,44.02794647216797,42.97,-0.09388873282222754,-0.11566165877752632
2025-10-03,600406,22.4988484,22.095182418823242,23.21418635,-0.017941628566942924,0.03179442508710806
2025-10-03,600426,20.06641473,18.89113426208496,19.3801901,-0.058569529421613864,-0.03419767004885388
2025-10-03,600316,37.8713097,38.14537048339844,37.21180932,0.007236633366245471,-0.017414248021108136
2025-10-03,600362,34.60896075,27.131296157836914,38.70469575,-0.21606151788776518,0.11834319526627213
2025-10-03,600428,6.4801051,6.2361273765563965,6.8298559,-0.037650272592585576,0.05397301349325323
2025-10-03,300502,260.92532143,176.54318237304688,230.12247981,-0.3233957463173647,-0.11805232796566156
2025-10-03,300760,241.62800723,241.87033081054688,226.6891435,0.0010028786949196622,-0.06182587813911844
2025-10-03,300750,394.36602,287.8922119140625,362.286993,-0.2699872775193397,-0.08134328358208953
2025-10-03,400,26.03211149,24.084081649780273,26.92503352,-0.07483180305862025,0.03430079155672838
2025-10-03,426,32.89,21.81336784362793,34.55,-0.33677811360206966,0.050471267862572056
2025-10-03,600160,39.45950241,31.125232696533203,36.7867893,-0.2112107148962601,-0.06773306673331658
2025-10-03,600183,53.71981086,42.25713348388672,61.71513258,-0.21337896006347334,0.14883376527212144
2025-10-03,600118,36.98393364,32.88446044921875,38.52368108,-0.11084470437042582,0.04163287374966229
2025-10-03,600111,48.166692,43.34415054321289,54.34958,-0.10012191530170078,0.12836438923395455
2025-10-03,600089,17.5088632,14.085378646850586,19.54500628,-0.19552865963047872,0.1162921348314605
2025-10-03,600026,11.8117278,11.132528305053711,12.0066408,-0.057502128938857644,0.01650165016501637
2025-10-03,600309,65.50726304,65.4257583618164,63.706748,-0.0012442082663998155,-0.027485731450886175
2025-10-03,600489,21.93,15.640849113464355,25.2,-0.28678298616213604,0.14911080711354296
2025-10-03,600276,71.25914925,60.641117095947266,66.130084,-0.14900587876514293,-0.07197763801537382
2025-10-03,601808,13.15507716,12.946718215942383,13.45805442,-0.015838671375578373,0.023031203566121983
2025-10-03,601872,8.6701212,6.797495365142822,8.54319375,-0.21598611964699854,-0.014639639639639657
2025-10-03,601899,29.0084096,20.84276580810547,30.5258332,-0.2814922949755415,0.05230978260869579
2025-10-03,601975,3.022824,3.0050406455993652,3.142146,-0.005883026732828256,0.03947368421052633
2025-10-10,2050,48.95294789,35.38163757324219,42.54020092,-0.27723172764290516,-0.1309981777687791
2025-10-10,2028,111.5773731,88.0073013305664,111.34834324,-0.2112441897006231,-0.0020526550647032016
2025-10-10,2179,40.44011915,39.09312057495117,38.70372955,-0.033308471966973174,-0.042937301780922255
2025-10-10,2156,44.14055139,31.939743041992188,42.77208442,-0.27640815449287504,-0.031002489250961718
2025-10-10,21,30.4850847,21.156917572021484,30.2663398,-0.3059911828940569,-0.0071754729288976415
2025-10-10,768,26.67933048,25.490558624267578,26.06373,-0.04455778441005398,-0.02307406029028658
2025-10-10,603662,75.51173526,79.55438995361328,65.71250244,0.053536773849703234,-0.1297709923664122
2025-10-10,603619,19.22694624,18.732406616210938,19.47319299,-0.02572117369113025,0.012807377049180335
2025-10-10,2241,39.11131731,28.026514053344727,32.47256883,-0.2834167708746824,-0.1697398332912351
2025-10-10,2342,7.52326818,7.148602485656738,8.3425351,-0.04980092233575828,0.10889774236387773
2025-10-10,2273,28.1978739,23.314720153808594,24.62713784,-0.17317453661608884,-0.12663139329806006
2025-10-10,2371,457.63638085,360.2461242675781,410.31914693,-0.212811438639411,-0.10339482589236992
2025-10-10,2353,55.6415184,41.27830505371094,53.08340208,-0.258138414610358,-0.045974955277280904
2025-10-10,2463,73.60724175,62.57759094238281,66.93829625,-0.14984464225786842,-0.09060175794455727
2025-10-10,2475,64.9387604,52.712337493896484,58.8725056,-0.18827619792544614,-0.09341500765696797
2025-10-10,2384,69.69,56.646728515625,62.68,-0.1871613069934711,-0.10058831970153537
2025-10-10,2422,35.42945484,32.7719612121582,34.27008832,-0.07500803046061755,-0.03272323904603436
2025-10-10,2517,26.816211,22.65274429321289,23.46915059,-0.15525932081855665,-0.12481481481481471
2025-10-10,2555,20.75666918,17.03529167175293,19.31456618,-0.17928587077125013,-0.0694766095414544
2025-10-10,2595,40.00197996,38.53926467895508,38.55678232,-0.03656607204212303,-0.03612815269256975
2025-10-10,2558,42.22984086,33.85797882080078,39.27156804,-0.19824517139322273,-0.07005171603197002
2025-10-10,300308,397.93022514,291.94586181640625,366.53624146,-0.26633906305133337,-0.07889318703789083
2025-10-10,300274,157.10518863,117.36273193359375,161.169021,-0.2529671810522064,0.025866951979356845
2025-10-10,2601,19.7877043,17.379230499267578,19.34024365,-0.12171567576600706,-0.022613065326633208
2025-10-10,2916,236.8640042,176.33787536621094,200.285761,-0.25553113922148696,-0.15442719261435167
2025-10-10,300033,267.13356963,234.56385803222656,249.52322334,-0.12192294529992964,-0.0659233742670069
2025-10-10,300014,89.96687334,62.44725799560547,83.4687675,-0.30588609254423305,-0.07222776116096163
2025-10-10,300059,26.62719012,25.923072814941406,25.29384054,-0.026443545183903017,-0.05007473841554555
2025-10-10,300034,16.47290203,15.896261215209961,16.2633739,-0.03500541760886311,-0.012719563900666198
2025-10-10,300394,116.943972,99.6614990234375,107.49575475,-0.14778421393590513,-0.08079268292682928
2025-10-10,300191,20.40864504,17.964670181274414,19.51002564,-0.11975194109827025,-0.04403131115459891
2025-10-10,300164,5.78,5.088473796844482,5.68,-0.11964121161860175,-0.01730103806228378
2025-10-10,300580,28.75209358,26.97982406616211,25.91766028,-0.06163966839168489,-0.09858180560359742
2025-10-10,300476,283.62763226,249.39808654785156,265.31593443,-0.1206848057765062,-0.06456246058992487
2025-10-10,300474,82.95,84.39826965332031,74.45,0.01745954976878017,-0.10247136829415315
2025-10-10,300433,33.46684539,27.30325698852539,28.24969323,-0.18416998464146583,-0.1558901682905227
2025-10-10,300418,49.98,42.99386215209961,42.2,-0.1397786684253779,-0.15566226490596224
2025-10-10,600406,22.9104127,22.526369094848633,23.4199685,-0.01676284099200731,0.022241231822070162
2025-10-10,600426,20.26247891,18.254161834716797,18.98052081,-0.0991150729485547,-0.06326758466691462
2025-10-10,600316,37.0719153,34.68733596801758,36.12263445,-0.06432306808767507,-0.025606469002695476
2025-10-10,600362,38.070832,26.811386108398438,37.5052305,-0.2957499298045697,-0.014856557377049162
2025-10-10,600428,6.5578275,6.238988399505615,6.8687171,-0.04861962296116895,0.04740740740740734
2025-10-10,300502,250.49601285,187.80145263671875,231.67046884,-0.25028166915703964,-0.07515306848924952
2025-10-10,300760,244.13584808,246.19960021972656,227.11203431,0.008453294163708103,-0.06973090557524964
2025-10-10,300750,402.1061889,313.04193115234375,361.502185,-0.22149437190036803,-0.10097831125423895
2025-10-10,400,26.34610605,24.611408233642578,26.55216498,-0.06584266430360863,0.007821229050279266
2025-10-10,426,36.18,23.32402801513672,34.28,-0.35533366458991933,-0.052515201768933095
2025-10-10,600160,40.96845114,34.77081298828125,36.14573265,-0.1512783124394863,-0.11771786230139625
2025-10-10,600183,55.25125308,46.145145416259766,59.98480176,-0.16481269032134382,0.08567314614830823
2025-10-10,600118,37.28388444,33.05711364746094,37.41386312,-0.11336723241219937,0.003486189326897371
2025-10-10,600111,52.9833612,43.951419830322266,53.003306,-0.1704675046111973,0.00037643515904384195
2025-10-10,600089,19.25974952,15.412546157836914,19.74173508,-0.19975355121664562,0.02502553626149151
2025-10-10,600026,11.43164745,11.553825378417969,12.2015538,0.010687692124197623,0.06734867860187554
2025-10-10,600309,66.63873424,66.76728820800781,61.97510512,0.0019291177942368787,-0.06998375904326004
2025-10-10,600489,24.12,17.814023971557617,24.42,-0.26144179222397945,0.01243781094527363
2025-10-10,600276,70.86077525,56.66665267944336,66.5682954,-0.20031000959951595,-0.06057624736472256
2025-10-10,601808,13.4385075,13.066957473754883,13.51669518,-0.027648161542129346,0.005818181818181722
2025-10-10,601872,8.13312045,7.035762786865234,8.6505939,-0.13492455569556527,0.06362545018007215
2025-10-10,601899,31.9053092,23.967918395996094,30.0233098,-0.24877962329867997,-0.05898702903026565
2025-10-10,601975,3.0327675,2.8033289909362793,3.122259,-0.07565318115012787,0.029508196721311553
2025-10-17,2050,42.54020092,32.64387893676758,47.53560196,-0.23263458491517675,0.11742777260018644
2025-10-17,2028,111.34834324,87.57271575927734,117.89063098,-0.21352475294110773,0.05875514219280986
2025-10-17,2179,38.70372955,37.15806579589844,36.503645,-0.03993578324550795,-0.0568442518480754
2025-10-17,2156,42.77208442,34.381690979003906,39.66556451,-0.1961651753654725,-0.07262961233068654
2025-10-17,21,30.2663398,23.218807220458984,27.8004882,-0.23285050739901547,-0.08147174770039423
2025-10-17,768,26.06373,25.41924476623535,25.4679876,-0.024727283230936203,-0.022857142857142798
2025-10-17,603662,65.71250244,60.734554290771484,65.81188614,-0.0757534405842133,0.0015124016938898865
2025-10-17,603619,19.47319299,18.945110321044922,20.46802986,-0.027118442734392012,0.051087506322711196
2025-10-17,2241,32.47256883,28.033315658569336,31.74151617,-0.13670779157235724,-0.022512929723151776
2025-10-17,2342,8.3425351,7.156506061553955,7.88294634,-0.1421665026552953,-0.05508982035928134
2025-10-17,2273,24.62713784,22.780105590820312,24.17955254,-0.07499987457656132,-0.01817447495961233
2025-10-17,2371,410.31914693,387.3116455078125,403.21556726,-0.05607221011821939,-0.017312328033309732
2025-10-17,2353,53.08340208,44.091312408447266,51.54056928,-0.16939550441776685,-0.029064316519782474
2025-10-17,2463,66.93829625,55.332061767578125,67.77440285,-0.17338706140764482,0.012490706319702616
2025-10-17,2475,58.8725056,48.87229537963867,59.80730552,-0.16986214733760752,0.015878378378378466
2025-10-17,2384,62.68,58.14521789550781,65.75,-0.07234815099700365,0.04897894065092534
2025-10-17,2422,34.27008832,34.017478942871094,34.3138092,-0.007371132947488923,0.0012757737765878296
2025-10-17,2517,23.46915059,21.53770637512207,24.19418148,-0.08229715035792151,0.030892932712653476
2025-10-17,2555,19.31456618,17.131301879882812,19.6606709,-0.11303719067622298,0.017919362867097943
2025-10-17,2595,38.55678232,37.65439224243164,39.17712659,-0.023404185289089274,0.016089108910890992
2025-10-17,2558,39.27156804,33.89827346801758,39.55945365,-0.13682403937906062,0.0073306370070780336
2025-10-17,300308,366.53624146,301.869140625,440.35887984,-0.1764275766494896,0.20140610949123916
2025-10-17,300274,161.169021,118.90412902832031,152.7846392,-0.26223955267234433,-0.052022291554404854
2025-10-17,2601,19.34024365,18.193832397460938,19.36013079,-0.05927594674015724,0.0010282776349612721
2025-10-17,2916,200.285761,152.885498046875,192.54270354,-0.23666316924609032,-0.03866004962779168
2025-10-17,300033,249.52322334,224.3365020751953,250.27484163,-0.10093938723485185,0.003012217780530513
2025-10-17,300014,83.4687675,64.47574615478516,78.22643058,-0.22754644538407542,-0.06280597014925371
2025-10-17,300059,25.29384054,25.332134246826172,25.34359239,0.001513953832578796,0.0019669551534224894
2025-10-17,300034,16.2633739,15.301492691040039,16.68243016,-0.059144013712920995,0.025766871165644023
2025-10-17,300394,107.49575475,93.88536071777344,119.2258056,-0.1266133166270602,0.10912106135986721
2025-10-17,300191,19.51002564,18.021987915039062,21.1175559,-0.07627041360264131,0.08239508700102349
2025-10-17,300164,5.68,5.569291591644287,6.35,-0.019490916964033933,0.11795774647887325
2025-10-17,300580,25.91766028,25.807098388671875,25.96738718,-0.004265890135671024,0.0019186492709133418
2025-10-17,300476,265.31593443,250.03482055664062,284.38275382,-0.05759591449412593,0.07186458450361366
2025-10-17,300474,74.45,73.03966522216797,73.34,-0.018943381837905116,-0.014909335124244416
2025-10-17,300433,28.24969323,26.294635772705078,28.58564621,-0.06920632522900216,0.01189227002448412
2025-10-17,300418,42.2,37.12194061279297,41.09,-0.12033316083428991,-0.026303317535545045
2025-10-17,600406,23.4199685,22.805721282958984,22.54784415,-0.026227499709959745,-0.03723849372384935
2025-10-17,600426,18.98052081,17.97207260131836,18.91265244,-0.05313069218576627,-0.0035756853396902155
2025-10-17,600316,36.12263445,35.57802963256836,33.84436041,-0.015076553128633763,-0.06307053941908713
2025-10-17,600362,37.5052305,31.08920669555664,36.20824775,-0.171070107259929,-0.034581383255330334
2025-10-17,600428,6.8687171,6.455959796905518,7.0144466,-0.06009234287644227,0.021216407355021394
2025-10-17,300502,231.67046884,212.14747619628906,248.07772584,-0.08427052762255272,0.07082152974504252
2025-10-17,300760,227.11203431,222.46743774414062,218.1329806,-0.020450684526561402,-0.03953579006625396
2025-10-17,300750,361.502185,311.85247802734375,369.3012145,-0.1373427576175127,0.02157394843962024
2025-10-17,400,26.55216498,25.101255416870117,24.69094916,-0.054643738626313776,-0.0700965748518787
2025-10-17,426,34.28,24.969478607177734,30.34,-0.2716021409808129,-0.11493582263710622
2025-10-17,600160,36.14573265,31.086040496826172,35.13976683,-0.13998034573450058,-0.02783083219645288
2025-10-17,600183,59.98480176,47.12294387817383,55.3904751,-0.21441861112230798,-0.0765915119363395
2025-10-17,600118,37.41386312,33.90605545043945,35.55416816,-0.09375689589470404,-0.049706039551042136
2025-10-17,600111,53.003306,41.58906173706055,49.61269,-0.21534966635740527,-0.06396989651928509
2025-10-17,600089,19.74173508,15.125113487243652,18.51218008,-0.2338508532329241,-0.06228201295465874
2025-10-17,600026,12.2015538,11.255184173583984,12.0261321,-0.07756140258267885,-0.01437699680511173
2025-10-17,600309,61.97510512,62.552947998046875,61.71929424,0.00932379020459928,-0.004127639307826669
2025-10-17,600489,24.42,17.605480194091797,22.61,-0.2790548651068061,-0.07411957411957426
2025-10-17,600276,66.5682954,62.82060623168945,64.8752059,-0.05629840971277966,-0.025433871932974306
2025-10-17,601808,13.51669518,13.133399963378906,13.89786012,-0.02835716952382239,0.028199566160520773
2025-10-17,601872,8.6505939,7.778167724609375,8.2991025,-0.10085159302075497,-0.040632054176072296
2025-10-17,601899,30.0233098,24.574254989624023,29.264598,-0.18149414060857394,-0.02527075812274371
2025-10-17,601975,3.122259,2.9599878787994385,3.2117505,-0.0519723447672219,0.028662420382165488
2025-10-24,2050,47.53560196,34.980525970458984,50.76675422,-0.2641194277944727,0.0679733110925771
2025-10-24,2028,117.89063098,93.95307922363281,128.96372682,-0.2030488051287821,0.09392685193006178
2025-10-24,2179,36.503645,36.57838821411133,34.7080603,0.0020475548157268264,-0.04918918918918913
2025-10-24,2156,39.66556451,33.28995895385742,44.63000308,-0.1607340179045036,0.12515739108536894
2025-10-24,21,27.8004882,22.00838279724121,28.9936422,-0.2083454564211138,0.0429184549356223
2025-10-24,768,25.4679876,24.279834747314453,25.52756184,-0.04665279688943891,0.002339181286549641
2025-10-24,603662,65.81188614,64.8497314453125,67.13368935,-0.014619770851738378,0.020084566596194398
2025-10-24,603619,20.46802986,19.828521728515625,19.6922682,-0.031244244602854798,-0.03790113974359821
2025-10-24,2241,31.74151617,25.736125946044922,32.74918335,-0.18919670351572493,0.031746031746031855
2025-10-24,2342,7.88294634,6.806827068328857,7.91291952,-0.13651231725511692,0.0038022813688212143
2025-10-24,2273,24.17955254,21.87649154663086,24.97525974,-0.09524828838578414,0.03290826820238579
2025-10-24,2371,403.21556726,380.17230224609375,415.1248035,-0.05714874842381168,0.029535655879875167
2025-10-24,2353,51.54056928,45.0326042175293,51.44103168,-0.12626878502477235,-0.0019312475859404321
2025-10-24,2463,67.77440285,53.777854919433594,75.3491305,-0.20651672817455757,0.11176384197385802
2025-10-24,2475,59.80730552,53.6694450378418,64.68019872,-0.10262726984257231,0.08147655470568682
2025-10-24,2384,65.75,57.236534118652344,72.65,-0.12948237081897573,0.10494296577946782
2025-10-24,2422,34.3138092,34.121768951416016,33.77149325,-0.005596587877045867,-0.015804597701149503
2025-10-24,2517,24.19418148,20.51348876953125,23.38969515,-0.1521313177513931,-0.03325123152709353
2025-10-24,2555,19.6606709,18.277311325073242,20.13175788,-0.07036176852575038,0.023960880195599055
2025-10-24,2595,39.17712659,36.228057861328125,46.04863235,-0.07527526864169332,0.17539585870889152
2025-10-24,2558,39.55945365,32.78986740112305,35.23124241,-0.17112436154377864,-0.10941028858218327
2025-10-24,300308,440.35887984,343.6556091308594,514.13157732,-0.21960104618368725,0.1675285792052259
2025-10-24,300274,152.7846392,109.85431671142578,193.7474828,-0.2809858550791683,0.2681083897863472
2025-10-24,2601,19.36013079,18.09515953063965,18.46520949,-0.06533898314435671,-0.046224961479198745
2025-10-24,2916,192.54270354,146.04046630859375,232.03329056,-0.24151648635049727,0.20510040782613204
2025-10-24,300033,250.27484163,226.03494262695312,257.85424476,-0.09685311893587178,0.030284318953661238
2025-10-24,300014,78.22643058,67.84292602539062,83.5185996,-0.1327365249522724,0.06765193018218896
2025-10-24,300059,25.34359239,24.538742065429688,25.50279831,-0.031757546924874314,0.006281900274833108
2025-10-24,300034,16.68243016,15.537656784057617,16.58265486,-0.06862149968337594,-0.005980861244018976
2025-10-24,300394,119.2258056,103.8914794921875,122.66281746,-0.1286158313684106,0.028827751196172313
2025-10-24,300191,21.1175559,19.11405372619629,19.93936602,-0.09487377153355658,-0.05579196217494076
2025-10-24,300164,6.35,5.746504306793213,5.76,-0.09503869184358849,-0.09291338582677167
2025-10-24,300580,25.96738718,24.493669509887695,25.857988,-0.05675263590814239,-0.004212945231712006
2025-10-24,300476,284.38275382,263.6935119628906,326.4907166,-0.07275139430643751,0.14806791978198586
2025-10-24,300474,73.34,69.3434066772461,75.31,-0.05449404585156681,0.026861194436869296
2025-10-24,300433,28.58564621,25.47117042541504,29.47476795,-0.1089524358380759,0.031103783117869988
2025-10-24,300418,41.09,38.115699768066406,44.31,-0.07238501416241416,0.0783645655877343
2025-10-24,600406,22.54784415,22.85430335998535,23.8511311,0.013591508258910423,0.05780095610604086
2025-10-24,600426,18.91265244,17.843463897705078,19.41789475,-0.05653297683584568,0.026714513556618913
2025-10-24,600316,33.84436041,32.597137451171875,34.1741106,-0.036851721932957826,0.009743135518157642
2025-10-24,600362,36.20824775,30.391252517700195,42.27383625,-0.16065387290937883,0.16751952598976572
2025-10-24,600428,7.0144466,6.594475746154785,7.1310302,-0.05987227186891908,0.01662049861495829
2025-10-24,300502,248.07772584,175.05467224121094,266.796266,-0.29435554260879493,0.07545433632390153
2025-10-24,300760,218.1329806,217.63623046875,213.10746423,-0.0022772811790479075,-0.023038773669972867
2025-10-24,300750,369.3012145,329.6600646972656,390.7264729,-0.10734096787741376,0.0580156727321024
2025-10-24,400,24.69094916,23.727937698364258,25.92846666,-0.039002610041247276,0.05012028869286289
2025-10-24,426,30.34,23.231853485107422,30.55,-0.23428300971959715,0.006921555702043447
2025-10-24,600160,35.13976683,31.32423973083496,35.58357528,-0.10858145751575088,0.012629806342969285
2025-10-24,600183,55.3904751,48.295162200927734,69.1137885,-0.12809626359518744,0.2477558348294433
2025-10-24,600118,35.55416816,33.482872009277344,44.5426938,-0.05825747747497456,0.25281214848143985
2025-10-24,600111,49.61269,43.26258850097656,52.85372,-0.1279934931773189,0.0653266331658291
2025-10-24,600089,18.51218008,15.033234596252441,20.410613,-0.18792737909383816,0.10255047821466534
2025-10-24,600026,12.0261321,11.780117988586426,13.18586445,-0.020456628063612703,0.09643435980551063
2025-10-24,600309,61.71929424,61.425289154052734,60.71572848,-0.004763584703415535,-0.016260162601625994
2025-10-24,600489,22.61,18.112377166748047,22.3,-0.19892184136452684,-0.013710747456877392
2025-10-24,600276,64.8752059,61.3636474609375,62.6243928,-0.054127896633966555,-0.03469450414491859
2025-10-24,601808,13.89786012,13.820601463317871,14.24970468,-0.0055590325427832266,0.025316455696202445
2025-10-24,601872,8.2991025,7.6320085525512695,9.29341568,-0.08038145660313634,0.11980972400328849
2025-10-24,601899,29.264598,25.996580123901367,30.6539274,-0.11167137426930085,0.04747474747474745
2025-10-24,601975,3.2117505,3.098806619644165,3.3509595,-0.03516583257505057,0.04334365325077405
2025-10-31,2050,50.76675422,40.17340087890625,49.91436436,-0.2086671386393344,-0.01679031628270211
2025-10-31,2028,128.96372682,99.45726013183594,147.0770014,-0.22879663464865174,0.14045247471237743
2025-10-31,2179,34.7080603,37.00747299194336,34.7869871,0.06625010651901397,0.0022740193291641564
2025-10-31,2156,44.63000308,33.78925704956055,41.57342722,-0.2429026502867867,-0.06848701880035812
2025-10-31,21,28.9936422,24.28102684020996,26.7863073,-0.1625396122116054,-0.07613168724279828
2025-10-31,768,25.52756184,25.010103225708008,25.28926488,-0.020270585085065518,-0.009334889148191361
2025-10-31,603662,67.13368935,64.56385040283203,66.87529173,-0.03827942381909277,-0.003849000740192454
2025-10-31,603619,19.6922682,19.124422073364258,21.3830185,-0.028835993947906036,0.08585858585858563
2025-10-31,2241,32.74918335,28.70945167541504,31.86006525,-0.12335366141534532,-0.02714932126696834
2025-10-31,2342,7.91291952,7.777475357055664,7.95288376,-0.017116838178626637,0.005050505050504972
2025-10-31,2273,24.97525974,22.691946029663086,24.63708418,-0.09142302158643789,-0.013540422142572672
2025-10-31,2371,415.1248035,358.7985534667969,410.628867,-0.13568509893483904,-0.010830324909747224
2025-10-31,2353,51.44103168,45.65495681762695,55.1438304,-0.112479759316776,0.07198142414860675
2025-10-31,2463,75.3491305,63.148582458496094,72.17391615,-0.1619202233727688,-0.0421400264200793
2025-10-31,2475,64.68019872,52.62964630126953,61.31889688,-0.18630976183139458,-0.05196801968019693
2025-10-31,2384,72.65,61.81962966918945,75.46,-0.14907598528300825,0.038678596008258515
2025-10-31,2422,33.77149325,32.23691177368164,32.88406715,-0.04544014281389108,-0.026277372262773713
2025-10-31,2517,23.38969515,21.501201629638672,23.08180532,-0.08074040761327872,-0.013163481953290868
2025-10-31,2555,20.13175788,19.077091217041016,22.10060928,-0.05238820520520704,0.0977982852633037
2025-10-31,2595,46.04863235,42.59788131713867,47.90284819,-0.0749371014242799,0.040266469282013384
2025-10-31,2558,35.23124241,31.12063980102539,36.48205575,-0.11667492622422704,0.035502958579881616
2025-10-31,300308,514.13157732,379.44378662109375,496.29268784,-0.2619714420207172,-0.03469712864747254
2025-10-31,300274,193.7474828,122.06326293945312,204.416134,-0.36998787713048353,0.05506472159441134
2025-10-31,2601,18.46520949,18.190448760986328,17.7989903,-0.01487991398973676,-0.03607969843834136
2025-10-31,2916,232.03329056,167.67840576171875,229.111007,-0.2773519465373445,-0.012594242631939756
2025-10-31,300033,257.85424476,240.22549438476562,252.95818917,-0.06836711333428869,-0.018987686607823795
2025-10-31,300014,83.5185996,67.10406494140625,84.87403272,-0.19653747473267924,0.016229116945107425
2025-10-31,300059,25.50279831,23.967979431152344,25.38339387,-0.06018237136925608,-0.004682013265704277
2025-10-31,300034,16.58265486,16.38027000427246,17.42076738,-0.012204611229998275,0.05054151624548742
2025-10-31,300394,122.66281746,106.41880798339844,110.75449836,-0.13242814581442897,-0.09708173468201375
2025-10-31,300191,19.93936602,20.002450942993164,19.98928932,0.0031638379540195327,0.0025037556334501776
2025-10-31,300164,5.76,5.784065246582031,6.1,0.004177994198269364,0.05902777777777768
2025-10-31,300580,25.857988,24.88644027709961,26.13645864,-0.03757244078311084,0.010769230769230864
2025-10-31,300476,326.4907166,306.05364990234375,314.18024801,-0.06259616478680674,-0.03770541692026774
2025-10-31,300474,75.31,77.17170715332031,73.34,0.02472058363192553,-0.02615854468198109
2025-10-31,300433,29.47476795,26.027488708496094,31.00154705,-0.1169569595035237,0.05179952909519003
2025-10-31,300418,44.31,41.441219329833984,43.94,-0.0647434139058004,-0.008350259535093718
2025-10-31,600406,23.8511311,22.927230834960938,24.84084525,-0.03873611952261091,0.04149548069022191
2025-10-31,600426,19.41789475,18.384836196899414,19.416567,-0.05320136741912174,-6.83776494359023e-05
2025-10-31,600316,34.1741106,34.49814224243164,34.44390621,0.009481787140691367,0.007894736842105399
2025-10-31,600362,42.27383625,32.876976013183594,38.95824125,-0.22228548602130727,-0.07843137254901966
2025-10-31,600428,7.1310302,6.29179573059082,7.0047313,-0.11768768969863275,-0.017711171662125214
2025-10-31,300502,266.796266,242.73536682128906,254.46228889,-0.09018454245799279,-0.0462299465240642
2025-10-31,300760,213.10746423,217.5694580078125,202.93841545,0.020937763930205744,-0.04771793806820801
2025-10-31,300750,390.7264729,307.5283203125,387.1850268,-0.21293195715661983,-0.009063747520650756
2025-10-31,400,25.92846666,24.043203353881836,29.04701076,-0.07271017337197849,0.12027491408934687
2025-10-31,426,30.55,25.315963745117188,29.1,-0.17132688232022297,-0.04746317512274956
2025-10-31,600160,35.58357528,32.20305633544922,34.36063644,-0.0950022283581724,-0.03436807095343675
2025-10-31,600183,69.1137885,48.35757827758789,64.0421292,-0.3003193816008525,-0.07338129496402868
2025-10-31,600118,44.5426938,35.76193618774414,42.93295784,-0.19713126582963558,-0.03613916947250284
2025-10-31,600111,52.85372,43.73361587524414,47.8575476,-0.17255368448532782,-0.09452830188679251
2025-10-31,600089,20.410613,16.61505889892578,25.02390336,-0.18595982889265594,0.226024096385542
2025-10-31,600026,13.18586445,12.239276885986328,12.19180815,-0.07178805512547737,-0.07538802660753885
2025-10-31,600309,60.71572848,59.68461227416992,60.7058896,-0.016982686885981035,-0.00016204829039057067
2025-10-31,600489,22.3,18.93514060974121,21.07,-0.15089055561698606,-0.05515695067264581
2025-10-31,600276,62.6243928,56.817325592041016,62.1662627,-0.09272851916512292,-0.0073155216284988
2025-10-31,601808,14.24970468,13.626649856567383,14.42562696,-0.043724051650494866,0.012345679012345734
2025-10-31,601872,9.29341568,7.0523295402526855,8.37785672,-0.24114773479575113,-0.09851694915254239
2025-10-31,601899,30.6539274,25.66535186767578,29.264598,-0.16273854463177917,-0.045323047251687565
2025-10-31,601975,3.3509595,3.165154457092285,3.2117505,-0.055448310523512734,-0.041543026706231445
2025-11-07,2050,49.91436436,36.790870666503906,43.89807779,-0.26292018062866296,-0.12053216838760916
2025-11-07,2028,147.0770014,100.43794250488281,151.9065441,-0.3171064031165187,0.032836831415030465
2025-11-07,2179,34.7869871,34.89031982421875,35.38880395,0.002970441904661225,0.017300056721497592
2025-11-07,2156,41.57342722,34.085418701171875,39.2560233,-0.18011525677694962,-0.055742431523306046
2025-11-07,21,26.7863073,23.78731918334961,26.0107572,-0.11195974432244316,-0.028953229398663738
2025-11-07,768,25.28926488,24.889137268066406,24.94174848,-0.01582203412524008,-0.013741656851197437
2025-11-07,603662,66.87529173,68.28807067871094,63.23784831,0.021125574366312128,-0.05439144003566654
2025-11-07,603619,21.3830185,19.93326187133789,22.19855688,-0.06779943760803031,0.038139534883721016
2025-11-07,2241,31.86006525,28.3554744720459,29.1433173,-0.10999948526326708,-0.08527126133239804
2025-11-07,2342,7.95288376,7.837959289550781,7.47331288,-0.014450666439668747,-0.06030150753768837
2025-11-07,2273,24.63708418,24.118534088134766,24.0204111,-0.021047543129563362,-0.025030278562777508
2025-11-07,2371,410.628867,379.6848449707031,413.29645599,-0.07535763926041006,0.0064963503649635435
2025-11-07,2353,55.1438304,48.980674743652344,49.49009472,-0.11176509886312969,-0.10252707581227427
2025-11-07,2463,72.17391615,59.75025177001953,64.1612279,-0.1721351014701793,-0.11101916976968684
2025-11-07,2475,61.31889688,52.68370819091797,57.06257384,-0.14082426671798975,-0.06941290950373014
2025-11-07,2384,75.46,64.0904312133789,72.17,-0.15067014029447512,-0.0435992578849721
2025-11-07,2422,32.88406715,32.64262771606445,34.10674311,-0.007342140278275955,0.037181409295352186
2025-11-07,2517,23.08180532,22.428192138671875,21.6516074,-0.028317246951293784,-0.061962134251290935
2025-11-07,2555,22.10060928,18.934598922729492,20.74236288,-0.14325443779215608,-0.06145741878841082
2025-11-07,2595,47.90284819,41.70302963256836,46.68261056,-0.1294248419810221,-0.025473174896826545
2025-11-07,2558,36.48205575,34.01327896118164,36.52176411,-0.06767098887562994,0.001088435374149599
2025-11-07,300308,496.29268784,435.16253662109375,480.431458,-0.12317358832136172,-0.03195942682337782
2025-11-07,300274,204.416134,145.9656982421875,189.5974571,-0.28593846588358085,-0.0724926971762414
2025-11-07,2601,17.7989903,17.38089370727539,19.36013079,-0.023489905083245555,0.08770949720670385
2025-11-07,2916,229.111007,170.72010803222656,206.249605,-0.2548585497150446,-0.09978308026030369
2025-11-07,300033,252.95818917,235.99281311035156,238.5510012,-0.06706790602555623,-0.056954819360750863
2025-11-07,300014,84.87403272,67.13616943359375,87.07661154,-0.20899046172253388,0.025951150775011644
2025-11-07,300059,25.38339387,24.3752384185791,25.00527981,-0.03971712595187715,-0.014896119168953281
2025-11-07,300034,17.42076738,16.46080207824707,16.91191335,-0.0551046507202102,-0.029209621993127266
2025-11-07,300394,110.75449836,95.80056762695312,116.04550002,-0.1350187211759123,0.04777234097347427
2025-11-07,300191,19.98928932,19.325586318969727,20.05918194,-0.0332029313501514,0.0034965034965033226
2025-11-07,300164,6.1,5.731919288635254,6.2,-0.06034110022372885,0.016393442622950838
2025-11-07,300580,26.13645864,26.35789680480957,24.44574404,0.008472385944080285,-0.06468797564687978
2025-11-07,300476,314.18024801,258.4083251953125,287.4429833,-0.17751568778732507,-0.08510167293886983
2025-11-07,300474,73.34,76.04801177978516,70.75,0.036924076626467794,-0.03531497136623951
2025-11-07,300433,31.00154705,28.452280044555664,28.9096614,-0.08223031583981344,-0.06747681483850332
2025-11-07,300418,43.94,39.55888748168945,40.63,-0.09970670273806426,-0.07532999544833852
2025-11-07,600406,24.84084525,22.61359977722168,23.909926,-0.08966061542444181,-0.03747534516765294
2025-11-07,600426,19.416567,18.276464462280273,22.1577294,-0.05871802866694853,0.14117647058823524
2025-11-07,600316,34.44390621,32.80201721191406,33.26479947,-0.04766848998123374,-0.034232666086452035
2025-11-07,600362,38.95824125,29.291433334350586,39.46533225,-0.24813255438345572,0.013016270337922409
2025-11-07,600428,7.0047313,6.414220333099365,7.1990373,-0.08430173001791452,0.0277392510402219
2025-11-07,300502,254.46228889,226.96328735351562,232.44803015,-0.1080670996729568,-0.08651285357853722
2025-11-07,300760,202.93841545,209.25706481933594,206.1008327,0.031135797307398905,0.015583137588748741
2025-11-07,300750,387.1850268,342.8217468261719,407.707756,-0.1145790175319562,0.0530049660484444
2025-11-07,400,29.04701076,24.09864616394043,28.1163976,-0.1703571027306484,-0.032038173142467596
2025-11-07,426,29.1,25.04187774658203,33.5,-0.13945437296968966,0.15120274914089338
2025-11-07,600160,34.36063644,31.373781204223633,35.77096107,-0.08692665634968566,0.041044776119402826
2025-11-07,600183,64.0421292,50.65076446533203,58.05558234,-0.20910242838503212,-0.09347826086956523
2025-11-07,600118,42.93295784,35.048561096191406,44.37272168,-0.1836443874468583,0.03353516534699574
2025-11-07,600111,47.8575476,43.79310607910156,46.6309424,-0.08492791053293414,-0.025630339654094447
2025-11-07,600089,25.02390336,17.188549041748047,24.53208136,-0.3131147929054323,-0.019654088050314433
2025-11-07,600026,12.19180815,11.921377182006836,12.9227319,-0.022181366755936405,0.05995203836930463
2025-11-07,600309,60.7058896,60.0687370300293,67.60294448,-0.010495729066306358,0.11361426256077811
2025-11-07,600489,21.07,16.958921432495117,22.02,-0.19511526186544292,0.04508780256288558
2025-11-07,600276,62.1662627,59.43169403076172,63.3016286,-0.04398798561262518,0.018263377122717195
2025-11-07,601808,14.42562696,13.866621971130371,14.43540042,-0.038750827982704905,0.0006775067750677266
2025-11-07,601872,8.37785672,7.0301971435546875,8.93900576,-0.1608597069019,0.06698002350176258
2025-11-07,601899,29.264598,27.132709503173828,30.2696448,-0.0728487196996922,0.03434343434343434
2025-11-07,601975,3.2117505,3.067936897277832,3.321129,-0.04477732710625182,0.034055727554179516
2025-11-14,2050,43.89807779,35.86548614501953,40.80568667,-0.18298276483555498,-0.07044479566493567
2025-11-14,2028,151.9065441,115.6865463256836,140.903153,-0.23843605941342982,-0.0724352671255325
2025-11-14,2179,35.38880395,36.203277587890625,34.5107433,0.023015008900593825,-0.024811820462782297
2025-11-14,2156,39.2560233,36.99213409423828,36.71886556,-0.05766985587054407,-0.06463104325699753
2025-11-14,21,26.0107572,24.84062957763672,23.465362,-0.044986295991540026,-0.09785932721712542
2025-11-14,768,24.94174848,24.99006462097168,24.51479976,0.0019371593379038377,-0.017117834394904552
2025-11-14,603662,63.23784831,63.78950119018555,59.97806295,0.008723460632013902,-0.05154801194405145
2025-11-14,603619,22.19855688,20.726367950439453,25.28168978,-0.066319127748657,0.13888888888888884
2025-11-14,2241,29.1433173,29.794235229492188,28.1007114,0.022335066485111188,-0.035775127768313375
2025-11-14,2342,7.47331288,7.78238582611084,7.45333076,0.0413568856374229,-0.002673796791443861
2025-11-14,2273,24.0204111,21.989274978637695,22.94620638,-0.08455875767098364,-0.044720496894409933
2025-11-14,2371,413.29645599,382.9375,404.634285,-0.07345564073923383,-0.020958735223729152
2025-11-14,2353,49.49009472,44.250633239746094,51.92876592,-0.10586889174282643,0.04927594529364421
2025-11-14,2463,64.1612279,58.27254104614258,64.6390031,-0.09177952240931819,0.007446478436239579
2025-11-14,2475,57.06257384,52.05002212524414,55.441591,-0.08784307081574605,-0.028407110491460386
2025-11-14,2384,72.17,66.93046569824219,70.6,-0.07259989333182504,-0.02175419149230995
2025-11-14,2422,34.10674311,32.635780334472656,32.40091294,-0.04312820989043831,-0.05001445504481061
2025-11-14,2517,21.6516074,22.05327606201172,20.76766563,0.01855144768659156,-0.040825688073394484
2025-11-14,2555,20.74236288,19.005569458007812,19.34530944,-0.08373170559400556,-0.06735266604303092
2025-11-14,2595,46.68261056,42.103736877441406,45.91229295,-0.0980852104805382,-0.016501168224299034
2025-11-14,2558,36.52176411,33.47167205810547,35.39007585,-0.08351436810960033,-0.030986681163359564
2025-11-14,300308,480.431458,374.15411376953125,491.418456,-0.22121229253574137,0.022869022869022704
2025-11-14,300274,189.5974571,147.29986572265625,176.5104456,-0.223091554202832,-0.06902524801847676
2025-11-14,2601,19.36013079,18.518476486206055,17.9978617,-0.043473585634487555,-0.07036466358500248
2025-11-14,2916,206.249605,183.51263427734375,196.68757512,-0.11024006917567797,-0.046361445783132615
2025-11-14,300033,238.5510012,222.69680786132812,227.53663224,-0.06646039320279273,-0.046171967020023574
2025-11-14,300014,87.07661154,75.28118133544922,76.0437846,-0.13546037214748952,-0.12670252947235905
2025-11-14,300059,25.00527981,24.79264259338379,23.95054059,-0.008503692749367908,-0.042180660565061756
2025-11-14,300034,16.91191335,16.121780395507812,16.13366601,-0.0467204944904821,-0.046017699115044275
2025-11-14,300394,116.04550002,93.78581237792969,114.14872584,-0.19181861975030434,-0.016345090328130807
2025-11-14,300191,20.05918194,17.768842697143555,20.60833824,-0.11417909512497515,0.027376804380288666
2025-11-14,300164,6.2,5.763197898864746,6.01,-0.07045195179600872,-0.030645161290322687
2025-11-14,300580,24.44574404,24.6679630279541,23.2721892,0.00909029349200785,-0.04800650935720108
2025-11-14,300476,287.4429833,266.6240539550781,274.53636611,-0.07242803113824303,-0.04490148634635316
2025-11-14,300474,70.75,72.17774963378906,72.93,0.02018020683800792,0.03081272084805664
2025-11-14,300433,28.9096614,26.33707046508789,26.34189655,-0.08898723853307078,-0.08882030178326472
2025-11-14,300418,40.63,37.701908111572266,40.56,-0.07206723820890315,-0.0017228648781688616
2025-11-14,600406,23.909926,22.33375358581543,22.33226285,-0.06592125856786712,-0.065983606557377
2025-11-14,600426,22.1577294,19.161806106567383,21.12217916,-0.1352089485050132,-0.04673539518900338
2025-11-14,600316,33.26479947,32.32415008544922,33.28478433,-0.02827762077444984,0.0006007810153199067
2025-11-14,600362,39.46533225,30.315963745117188,36.198496,-0.23183305405677446,-0.08277736595008656
2025-11-14,600428,7.1990373,6.708995819091797,6.8104253,-0.06807041837499617,-0.053981106612685514
2025-11-14,300502,232.44803015,209.82192993164062,233.79627866,-0.09733831774680402,0.005800214822771377
2025-11-14,300760,206.1008327,212.60862731933594,196.8356495,0.03157578033082786,-0.0449546131309736
2025-11-14,300750,407.707756,358.8194580078125,372.1853839,-0.11991014954394807,-0.08712704523580372
2025-11-14,400,28.1163976,25.14276695251465,26.51257492,-0.10576143821089479,-0.057042253521126796
2025-11-14,426,33.5,28.762351989746094,31.58,-0.14142232866429572,-0.05731343283582091
2025-11-14,600160,35.77096107,32.38768768310547,33.95627763,-0.09458156240962667,-0.05073063137579259
2025-11-14,600183,58.05558234,50.359336853027344,55.63908585,-0.13256684674868868,-0.04162384378211714
2025-11-14,600118,44.37272168,39.03147506713867,41.10325796,-0.12037230105875552,-0.0736818386660657
2025-11-14,600111,46.6309424,44.798397064208984,46.720694,-0.039298912727764646,0.0019247219846021402
2025-11-14,600089,24.53208136,19.90664291381836,22.83037724,-0.18854651500233077,-0.06936647955092212
2025-11-14,600026,12.9227319,11.882615089416504,12.36722985,-0.08048737825966168,-0.042986425339366585
2025-11-14,600309,67.60294448,64.2840805053711,63.2639984,-0.049093482542181044,-0.06418279726386267
2025-11-14,600489,22.02,21.848155975341797,22.35,-0.007803997486748537,0.014986376021798531
2025-11-14,600276,63.3016286,60.197967529296875,60.38353905,-0.049029719129582205,-0.04609817495280044
2025-11-14,601808,14.43540042,14.278426170349121,14.171517,-0.010874256694216378,-0.018280297901151044
2025-11-14,601872,8.93900576,7.937918663024902,8.83071384,-0.11199087726900603,-0.01211453744493407
2025-11-14,601899,30.2696448,28.441652297973633,28.5452998,-0.06039028584922035,-0.05696614583333337
2025-11-14,601975,3.321129,3.153989791870117,3.2117505,-0.05032602110001838,-0.03293413173652693
2025-11-21,2050,40.80568667,36.12306213378906,42.41135129,-0.11475421487401571,0.03934904056351707
2025-11-21,2028,140.903153,118.49385070800781,139.73808806,-0.1590404601662263,-0.008268551236749189
2025-11-21,2179,34.5107433,36.29517364501953,33.47482905,0.051706517286735254,-0.030017152658662227
2025-11-21,2156,36.71886556,35.174407958984375,36.31931316,-0.04206169165253548,-0.01088139281828071
2025-11-21,21,23.465362,23.23024559020996,23.2863889,-0.01001972225231551,-0.007627118644067843
2025-11-21,768,24.51479976,24.681127548217773,24.0282768,0.006784790813962438,-0.01984609153503436
2025-11-21,603662,59.97806295,61.658809661865234,60.84270114,0.028022690783901627,0.014415907207953715
2025-11-21,603619,25.28168978,19.057720184326172,23.14338793,-0.24618487331481798,-0.0845790715971676
2025-11-21,2241,28.1007114,26.833724975585938,28.96458486,-0.04508734339067533,0.030742049469964616
2025-11-21,2342,7.45333076,6.710465908050537,7.1436079,-0.09966884281269484,-0.041554959785522816
2025-11-21,2273,22.94620638,22.333425521850586,23.55293312,-0.026705105323358236,0.02644126571304728
2025-11-21,2371,404.634285,396.5279846191406,421.618934,-0.020033646879080824,0.041975308641975406
2025-11-21,2353,51.92876592,49.557655334472656,51.0627888,-0.045660830630564364,-0.016676250718803853
2025-11-21,2463,64.6390031,54.8555908203125,69.80494745,-0.15135462817321044,0.0799199260856176
2025-11-21,2475,55.441591,48.46861267089844,56.64489728,-0.12577161303147966,0.021704035874439365
2025-11-21,2384,70.6,60.18236541748047,73.58,-0.14755856349177798,0.04220963172804537
2025-11-21,2422,32.40091294,31.575721740722656,33.97855934,-0.0254681465551736,0.04869141813755329
2025-11-21,2517,20.76766563,20.36553382873535,21.82045021,-0.019363360737267854,0.05069344811095178
2025-11-21,2555,19.34530944,17.85985565185547,20.3251872,-0.07678625109366732,0.05065195586760263
2025-11-21,2595,45.91229295,42.18885040283203,46.2190566,-0.0810990326974721,0.006681514476614803
2025-11-21,2558,35.39007585,33.753700256347656,40.4032563,-0.04623826183894275,0.14165497896213175
2025-11-21,300308,491.418456,411.5278625488281,523.380632,-0.16257141439387024,0.06504065040650397
2025-11-21,300274,176.5104456,134.192626953125,180.0633453,-0.2397468234983312,0.02012855209742903
2025-11-21,2601,17.9978617,17.5528564453125,17.80893387,-0.02472545139556781,-0.010497237569060847
2025-11-21,2916,196.68757512,175.1572265625,196.66769564,-0.10946471094762456,-0.0001010713563774912
2025-11-21,300033,227.53663224,210.5143585205078,224.35454733,-0.0748111350331383,-0.013984934551741102
2025-11-21,300014,76.0437846,68.50988006591797,71.44926498,-0.0990732454165889,-0.06041939711664479
2025-11-21,300059,23.95054059,23.07996940612793,23.1843621,-0.036348707061566565,-0.03199002908184456
2025-11-21,300034,16.13366601,15.443472862243652,15.8642727,-0.04277968487314354,-0.0166975881261594
2025-11-21,300394,114.14872584,86.57596588134766,110.59049157,-0.24155118470004244,-0.031171914042978477
2025-11-21,300191,20.60833824,19.05321502685547,18.21201984,-0.07546087389647438,-0.11627906976744184
2025-11-21,300164,6.01,5.738240718841553,5.57,-0.04521785044233728,-0.07321131447587348
2025-11-21,300580,23.2721892,24.389724731445312,23.39153376,0.04802021510917043,0.00512820512820511
2025-11-21,300476,274.53636611,245.74710083007812,275.39084577,-0.104865033685143,0.0031124461655387403
2025-11-21,300474,72.93,72.863037109375,73.1,-0.000918180318456141,0.002331002331002141
2025-11-21,300433,26.34189655,23.462230682373047,26.9466597,-0.10931885113742712,0.022958223560406443
2025-11-21,300418,40.56,37.99852752685547,43.85,-0.06315267438719263,0.08111439842209078
2025-11-21,600406,22.33226285,22.1926326751709,21.64632235,-0.00625239707086378,-0.030715225976305494
2025-11-21,600426,21.12217916,19.383974075317383,21.38868106,-0.08229288614189645,0.012617159336697714
2025-11-21,600316,33.28478433,32.576416015625,33.08493573,-0.02128204609505424,-0.0060042029420595
2025-11-21,600362,36.198496,32.500816345214844,36.354524,-0.1021500908431432,0.004310344827586077
2025-11-21,600428,6.8104253,6.672477722167969,6.6355499,-0.02025535436561232,-0.02567760342368053
2025-11-21,300502,233.79627866,221.27191162109375,243.1127472,-0.053569573949976856,0.03984866052358571
2025-11-21,300760,196.8356495,210.65318298339844,194.311481,0.07019832798833758,-0.012823736484787518
2025-11-21,300750,372.1853839,336.3267517089844,364.150912,-0.09634615904382271,-0.021587284851999233
2025-11-21,400,26.51257492,25.05501365661621,24.8988521,-0.05497622421744719,-0.06086631814787158
2025-11-21,426,31.58,27.145992279052734,32.9,-0.14040556431118634,0.04179860671310953
2025-11-21,600160,33.95627763,33.265506744384766,33.08838555,-0.02034295081286963,-0.025559105431310014
2025-11-21,600183,55.63908585,47.666748046875,57.52852755,-0.14328664249836875,0.03395889186773893
2025-11-21,600118,41.10325796,36.9190673828125,41.7931448,-0.10179705417170049,0.01678423741182189
2025-11-21,600111,46.720694,43.54848861694336,44.3073732,-0.06789722308184554,-0.051654215581643514
2025-11-21,600089,22.83037724,19.96027374267578,21.03030872,-0.12571423884733934,-0.07884532529082289
2025-11-21,600026,12.36722985,11.869190216064453,11.7922365,-0.04027091272469119,-0.046493301812450705
2025-11-21,600309,63.2639984,62.151878356933594,64.8382192,-0.01757903501506164,0.02488335925349916
2025-11-21,600489,22.35,19.347217559814453,22.14,-0.1343526818874966,-0.00939597315436247
2025-11-21,600276,60.38353905,61.63316345214844,61.83760415,0.020694785728171627,0.024080488207158135
2025-11-21,601808,14.171517,13.970763206481934,13.67307054,-0.01416600590593553,-0.03517241379310343
2025-11-21,601872,8.83071384,8.238101959228516,8.5156828,-0.06710803809394916,-0.035674470457079055
2025-11-21,601899,28.5452998,25.56830596923828,28.180724,-0.10429015815632514,-0.012771832930617788
2025-11-21,601975,3.2117505,3.100102663040161,3.1123155,-0.034762300795108114,-0.03095975232198145
2025-11-28,2050,42.41135129,41.63160705566406,44.39365329,-0.018385272117462326,0.04673989249824739
2025-11-28,2028,139.73808806,110.03813934326172,149.3673,-0.21254011078200719,0.06890900021378177
2025-11-28,2179,33.47482905,35.567352294921875,32.754622,0.0625103489489478,-0.02151488358384912
2025-11-28,2156,36.31931316,35.78007888793945,36.70887675,-0.014847039361262748,0.010726072607260662
2025-11-28,21,23.2863889,22.918006896972656,23.7835364,-0.015819627706524453,0.021349274124679685
2025-11-28,768,24.0282768,24.36443328857422,23.55168288,0.01399003729531767,-0.01983471074380161
2025-11-28,603662,60.84270114,63.7038459777832,62.95957395,0.047025276395925575,0.034792551453773246
2025-11-28,603619,23.14338793,21.423315048217773,21.4824744,-0.07432243226379809,-0.0717662226042114
2025-11-28,2241,28.96458486,28.595535278320312,30.04690908,-0.012741407600470822,0.037367158039081305
2025-11-28,2342,7.1436079,6.843966484069824,7.18357214,-0.041945389518113885,0.005594405594405494
2025-11-28,2273,23.55293312,23.356775283813477,24.17955254,-0.008328382507058252,0.026604729729729826
2025-11-28,2371,421.618934,419.46331787109375,449.38383963,-0.005112711871014475,0.0658530805687203
2025-11-28,2353,51.0627888,48.988677978515625,66.38162544,-0.04061883164290425,0.2999999999999998
2025-11-28,2463,69.80494745,61.20779800415039,70.44198105,-0.12315960057140063,0.009125909026094225
2025-11-28,2475,56.64489728,57.60548782348633,59.30012684,0.01695811255051005,0.046875
2025-11-28,2384,73.58,65.15105438232422,69.3,-0.11455484666588445,-0.05816798042946458
2025-11-28,2422,33.97855934,33.16279602050781,33.6235889,-0.02400817854957893,-0.010446894950667307
2025-11-28,2517,21.82045021,20.87407875061035,21.93963337,-0.043370849376697995,0.005461993627674078
2025-11-28,2555,20.3251872,19.011625289916992,19.37441472,-0.06462729701613801,-0.04677804295942711
2025-11-28,2595,46.2190566,42.396480560302734,48.84359005,-0.08270562665914016,0.05678466076696176
2025-11-28,2558,40.4032563,32.597877502441406,39.26164095,-0.19318687433514103,-0.02825552825552835
2025-11-28,300308,523.380632,478.494384765625,534.867039,-0.08576214802380189,0.021946564885496178
2025-11-28,300274,180.0633453,157.7845001220703,176.6995355,-0.12372782001140403,-0.018681257945061702
2025-11-28,2601,17.80893387,18.13726806640625,17.7989903,0.01843648804599951,-0.0005583472920156485
2025-11-28,2916,196.66769564,175.59283447265625,194.1231222,-0.10715975035331304,-0.012938441322146943
2025-11-28,300033,224.35454733,218.6070556640625,222.1839861,-0.02561789691511618,-0.009674692382353856
2025-11-28,300014,71.44926498,64.37579345703125,69.28655184,-0.0989999200824353,-0.030269214674292
2025-11-28,300059,23.1843621,22.603208541870117,22.27887843,-0.025066618422504905,-0.039055793991416454
2025-11-28,300034,15.8642727,16.24335479736328,16.68243016,0.02389533415945877,0.051572327044025146
2025-11-28,300394,110.59049157,96.4052734375,133.43021976,-0.12826797250938382,0.20652524340705392
2025-11-28,300191,18.21201984,17.498390197753906,18.08221926,-0.03918454122692705,-0.007127192982456232
2025-11-28,300164,5.57,5.385157108306885,5.93,-0.033185438365011755,0.06463195691202861
2025-11-28,300580,23.39153376,23.227380752563477,23.88880276,-0.0070176248005263675,0.021258503401360596
2025-11-28,300476,275.39084577,234.66468811035156,272.241194,-0.1478849362104867,-0.011437024208969193
2025-11-28,300474,73.1,73.63128662109375,75.29,0.0072679428330200135,0.029958960328317463
2025-11-28,300433,26.9466597,25.909481048583984,28.0768728,-0.038490063813587105,0.04194260485651213
2025-11-28,300418,43.85,41.40461730957031,39.89,-0.05576699408049457,-0.09030786773090083
2025-11-28,600406,21.64632235,21.761890411376953,21.95989515,0.005338923605974877,0.014486192847442458
2025-11-28,600426,21.38868106,19.15167236328125,21.74655504,-0.10458843583872435,0.016731933072267724
2025-11-28,600316,33.08493573,35.64753341674805,31.69598796,0.07745512059207038,-0.041981274539414026
2025-11-28,600362,36.354524,32.95532989501953,40.52426472,-0.09350126836980366,0.11469661162390676
2025-11-28,600428,6.6355499,6.507874011993408,7.0727384,-0.019241191752109588,0.06588579795021965
2025-11-28,300502,243.1127472,205.50912475585938,266.97460575,-0.15467565101884806,0.09815140845070425
2025-11-28,300760,194.311481,200.14825439453125,197.974,0.030038232246972996,0.018848700967906362
2025-11-28,300750,364.150912,333.8194274902344,376.0701835,-0.08329372112012079,0.03273168103448265
2025-11-28,400,24.8988521,24.098819732666016,24.97805322,-0.03213129521476954,0.0031809145129224614
2025-11-28,426,32.9,29.463085174560547,34.71,-0.10446549621396506,0.05501519756838924
2025-11-28,600160,33.08838555,32.462554931640625,33.62095569,-0.018913906132218994,0.016095380029806483
2025-11-28,600183,57.52852755,52.157779693603516,56.8821396,-0.09335799272332468,-0.011235955056179692
2025-11-28,600118,41.7931448,37.69833755493164,45.96246092,-0.09797796420116156,0.09976076555023927
2025-11-28,600111,44.3073732,44.5516357421875,46.5312184,0.005512909580193792,0.05019131217645745
2025-11-28,600089,21.03030872,19.096946716308594,21.148346,-0.09193217415076571,0.005612722170252438
2025-11-28,600026,11.7922365,11.600401878356934,11.37317355,-0.016267874346233335,-0.035537190082644554
2025-11-28,600309,64.8382192,61.49063491821289,66.58953984,-0.05162979987869731,0.027010622154780117
2025-11-28,600489,22.14,19.339542388916016,22.13,-0.12648860031996323,-0.0004516711833785214
2025-11-28,600276,61.83760415,58.75840759277344,61.00101875,-0.04979488774754803,-0.013528748590755257
2025-11-28,601808,13.67307054,13.591851234436035,13.9760478,-0.0059400926314510105,0.022158684774839177
2025-11-28,601872,8.5156828,8.315299034118652,8.70273248,-0.023531144899073486,0.021965317919075078
2025-11-28,601899,28.180724,25.45090103149414,30.2400846,-0.09686844697481378,0.07307692307692304
2025-11-28,601975,3.1123155,3.0535809993743896,3.082485,-0.018871640945659296,-0.009584664536741117
2025-12-05,2050,44.39365329,37.73133087158203,44.77029067,-0.15007375885234275,0.008484036615315826
2025-12-05,2028,149.3673,131.21731567382812,153.23093416,-0.12151243495846731,0.025866666666666704
2025-12-05,2179,32.754622,35.559242248535156,32.3797197,0.08562517523588453,-0.011445783132529974
2025-12-05,2156,36.70887675,33.13567352294922,36.66892151,-0.09733894205985971,-0.001088435374149821
2025-12-05,21,23.7835364,22.824804306030273,23.6443351,-0.04031074596499984,-0.005852842809364489
2025-12-05,768,23.55168288,23.425823211669922,23.67083136,-0.005343977709421299,0.005059021922428242
2025-12-05,603662,62.95957395,63.38294982910156,64.01304117,0.006724567091857869,0.016732438831886354
2025-12-05,603619,21.4824744,20.621051788330078,21.93002595,-0.040098854332623945,0.02083333333333326
2025-12-05,2241,30.04690908,26.79269790649414,29.0936694,-0.10830435719166687,-0.03172504957038991
2025-12-05,2342,7.18357214,6.745455741882324,7.1436079,-0.06098865433231049,-0.0055632823365785455
2025-12-05,2273,24.17955254,23.34210205078125,23.9706794,-0.03463465619694006,-0.008638420403126235
2025-12-05,2371,449.38383963,410.43756103515625,452.6908507,-0.08666595271185129,0.007358989750772649
2025-12-05,2353,66.38162544,50.337440490722656,72.13489872,-0.24169617485156503,0.08666966561703404
2025-12-05,2463,70.44198105,61.2894287109375,70.0936033,-0.1299303654246461,-0.004945598417408492
2025-12-05,2475,59.30012684,54.49323272705078,57.927761,-0.08106043560275822,-0.023142713399295634
2025-12-05,2384,69.3,55.33859634399414,78.76,-0.20146325621942074,0.1365079365079367
2025-12-05,2422,33.6235889,31.57033920288086,31.54306771,-0.06106575069144815,-0.0618768328445749
2025-12-05,2517,21.93963337,20.106271743774414,21.83038214,-0.08356391354891568,-0.004979628791308199
2025-12-05,2555,19.37441472,18.797319412231445,19.7915904,-0.029786464061431817,0.021532298447671572
2025-12-05,2595,48.84359005,45.944969177246094,56.69673949,-0.059344959487757976,0.16078157711095598
2025-12-05,2558,39.26164095,35.7258186340332,41.61436128,-0.09005793518589034,0.059924146649810384
2025-12-05,300308,534.867039,430.24041748046875,586.11639058,-0.19561239315689305,0.09581699346405248
2025-12-05,300274,176.6995355,158.2826690673828,173.2163005,-0.10422702233202641,-0.01971275696986774
2025-12-05,2601,17.7989903,17.035978317260742,17.5006832,-0.042868273417692504,-0.016759776536312776
2025-12-05,2916,194.1231222,181.08358764648438,192.57252276,-0.06717146523164486,-0.007987711213517712
2025-12-05,300033,222.1839861,214.8090057373047,221.4112944,-0.03319312292550192,-0.0034777110338286565
2025-12-05,300014,69.28655184,67.60752868652344,70.27322742,-0.024233030925739363,0.014240506329113778
2025-12-05,300059,22.27887843,21.552358627319336,22.72664508,-0.03261025033030185,0.020098258150960335
2025-12-05,300034,16.68243016,16.258039474487305,17.21123925,-0.025439380320636307,0.03169856459330145
2025-12-05,300394,133.43021976,114.05418395996094,156.64787664,-0.1452147484647076,0.17400598546387336
2025-12-05,300191,18.08221926,17.730051040649414,17.7227715,-0.019475940109277556,-0.019878520154610668
2025-12-05,300164,5.93,5.601456642150879,5.5,-0.055403601660897306,-0.07251264755480602
2025-12-05,300580,23.88880276,24.079448699951172,23.55065984,0.00798055649194751,-0.014154870940882525
2025-12-05,300476,272.241194,253.18136596679688,296.087138,-0.0700108156049416,0.0875912408759123
2025-12-05,300474,75.29,75.9883804321289,75.92,0.009275872388483153,0.008367645105591626
2025-12-05,300433,28.0768728,27.31338882446289,30.38686975,-0.02719262864406713,0.0822740112994349
2025-12-05,300418,39.89,36.874942779541016,39.82,-0.07558428730155387,-0.0017548257708699389
2025-12-05,600406,21.95989515,21.601417541503906,22.2636688,-0.016324194903821976,0.013833110218652411
2025-12-05,600426,21.74655504,19.488115310668945,20.93182066,-0.10385275852552023,-0.03746498599439785
2025-12-05,600316,31.69598796,32.11170196533203,30.86661627,0.01311566643250428,-0.026166456494325252
2025-12-05,600362,40.52426472,37.25661849975586,40.59326736,-0.0806343123760973,0.0017027487229384075
2025-12-05,600428,7.0727384,6.7586798667907715,6.80071,-0.04440409293368308,-0.03846153846153855
2025-12-05,300502,266.97460575,213.7066650390625,297.12115709,-0.19952437259451794,0.11291917167668664
2025-12-05,300760,197.974,201.75405883789062,193.7868499,0.01909371350728195,-0.021150000000000002
2025-12-05,300750,376.0701835,344.7659912109375,381.6030799,-0.08324029306902625,0.014712403808530228
2025-12-05,400,24.97805322,24.412954330444336,25.43345966,-0.022623816379059858,0.01823226317875548
2025-12-05,426,34.71,27.612445831298828,33.8,-0.2044815375598148,-0.02621722846441954
2025-12-05,600160,33.62095569,32.00946044921875,35.48495118,-0.04793127404348485,0.05544147843942504
2025-12-05,600183,56.8821396,47.72664260864258,61.56596613,-0.16095556629444063,0.08234265734265733
2025-12-05,600118,45.96246092,42.388648986816406,52.5913736,-0.07775501706499122,0.14422449423537098
2025-12-05,600111,46.5312184,44.82471466064453,45.673592,-0.036674383307260805,-0.018431204457779682
2025-12-05,600089,21.148346,19.87554931640625,21.97460696,-0.06018421883175873,0.039069767441860526
2025-12-05,600026,11.37317355,11.414260864257812,10.9541106,0.003612651655861887,-0.03684661525278499
2025-12-05,600309,66.58953984,65.74840545654297,67.36681136,-0.01263162931412487,0.011672576832151282
2025-12-05,600489,22.13,21.366493225097656,21.8,-0.034500983954014575,-0.014911884319927626
2025-12-05,600276,61.00101875,58.36574935913086,63.142279,-0.04320041607287317,0.03510204081632651
2025-12-05,601808,13.9760478,13.572587966918945,13.42873404,-0.028867948854686576,-0.03916083916083912
2025-12-05,601872,8.70273248,8.773641586303711,8.0726704,0.00814791290743111,-0.07239819004524883
2025-12-05,601899,30.2400846,29.764114379882812,30.5061264,-0.015739711922538313,0.008797653958944274
2025-12-05,601975,3.082485,3.0036282539367676,2.9929935,-0.02558219944727469,-0.02903225806451626
2025-12-12,2050,44.77029067,36.756587982177734,42.50055488,-0.1789959941714684,-0.05069736550808057
2025-12-12,2028,153.23093416,140.5172119140625,143.5917644,-0.08297098960880933,-0.06290616064465826
2025-12-12,2179,32.3797197,35.4245719909668,33.02099995,0.09403578286586578,0.019804996953077136
2025-12-12,2156,36.66892151,35.90729904174805,35.70999575,-0.020770244580120778,-0.026150912557886152
2025-12-12,21,23.6443351,23.257667541503906,23.7238787,-0.016353496804234258,0.003364171572750152
2025-12-12,768,23.67083136,24.078142166137695,24.24671568,0.01720728773497937,0.02432885906040272
2025-12-12,603662,64.01304117,65.1536636352539,61.83653814,0.017818595155083328,-0.034000931532370604
2025-12-12,603619,21.93002595,20.73706817626953,21.95986272,-0.05439837492442501,0.0013605442176869431
2025-12-12,2241,29.0936694,28.9666690826416,27.46521828,-0.004365221712404499,-0.055972696245733866
2025-12-12,2342,7.1436079,6.984716892242432,7.2934738,-0.022242403276020895,0.020979020979021046
2025-12-12,2273,23.9706794,25.276290893554688,23.74191358,0.054467020803535826,-0.009543568464730368
2025-12-12,2371,452.6908507,422.63348388671875,442.6998807,-0.06639711575085572,-0.02207018318252041
2025-12-12,2353,72.13489872,63.79325866699219,69.5270136,-0.1156394505437216,-0.03615289085138662
2025-12-12,2463,70.0936033,67.11459350585938,67.79431015,-0.04250045159456972,-0.03280318091451284
2025-12-12,2475,57.927761,56.470733642578125,56.66478664,-0.02515248875960996,-0.021802575107295996
2025-12-12,2384,78.76,74.41657257080078,76.35,-0.05514763114778087,-0.030599288979177408
2025-12-12,2422,31.54306771,30.136611938476562,30.58661958,-0.0445884269866863,-0.03032197561738037
2025-12-12,2517,21.83038214,21.083168029785156,22.02902074,-0.034228173626228875,0.009099181073703333
2025-12-12,2555,19.7915904,18.09869384765625,21.65432832,-0.08553615541395554,0.09411764705882364
2025-12-12,2595,56.69673949,48.36224365234375,55.65374308,-0.14700132516661324,-0.01839605627028973
2025-12-12,2558,41.61436128,37.180572509765625,43.1828415,-0.10654467914097876,0.0376908396946567
2025-12-12,300308,586.11639058,573.89697265625,570.5248416,-0.02084810819171623,-0.026601455326255685
2025-12-12,300274,173.2163005,149.965576171875,160.5373251,-0.13422942448840136,-0.07319735708129838
2025-12-12,2601,17.5006832,17.191200256347656,18.12,-0.017684049251994072,0.035388149875200225
2025-12-12,2916,192.57252276,187.88458251953125,215.37428632,-0.024343765004892437,0.11840611128316314
2025-12-12,300033,221.4112944,213.0155792236328,219.163464,-0.03791909170270036,-0.010152284263959421
2025-12-12,300014,70.27322742,69.89173889160156,68.3198091,-0.005428646760713085,-0.02779747553538503
2025-12-12,300059,22.72664508,22.450204849243164,22.74654582,-0.01216370607204631,0.0008756567425569628
2025-12-12,300034,17.21123925,16.689836502075195,18.72782381,-0.030294317588130837,0.08811594202898565
2025-12-12,300394,156.64787664,134.42630004882812,156.02750313,-0.14185686437512546,-0.003960305899490035
2025-12-12,300191,17.7227715,16.640256881713867,17.68283286,-0.061080436447884745,-0.0022535211267604716
2025-12-12,300164,5.5,5.343416690826416,5.36,-0.02846969257701526,-0.025454545454545396
2025-12-12,300580,23.55065984,25.01112937927246,22.68541178,0.06201395413948885,-0.036739864864865024
2025-12-12,300476,296.087138,243.64224243164062,288.4365643,-0.17712655781879783,-0.02583892617449668
2025-12-12,300474,75.92,74.69010925292969,75.78,-0.016199825435594284,-0.0018440463645943428
2025-12-12,300433,30.38686975,29.586708068847656,28.34455485,-0.02633248135577848,-0.06721044045676994
2025-12-12,300418,39.82,38.619354248046875,39.95,-0.030151827020420074,0.003264691109994944
2025-12-12,600406,22.2636688,21.931081771850586,22.4400535,-0.014938554428613138,0.007922535211267512
2025-12-12,600426,20.93182066,19.24216651916504,22.60697546,-0.08072179521697476,0.08002910149145159
2025-12-12,600316,30.86661627,32.4151725769043,30.88660113,0.05016929271931159,0.0006474587245062224
2025-12-12,600362,40.59326736,36.7619514465332,40.42568952,-0.09438303843563278,-0.00412821758135018
2025-12-12,600428,6.80071,6.616823196411133,7.0047313,-0.027039353771718955,0.030000000000000027
2025-12-12,300502,297.12115709,274.82586669921875,303.5342545,-0.07503770720719105,0.021584115627475864
2025-12-12,300760,193.7868499,197.07608032226562,195.7665899,0.01697344491622088,0.010216069877918121
2025-12-12,300750,381.6030799,345.2701721191406,364.93572,-0.0952112540349006,-0.043677215352579735
2025-12-12,400,25.43345966,24.39594078063965,25.30475784,-0.04079346236139825,-0.005060334760607188
2025-12-12,426,33.8,36.5549430847168,34.78,0.08150719185552657,0.028994082840236857
2025-12-12,600160,35.48495118,34.79235076904297,35.3074278,-0.01951814467614088,-0.005002779321845563
2025-12-12,600183,61.56596613,55.1389045715332,60.8599116,-0.10439309187312507,-0.01146826037796811
2025-12-12,600118,52.5913736,43.712379455566406,56.30076516,-0.16882985814300144,0.07053231939163496
2025-12-12,600111,45.673592,46.428409576416016,43.9882564,0.01652634582399415,-0.036899563318777306
2025-12-12,600089,21.97460696,21.026844024658203,21.26638328,-0.043129915227471116,-0.0322291853178156
2025-12-12,600026,10.9541106,11.166825294494629,11.54859525,0.01941870976678195,0.05427046263345203
2025-12-12,600309,67.36681136,66.27630615234375,74.32289952,-0.016187573460004212,0.10325690083248151
2025-12-12,600489,21.8,20.261518478393555,22.72,-0.070572546862681,0.04220183486238516
2025-12-12,600276,63.142279,59.4334716796875,59.7561,-0.05873730532140753,-0.05362776025236593
2025-12-12,601808,13.42873404,13.175111770629883,13.46782788,-0.018886536036431756,0.0029112081513829047
2025-12-12,601872,8.0726704,8.00876235961914,8.74211136,-0.007916592306414394,0.08292682926829276
2025-12-12,601899,30.5061264,23.756576538085938,30.5159798,-0.22125227481893806,0.0003229974160205984
2025-12-12,601975,2.9929935,2.997497320175171,3.022824,0.0015047878236857937,0.009966777408637828
2025-12-19,2050,42.50055488,40.88131332397461,47.13914156,-0.03809930389373295,0.10914179104477606
2025-12-19,2028,143.5917644,119.57672119140625,154.07734886,-0.1672452686192757,0.07302357836338436
2025-12-19,2179,33.02099995,34.706687927246094,34.42195065,0.05104896822623628,0.042426053181954027
2025-12-19,2156,35.70999575,35.28582763671875,37.57790322,-0.011878133961448212,0.05230769230769239
2025-12-19,21,23.7238787,22.72254753112793,24.658516,-0.04220773430577651,0.039396479463537304
2025-12-19,768,24.24671568,25.213199615478516,25.08075504,0.03986040617763842,0.03439803439803435
2025-12-19,603662,61.83653814,62.2044563293457,65.74231755,0.005949851017091667,0.06316297010607519
2025-12-19,603619,21.95986272,20.273975372314453,22.10904657,-0.07677130632288154,0.006793478260869623
2025-12-19,2241,27.46521828,26.11992835998535,28.52768334,-0.04898158486489357,0.0386840202458425
2025-12-19,2342,7.2934738,7.383998870849609,7.6431609,0.012411790777888232,0.047945205479452024
2025-12-19,2273,23.74191358,22.16954803466797,24.87579634,-0.0662274142323801,0.04775869291998336
2025-12-19,2371,442.6998807,416.20892333984375,472.7727004,-0.05983954031853034,0.06793048973143767
2025-12-19,2353,69.5270136,60.942100524902344,70.46266704,-0.12347593590727246,0.013457408732999276
2025-12-19,2463,67.79431015,62.3646240234375,72.1042406,-0.08009058746300257,0.06357363089120538
2025-12-19,2475,56.66478664,53.701690673828125,59.10123324,-0.052291663692248136,0.04299754299754288
2025-12-19,2384,76.35,69.13218688964844,85.88,-0.09453586261102231,0.12481990831696144
2025-12-19,2422,30.58661958,32.10932922363281,30.05416392,0.04978352183215695,-0.01740812379110257
2025-12-19,2517,22.02902074,21.922204971313477,21.91976951,-0.0048488659549250634,-0.004959422903516808
2025-12-19,2555,21.65432832,20.604219436645508,21.82896,-0.0484941794470074,0.008064516129032029
2025-12-19,2595,55.65374308,47.90884017944336,57.41933831,-0.13916230017851006,0.03172464478196968
2025-12-19,2558,43.1828415,36.289215087890625,45.67454109,-0.15963809172004984,0.05770114942528726
2025-12-19,300308,570.5248416,556.6312255859375,639.0437564,-0.024352341915732767,0.12009803921568629
2025-12-19,300274,160.5373251,152.01193237304688,167.0758548,-0.053105361769561044,0.04072903105821091
2025-12-19,2601,18.12,18.0282039642334,19.06,-0.005066006388885325,0.05187637969094916
2025-12-19,2916,215.37428632,212.53152465820312,223.147163,-0.013199169271178257,0.03609008676389136
2025-12-19,300033,219.163464,216.6604766845703,227.8738068,-0.011420641332031911,0.039743589743589824
2025-12-19,300014,68.3198091,68.36984252929688,70.62205212,0.0007323414681039697,0.03369803063457333
2025-12-19,300059,22.74654582,22.10529327392578,23.22416358,-0.028191205431745026,0.020997375328083878
2025-12-19,300034,18.72782381,17.18208885192871,19.60584645,-0.08253681654383793,0.046883324453915964
2025-12-19,300394,156.02750313,149.0745849609375,153.1680804,-0.04456213186510738,-0.018326401901192835
2025-12-19,300191,17.68283286,16.67662811279297,18.25195848,-0.056902915679486465,0.032185206098249486
2025-12-19,300164,5.36,5.168975830078125,5.47,-0.03563883767199161,0.020522388059701413
2025-12-19,300580,22.68541178,22.615665435791016,24.49547094,-0.003074502014130176,0.07978956597983355
2025-12-19,300476,288.4365643,248.014404296875,297.58744531,-0.14014228778942983,0.03172580089562538
2025-12-19,300474,75.78,72.50017547607422,75.32,-0.04328087257753732,-0.006070203219847081
2025-12-19,300433,28.34455485,27.808828353881836,28.9691463,-0.018900508367594493,0.022035676810073346
2025-12-19,300418,39.95,36.66560745239258,39.79,-0.0822125794144537,-0.004005006257822408
2025-12-19,600406,22.4400535,22.02939796447754,22.48904925,-0.01830011392452613,0.0021834061135370675
2025-12-19,600426,22.60697546,20.39180564880371,24.07654308,-0.09798612004138874,0.06500505220613007
2025-12-19,600316,30.88660113,33.24728775024414,32.30552619,0.07643076718957009,0.045939825299256
2025-12-19,600362,40.42568952,37.723323822021484,43.29422784,-0.06684773296548374,0.07095830285296256
2025-12-19,600428,7.0047313,6.851912975311279,6.995016,-0.021816443507079453,-0.001386962552011206
2025-12-19,300502,303.5342545,267.8143310546875,319.57769841,-0.11768004077217742,0.052855464159812016
2025-12-19,300760,195.7665899,204.0264129638672,199.3895141,0.04219219974198052,0.018506345755170184
2025-12-19,300750,364.93572,317.77777099609375,365.9265401,-0.12922261762675968,0.0027150537634408334
2025-12-19,400,25.30475784,24.095138549804688,26.41357352,-0.047802049632074795,0.04381846635367759
2025-12-19,426,34.78,33.561866760253906,34.97,-0.03502395743950815,0.0054629097182288255
2025-12-19,600160,35.3074278,33.05366516113281,37.69413102,-0.06383253551161228,0.06759776536312856
2025-12-19,600183,60.8599116,48.898563385009766,70.28723124,-0.196539033668104,0.15490196078431384
2025-12-19,600118,56.30076516,44.296714782714844,72.71807228,-0.2132129171454613,0.29160007103534014
2025-12-19,600111,43.9882564,42.70691680908203,45.9029572,-0.029129128903549018,0.04352754477442766
2025-12-19,600089,21.26638328,19.588470458984375,22.75168572,-0.07889977336172715,0.06984273820536546
2025-12-19,600026,11.54859525,11.431473731994629,11.4803757,-0.010141624627927892,-0.005907172995780585
2025-12-19,600309,74.32289952,69.000732421875,75.47404848,-0.07160871188418627,0.01548848292295446
2025-12-19,600489,22.72,20.758798599243164,23.2,-0.08632048418824101,0.021126760563380254
2025-12-19,600276,59.7561,58.34128952026367,61.150409,-0.023676419306754126,0.023333333333333428
2025-12-19,601808,13.46782788,13.35523796081543,13.4873748,-0.008359916698354009,0.0014513788098693414
2025-12-19,601872,8.74211136,8.580404281616211,8.77164552,-0.01849748553006192,0.0033783783783782884
2025-12-19,601899,30.5159798,29.75811004638672,31.5604402,-0.024835176801804026,0.034226670971908346
2025-12-19,601975,3.022824,2.920522451400757,3.022824,-0.033843038363875366,0.0
2025-12-26,2050,47.13914156,42.0240478515625,55.78197828,-0.10851054005569594,0.1833473507148864
2025-12-26,2028,154.07734886,147.12008666992188,150.5124493,-0.0451543477451688,-0.02313707748982108
2025-12-26,2179,34.42195065,35.8788948059082,35.29014545,0.042326019542654914,0.025222126683863477
2025-12-26,2156,37.57790322,36.26832962036133,39.49575474,-0.03484956550054885,0.05103668261562988
2025-12-26,21,24.658516,23.790874481201172,26.19967325,-0.035186282856552564,0.0625
2025-12-26,768,25.08075504,24.913225173950195,25.70628456,-0.0066796181288250045,0.02494061757719712
2025-12-26,603662,65.74231755,64.94995880126953,70.18476894,-0.012052491884361083,0.06757369614512476
2025-12-26,603619,22.10904657,20.77861785888672,23.42186445,-0.06017576139708147,0.05937921727395423
2025-12-26,2241,28.52768334,26.806732177734375,29.16317646,-0.06032565426904468,0.022276366167768957
2025-12-26,2342,7.6431609,6.866139888763428,8.66224902,-0.10166226007836265,0.13333333333333353
2025-12-26,2273,24.87579634,24.065135955810547,25.363167,-0.03258831890683722,0.019592163134745988
2025-12-26,2371,472.7727004,430.05999755859375,474.08151747,-0.09034511257792222,0.0027683854606930236
2025-12-26,2353,70.46266704,60.98720169067383,71.44808928,-0.13447497444209955,0.013985026133634726
2025-12-26,2463,72.1042406,64.17886352539062,75.59797175,-0.10991554738889198,0.048453892876863636
2025-12-26,2475,59.10123324,56.04106140136719,58.2261014,-0.05177847687553283,-0.014807336362106738
2025-12-26,2384,85.88,77.97273254394531,84.66,-0.09207344499365022,-0.014205868653935694
2025-12-26,2422,30.05416392,31.187440872192383,29.75835522,0.03770781829795733,-0.009842519685039464
2025-12-26,2517,21.91976951,21.818458557128906,23.16126076,-0.004621898639256772,0.05663797009515181
2025-12-26,2555,21.82896,21.315704345703125,25.18576896,-0.02351260226308871,0.1537777777777778
2025-12-26,2595,57.41933831,49.64527130126953,57.96469591,-0.13539109362004886,0.009497803632909863
2025-12-26,2558,45.67454109,43.255611419677734,44.25496722,-0.05296013079925321,-0.031080199956531218
2025-12-26,300308,639.0437564,522.0853881835938,622.77301118,-0.1830209074810174,-0.025461081587996204
2025-12-26,300274,167.0758548,140.5176544189453,171.0069343,-0.15895893762055846,0.023528710984036305
2025-12-26,2601,19.06,18.238563537597656,19.68,-0.043097400965495414,0.03252885624344182
2025-12-26,2916,223.147163,214.9496612548828,240.95917708,-0.03673585464815965,0.07982182628062362
2025-12-26,300033,227.8738068,224.38511657714844,233.28967317,-0.015309746529637458,0.0237669543773118
2025-12-26,300014,70.62205212,67.6218490600586,68.73839874,-0.042482524507267305,-0.026672311600338894
2025-12-26,300059,23.22416358,23.156585693359375,23.63212875,-0.0029098092772141815,0.01756640959725786
2025-12-26,300034,19.60584645,17.143665313720703,19.81537458,-0.12558402630350596,0.010687022900763399
2025-12-26,300394,153.1680804,145.521240234375,145.1816628,-0.049924502191678655,-0.05214152700186225
2025-12-26,300191,18.25195848,17.151905059814453,18.99082332,-0.0602704318767191,0.040481400437636816
2025-12-26,300164,5.47,5.102318286895752,5.87,-0.06721786345598679,0.07312614259597816
2025-12-26,300580,24.49547094,25.320919036865234,25.87787876,0.03369798845211491,0.056435241575314654
2025-12-26,300476,297.58744531,256.06689453125,308.01011,-0.1395238657850556,0.03502387232479709
2025-12-26,300474,75.32,72.9084701538086,74.0,-0.032017124883050974,-0.017525225703664327
2025-12-26,300433,28.9691463,27.651086807250977,31.7649366,-0.045498734381034245,0.0965092402464065
2025-12-26,300418,39.79,37.147308349609375,43.77,-0.06641597512919384,0.10002513194269924
2025-12-26,600406,22.48904925,22.16029167175293,22.68503225,-0.014618562776595456,0.008714596949890963
2025-12-26,600426,24.07654308,20.988914489746094,23.84049854,-0.12824218908813156,-0.009803921568627527
2025-12-26,600316,32.30552619,34.19652557373047,34.5738078,0.05853485786329071,0.0702134240643364
2025-12-26,600362,43.29422784,40.63995361328125,53.5263336,-0.06130780843414041,0.23633879781420775
2025-12-26,600428,6.995016,6.688902854919434,6.8687171,-0.04376160756180769,-0.018055555555555602
2025-12-26,300502,319.57769841,309.8092956542969,304.34035017,-0.030566597119586203,-0.04767963570615408
2025-12-26,300760,199.3895141,207.54405212402344,197.578052,0.04089752693781912,-0.009085041950057104
2025-12-26,300750,365.9265401,349.4757995605469,370.331275,-0.04495640172740001,0.012037210798638176
2025-12-26,400,26.41357352,25.079301834106445,26.235371,-0.05051462214619551,-0.006746626686656598
2025-12-26,426,34.97,30.719518661499023,39.16,-0.1215465066771797,0.11981698598798962
2025-12-26,600160,37.69413102,35.15288162231445,37.21087293,-0.06741764112660387,-0.012820512820512775
2025-12-26,600183,70.28723124,64.2684326171875,72.84294975,-0.08563146558243195,0.036361063950198114
2025-12-26,600118,72.71807228,45.76384353637695,99.4336902,-0.37066753694784615,0.3673862230166369
2025-12-26,600111,45.9029572,44.32483673095703,46.720694,-0.03437949459698364,0.01781446882467952
2025-12-26,600089,22.75168572,21.98463249206543,22.50577472,-0.03371412726839351,-0.01080847384349326
2025-12-26,600026,11.4803757,11.18558406829834,11.39266485,-0.025677873216436664,-0.007640067911714787
2025-12-26,600309,75.47404848,67.78701782226562,76.08405904,-0.10184998436610126,0.008082388215356673
2025-12-26,600489,23.2,21.66046142578125,24.22,-0.06635942130253225,0.043965517241379315
2025-12-26,600276,61.150409,60.882877349853516,62.8235798,-0.004374977281778936,0.02736156351791519
2025-12-26,601808,13.4873748,13.1661958694458,13.81967244,-0.023813302093021016,0.02463768115942022
2025-12-26,601872,8.77164552,8.065417289733887,8.83071384,-0.0805126277225705,0.006734006734006703
2025-12-26,601899,31.5604402,31.427967071533203,34.881036,-0.004197442355914793,0.105213862004371
2025-12-26,601975,3.022824,2.9932608604431152,3.0526545,-0.009779973811536724,0.009868421052631637
2026-01-02,2050,54.82056181,45.101539611816406,56.63436814,-0.17728789850546034,0.0330862411860422
2026-01-02,2028,153.93793938,145.89869689941406,158.8770181,-0.05222391902194323,0.03208486965521695
2026-01-02,2179,34.9645724,35.294986724853516,38.36829065,0.009449974707927966,0.09734762979683964
2026-01-02,2156,37.6578137,36.919612884521484,41.78319223,-0.01960285908681192,0.10954907161803717
2026-01-02,21,25.1357776,23.483755111694336,26.63716305,-0.06572394594650077,0.05973101265822778
2026-01-02,768,25.19990352,25.37253189086914,29.75733288,0.0068503584044332655,0.18085106382978733
2026-01-02,603662,71.556264,70.49274444580078,69.41951445,-0.01486270376272325,-0.029861111111111227
2026-01-02,603619,22.92458495,21.430208206176758,24.30702196,-0.06518664338231528,0.06030368763557492
2026-01-02,2241,28.52768334,29.115121841430664,29.70930336,0.020591875422530048,0.041420118343195256
2026-01-02,2342,9.1917752,8.488920211791992,10.97018388,-0.07646564161055724,0.19347826086956532
2026-01-02,2273,24.98520608,24.94435691833496,25.49246942,-0.0016349339498840099,0.02030254777070062
2026-01-02,2371,458.66545076,441.88934326171875,497.0507575,-0.03657591272785765,0.08368911736516504
2026-01-02,2353,70.50248208,60.23601531982422,76.0467264,-0.1456185152251277,0.07863899477622494
2026-01-02,2463,72.73132055,72.44950866699219,69.67555,-0.0038746977351261647,-0.04201450663747097
2026-01-02,2475,56.39628028,53.9608268737793,55.3421442,-0.04318464611724393,-0.01869158878504673
2026-01-02,2384,84.65,73.67854309082031,81.46,-0.12960965043330996,-0.03768458357944493
2026-01-02,2422,28.93995115,32.8103141784668,33.36722136,0.1337377180910273,0.1529812606473595
2026-01-02,2517,21.72113091,21.33109474182129,25.05825939,-0.017956531351650096,0.1536351165980796
2026-01-02,2555,22.8961536,20.691545486450195,26.47610304,-0.09628726955910216,0.15635593220338984
2026-01-02,2595,57.61021347,48.4951286315918,57.3307177,-0.15821994555105756,-0.004851496864276328
2026-01-02,2558,42.97437261,35.59166717529297,46.4587812,-0.17179321037927386,0.08108108108108092
2026-01-02,300308,609.27898,557.4561767578125,582.5106576,-0.08505595128554666,-0.04393442622950838
2026-01-02,300274,170.2207184,156.0321044921875,168.2402505,-0.08335421234958496,-0.011634705332086104
2026-01-02,2601,19.58,18.58104133605957,20.39,-0.05101933932280023,0.04136874361593468
2026-01-02,2916,230.89022046,217.6627197265625,230.8504615,-0.05728913380170231,-0.00017219854492234177
2026-01-02,300033,226.31437446,223.53826904296875,249.7901532,-0.012266589003262496,0.10373083369544966
2026-01-02,300014,65.53917792,61.044898986816406,69.00749208,-0.06857392899663017,0.05291970802919721
2026-01-02,300059,23.06495766,23.8260498046875,24.01024281,0.032997768992544474,0.040983606557376984
2026-01-02,300034,19.53600374,17.44182014465332,21.0525883,-0.10719610946116054,0.07763023493360555
2026-01-02,300394,144.77521119,139.53695678710938,141.901527,-0.036181984193523586,-0.019849283357139424
2026-01-02,300191,18.45165168,18.085119247436523,20.00925864,-0.019864478200657065,0.08441558441558428
2026-01-02,300164,5.52,5.288118362426758,6.57,-0.042007543038630746,0.1902173913043479
2026-01-02,300580,26.14640402,26.30097198486328,26.07678636,0.0059116337659683715,-0.0026626093571699982
2026-01-02,300476,285.73402398,239.30764770507812,292.9076788,-0.16248109212983164,0.0251060574448847
2026-01-02,300474,71.87,72.01795196533203,75.55,0.002058605333686181,0.051203561986920665
2026-01-02,300433,30.01013205,28.178237915039062,38.35784635,-0.061042521635986446,0.27816319788569555
2026-01-02,300418,41.7,41.030296325683594,54.02,-0.016060040151472665,0.29544364508393284
2026-01-02,600406,22.0284892,21.89190673828125,23.2043872,-0.0062002645972992765,0.053380782918149405
2026-01-02,600426,23.93187062,21.876527786254883,25.32529484,-0.0858830831229489,0.05822462615335655
2026-01-02,600316,34.88357313,34.29425811767578,38.93050728,-0.01689376859784497,0.1160126038384417
2026-01-02,600362,54.13749984,36.62330627441406,55.694988,-0.32351315848253137,0.02876911871813559
2026-01-02,600428,6.897863,6.665708541870117,6.9270089,-0.03365599724579671,0.004225352112676051
2026-01-02,300502,307.37212592,281.01788330078125,284.07382098,-0.08574050929419008,-0.07579836613442248
2026-01-02,300760,188.5207415,203.94439697265625,201.6167216,0.08181410358316588,0.06946705171961143
2026-01-02,300750,360.2857326,340.6106262207031,362.2183223,-0.05460972944254994,0.005364047268964667
2026-01-02,400,25.45325994,24.649681091308594,27.44318808,-0.03157076345370502,0.07817969661610258
2026-01-02,426,35.6,33.1710205078125,42.27,-0.0682297610165028,0.18735955056179776
2026-01-02,600160,37.89137922,36.65131378173828,37.28977221,-0.03272684879222287,-0.0158771473191045
2026-01-02,600183,71.01317463,61.59257125854492,70.22756466,-0.13265993839226664,-0.011062876347850414
2026-01-02,600118,94.9344282,63.001220703125,106.0326078,-0.33637119959895645,0.11690363349131117
2026-01-02,600111,45.9927088,44.32919692993164,49.2736284,-0.036169034472445794,0.07133564614050303
2026-01-02,600089,21.85656968,20.304363250732422,24.53208136,-0.07101784278106249,0.12241224122412242
2026-01-02,600026,11.3829192,11.594104766845703,12.38672115,0.0185528477480279,0.08818493150684925
2026-01-02,600309,75.44453184,70.7611083984375,78.0715128,-0.06207770566453952,0.03482003129890443
2026-01-02,600489,23.36,21.7545166015625,24.93,-0.06872788520708473,0.06720890410958913
2026-01-02,600276,59.32784795,59.39712142944336,63.5207343,0.0011676385009236068,0.0706731576296793
2026-01-02,601808,13.72193784,13.553202629089355,14.21061084,-0.012296747943193242,0.03561253561253541
2026-01-02,601872,8.84055856,8.203099250793457,9.67735976,-0.07210622551507007,0.09465478841870834
2026-01-02,601899,33.9646698,31.511009216308594,36.6743548,-0.07224155565591306,0.07977951842181596
2026-01-02,601975,3.002937,2.9399948120117188,3.201807,-0.020960209284537568,0.0662251655629138
2026-01-09,2050,53.88887987,46.8214225769043,54.22555716,-0.13114871398598438,0.0062476208600401595
2026-01-09,2028,152.24510998,128.13125610351562,168.287158,-0.1583883638670046,0.10536987376545226
2026-01-09,2179,37.9835225,37.58563995361328,36.27673045,-0.01047513553769841,-0.04493506493506483
2026-01-09,2156,39.95524,37.54441452026367,42.5523306,-0.06033815538928888,0.06499999999999995
2026-01-09,21,26.6073342,24.606979370117188,27.9396895,-0.07518058046877962,0.05007473841554555
2026-01-09,768,29.5885392,27.140762329101562,28.5956352,-0.08272719563318076,-0.03355704697986572
2026-01-09,603662,68.7735204,71.06663513183594,67.72005318,0.03334298896579302,-0.01531791907514457
2026-01-09,603619,22.92458495,20.989383697509766,26.07733698,-0.08441597772483267,0.13752711496746195
2026-01-09,2241,29.07381024,29.709012985229492,30.62282472,0.021847935994146805,0.05327868852459017
2026-01-09,2342,9.97107788,7.932175159454346,12.5887356,-0.20448167641286674,0.26252505010020055
2026-01-09,2273,25.20402556,23.755584716796875,26.17876688,-0.05746863094369625,0.03867403314917128
2026-01-09,2371,506.21247699,463.29681396484375,506.27242281,-0.08477796375217372,0.00011842027355091211
2026-01-09,2353,72.87147696,63.88044738769531,80.5259184,-0.12338201375059221,0.1050402950416609
2026-01-09,2463,70.89984895,64.10923767089844,75.39889875,-0.09577751405211654,0.06345640881650971
2026-01-09,2475,54.85485488,52.139774322509766,57.05262916,-0.049495720359295836,0.04006526468455407
2026-01-09,2384,81.11,70.79983520507812,79.38,-0.12711336203824286,-0.02132905930218232
2026-01-09,2422,32.98267005,34.07139587402344,32.2431483,0.03300902632724956,-0.022421524663677195
2026-01-09,2517,24.20411341,22.900718688964844,27.32273943,-0.05385013278349027,0.12884694296265886
2026-01-09,2555,26.01041856,20.788597106933594,28.377648,-0.20075883980955078,0.09101081685938084
2026-01-09,2595,55.44241701,49.18270492553711,56.55358312,-0.11290474734053968,0.020041804992007917
2026-01-09,2558,45.27745749,40.3372802734375,45.71424945,-0.1091089802834797,0.009647007235255245
2026-01-09,300308,594.7461781,528.4927978515625,624.28122636,-0.11139774022607962,0.04965992106809991
2026-01-09,300274,170.1311495,165.955322265625,164.6674466,-0.024544754130254032,-0.03211465340742903
2026-01-09,2601,20.32,18.842432022094727,19.84,-0.07271495954258234,-0.023622047244094557
2026-01-09,2916,235.571838,221.37875366210938,221.159215,-0.060249495263905994,-0.06118143459915626
2026-01-09,300033,243.97389204,230.00123596191406,272.7601701,-0.05727111192616918,0.1179891742485315
2026-01-09,300014,68.768298,65.66778564453125,67.6719918,-0.04508636167596802,-0.01594202898550723
2026-01-09,300059,23.880888,23.526771545410156,23.94059022,-0.014828445851336913,0.0025000000000001688
2026-01-09,300034,20.952813,17.08693504333496,22.39955485,-0.18450400701161407,0.06904761904761925
2026-01-09,300394,139.22750325,147.71734619140625,138.10797864,0.06097820289258293,-0.008040973111395733
2026-01-09,300191,19.45011768,19.590085983276367,22.34566908,0.007196270252919357,0.14887063655030786
2026-01-09,300164,6.03,5.709717273712158,8.06,-0.053114879981399965,0.33665008291873977
2026-01-09,300580,25.6093535,27.241989135742188,25.62924426,0.06375153655254073,0.0007766990291262488
2026-01-09,300476,293.8019017,276.5799560546875,281.25297367,-0.058617543132507444,-0.042712208319242384
2026-01-09,300474,74.87,74.32123565673828,75.0,-0.007329562485130503,0.001736342994523854
2026-01-09,300433,33.6089685,30.65772247314453,38.08025015,-0.08781126462882882,0.13303834808259563
2026-01-09,300418,45.02,42.60530090332031,62.31,-0.05363614164104158,0.3840515326521545
2026-01-09,600406,23.13579315,22.450719833374023,23.321977,-0.029610971717473955,0.008047437526471857
2026-01-09,600426,25.2034654,21.199129104614258,26.0791145,-0.15888038536897953,0.03474320241691853
2026-01-09,600316,37.76139297,36.15522766113281,41.60847852,-0.042534588439129606,0.10187880391637982
2026-01-09,600362,54.24593256,43.71339416503906,61.116624,-0.1941627306952678,0.12665818644375793
2026-01-09,600428,6.8784324,6.625609874725342,7.3059056,-0.03675583484322076,0.062146892655367214
2026-01-09,300502,292.71973206,278.5479736328125,285.3436,-0.048414086496508135,-0.025198615782034528
2026-01-09,300760,199.6666777,202.58775329589844,202.0126696,0.01462976010592687,0.011749541420851717
2026-01-09,300750,362.1987021,342.45062255859375,347.0322875,-0.054522778317283915,-0.04187318870019774
2026-01-09,400,27.0273822,25.307300567626953,28.48270278,-0.06364218405040534,0.05384615384615388
2026-01-09,426,40.92,38.544002532958984,49.85,-0.05806445422876383,0.21823069403714568
2026-01-09,600160,37.41798354,37.87931823730469,36.6881652,0.012329223909447684,-0.01950448075909339
2026-01-09,600183,71.04300792,59.11946487426758,67.96023462,-0.16783556038560843,-0.043393057110862276
2026-01-09,600118,101.983272,72.03132629394531,106.81247988,-0.2936946924595113,0.0473529411764706
2026-01-09,600111,48.5755604,45.99940872192383,50.2908132,-0.05303390546321263,0.035311024430301874
2026-01-09,600089,23.6566382,21.51527214050293,28.02401756,-0.09051861221333934,0.18461538461538463
2026-01-09,600026,12.2210451,11.607271194458008,13.92653385,-0.05022270194731482,0.1395534290271132
2026-01-09,600309,78.40603472,69.08960723876953,78.17974048,-0.1188228369729557,-0.0028861839628558927
2026-01-09,600489,24.25,22.460229873657227,26.2,-0.0738049536636195,0.08041237113402055
2026-01-09,600276,63.341466,60.51665496826172,62.91321395,-0.04459655278168462,-0.006761006289308091
2026-01-09,601808,13.9760478,13.782878875732422,15.20750376,-0.013821426989365171,0.08811188811188808
2026-01-09,601872,9.4509312,8.926237106323242,11.21313608,-0.05551771381816395,0.1864583333333334
2026-01-09,601899,35.767842,33.04851531982422,37.689255,-0.07602713857256982,0.05371900826446274
2026-01-09,601975,3.1918635,2.975740909576416,3.341016,-0.06771047396719321,0.04672897196261672
2026-01-16,2050,54.22555716,47.080650329589844,55.65594372,-0.13176271862598155,0.026378457592965754
2026-01-16,2028,168.287158,139.00038146972656,190.22423546,-0.1740285882674033,0.1303550295857987
2026-01-16,2179,36.27673045,36.09061050415039,36.3260597,-0.005130560101223591,0.0013598041881968115
2026-01-16,2156,42.5523306,38.24714279174805,55.937336,-0.10117396033419501,0.31455399061032874
2026-01-16,21,27.9396895,24.9184627532959,31.33023545,-0.10813386980210005,0.1213523131672598
2026-01-16,768,28.5956352,26.71482276916504,30.84952728,-0.06577271033430165,0.07881944444444455
2026-01-16,603662,67.72005318,69.98701477050781,71.18854431,0.033475484499136954,0.051218080422659185
2026-01-16,603619,26.07733698,20.266918182373047,28.63335361,-0.2228148833634067,0.09801678108314271
2026-01-16,2241,30.62282472,30.148502349853516,28.795782,-0.01548917758186763,-0.05966277561608302
2026-01-16,2342,12.5887356,9.847074508666992,12.29899486,-0.2177868515510809,-0.023015873015872934
2026-01-16,2273,26.17876688,24.04482078552246,25.39300602,-0.08151438546587264,-0.030015197568389107
2026-01-16,2371,506.27242281,450.6322937011719,500.10799432,-0.10990156011264596,-0.012176109565251725
2026-01-16,2353,80.5259184,67.22093200683594,88.34957376,-0.16522613659708418,0.09715698393077887
2026-01-16,2463,75.39889875,69.31707763671875,75.9861641,-0.08066193557344559,0.007788778877887648
2026-01-16,2475,57.05262916,54.542137145996094,56.09793988,-0.044003090672007694,-0.016733484399512055
2026-01-16,2384,79.38,70.53785705566406,75.93,-0.11139005976739647,-0.04346182917611474
2026-01-16,2422,32.2431483,33.44169235229492,31.3557222,0.037172054079313455,-0.02752293577981657
2026-01-16,2517,27.32273943,24.33416748046875,24.829825,-0.10938039200600203,-0.09123954925481637
2026-01-16,2555,28.377648,24.110816955566406,27.2619456,-0.1503588685162912,-0.03931623931623929
2026-01-16,2595,56.55358312,53.12479019165039,57.52840983,-0.06062910145010825,0.017237222757955584
2026-01-16,2558,45.71424945,41.01921463012695,48.98026206,-0.1027039681578551,0.07144408251900125
2026-01-16,300308,624.28122636,548.0414428710938,620.265978,-0.12212410091752712,-0.006431794182586104
2026-01-16,300274,164.6674466,162.24073791503906,159.6117798,-0.014737027476084852,-0.03070228454007018
2026-01-16,2601,19.84,18.710901260375977,22.0,-0.05691021873104951,0.1088709677419355
2026-01-16,2916,221.159215,210.98597717285156,264.397084,-0.04599961085568338,0.19550561797752808
2026-01-16,300033,272.7601701,252.8238525390625,251.60949093,-0.07309101454815925,-0.07754313674993563
2026-01-16,300014,67.6719918,61.68122100830078,64.6322337,-0.08852659176051059,-0.0449189985272459
2026-01-16,300059,23.94059022,23.27870750427246,23.19431247,-0.0276468837921382,-0.03117206982543641
2026-01-16,300034,22.39955485,18.34369659423828,23.4471955,-0.18106869903987044,0.04677060133630273
2026-01-16,300394,138.10797864,128.66751098632812,142.60033854,-0.0683557007106731,0.032527881040892215
2026-01-16,300191,22.34566908,20.639846801757812,23.09451858,-0.07633793699061564,0.03351206434316345
2026-01-16,300164,8.06,5.592739582061768,7.64,-0.3061117143843961,-0.052109181141439254
2026-01-16,300580,25.62924426,26.752702713012695,26.43482004,0.04383502071366552,0.03143189755529696
2026-01-16,300476,281.25297367,258.10626220703125,273.12548109,-0.08229854838842443,-0.028897445861447824
2026-01-16,300474,75.0,71.17160034179688,78.38,-0.05104532877604162,0.04506666666666659
2026-01-16,300433,38.08025015,33.28111267089844,36.7418399,-0.1260269420551997,-0.03514709711012742
2026-01-16,300418,62.31,46.52549743652344,53.45,-0.25332214032220457,-0.14219226448403144
2026-01-16,600406,23.321977,22.320085525512695,24.7918495,-0.042959114250361585,0.06302521008403361
2026-01-16,600426,26.0791145,22.604333877563477,29.44465278,-0.1332399772406584,0.1290510948905108
2026-01-16,600316,41.60847852,38.17369079589844,40.968963,-0.08255018799715441,-0.015369836695484973
2026-01-16,600362,61.116624,48.92685317993164,59.4408456,-0.19945098440104214,-0.02741935483870961
2026-01-16,600428,7.3059056,6.896447658538818,7.383628,-0.05604478950031622,0.010638297872340496
2026-01-16,300502,285.3436,250.89175415039062,292.2631823,-0.12073810609247715,0.024250000000000105
2026-01-16,300760,202.0126696,206.11270141601562,191.539845,0.020295914232181467,-0.051842414739317944
2026-01-16,300750,347.0322875,332.6658020019531,339.233258,-0.041398123504709505,-0.02247349823321565
2026-01-16,400,28.48270278,25.58871078491211,30.8884368,-0.10160524503032753,0.08446298227320126
2026-01-16,426,49.85,41.74789047241211,52.66,-0.16252977989143214,0.05636910732196587
2026-01-16,600160,36.6881652,34.340694427490234,38.44367418,-0.06398441458472737,0.0478494623655914
2026-01-16,600183,67.96023462,64.910888671875,73.6882263,-0.04486956181324897,0.08428446005267776
2026-01-16,600118,106.81247988,76.80520629882812,98.983764,-0.2809341531521782,-0.07329401853411965
2026-01-16,600111,50.2908132,47.81749725341797,49.961724,-0.04918027347750331,-0.0065437239738251884
2026-01-16,600089,28.02401756,22.977642059326172,28.4273116,-0.18007323503382178,0.014391014391014423
2026-01-16,600026,13.92653385,11.854613304138184,14.0532273,-0.14877503391569447,0.009097270818754222
2026-01-16,600309,78.17974048,69.89178466796875,83.9256464,-0.10601155441481014,0.07349609866599538
2026-01-16,600489,26.2,22.328676223754883,29.18,-0.14776044947500444,0.11374045801526722
2026-01-16,600276,62.91321395,61.154212951660156,59.1983764,-0.027959166094070453,-0.05904701598860218
2026-01-16,601808,15.20750376,13.905838012695312,15.2954649,-0.08559364954611637,0.005784061696658238
2026-01-16,601872,11.21313608,7.376827239990234,10.88826032,-0.34212630727386706,-0.028972783143107916
2026-01-16,601899,37.689255,33.276771545410156,37.1079044,-0.11707536948103237,-0.015424836601307224
2026-01-16,601975,3.341016,3.0834405422210693,3.3907335,-0.07709494889546498,0.014880952380952328
2026-01-23,2050,55.65594372,49.65202331542969,49.73573268,-0.10787563741216022,-0.10637158665000901
2026-01-23,2028,190.22423546,163.29391479492188,185.10591598,-0.14157144908457775,-0.026906768570381545
2026-01-23,2179,36.3260597,36.639793395996094,33.9977191,0.00863660134314248,-0.06409560021727334
2026-01-23,2156,55.937336,41.188941955566406,51.41240507,-0.26365921402538006,-0.08089285714285721
2026-01-23,21,31.33023545,28.683948516845703,30.91263155,-0.08446431682192468,-0.013329101872421423
2026-01-23,768,30.84952728,27.22153091430664,28.80414504,-0.11760298084195986,-0.06630189893788219
2026-01-23,603662,71.18854431,66.74304962158203,65.47398156,-0.06244677049525649,-0.08027362836800223
2026-01-23,603619,28.63335361,20.11077308654785,37.06721393,-0.2976452091338577,0.2945467176102814
2026-01-23,2241,28.795782,28.713966369628906,25.95592212,-0.0028412366217764884,-0.09862068965517234
2026-01-23,2342,12.29899486,10.797069549560547,14.12735884,-0.12211772811810517,0.1486596263200648
2026-01-23,2273,25.39300602,24.451648712158203,23.94084038,-0.037071519106495976,-0.05718762240501374
2026-01-23,2371,500.10799432,448.86834716796875,474.94074089,-0.10245716472039623,-0.05032363752597091
2026-01-23,2353,88.34957376,73.19422912597656,90.20097312,-0.17153840125129127,0.02095538530869767
2026-01-23,2463,75.9861641,63.041282653808594,68.82948975,-0.17035840142102132,-0.09418391406864035
2026-01-23,2475,56.09793988,50.73497772216797,51.60294452,-0.09559998405117953,-0.0801276369438042
2026-01-23,2384,75.93,64.37509155273438,75.18,-0.15217843338951176,-0.009877518767285709
2026-01-23,2422,31.3557222,33.421024322509766,30.90214886,0.06586683315206066,-0.014465408805031443
2026-01-23,2517,24.829825,24.563823699951172,24.93907623,-0.010712975224304921,0.0043999999999999595
2026-01-23,2555,27.2619456,22.700490951538086,25.78727808,-0.16731948318691947,-0.05409252669039144
2026-01-23,2595,57.52840983,51.857540130615234,60.07795661,-0.09857511647101902,0.04431804716198595
2026-01-23,2558,48.98026206,44.93927764892578,43.5799251,-0.08250230278727544,-0.11025537089582493
2026-01-23,300308,620.265978,601.5647583007812,613.1244293,-0.030150323187996597,-0.011513687600644196
2026-01-23,300274,159.6117798,141.25619506835938,145.5793188,-0.11500144133873391,-0.08791619902731007
2026-01-23,2601,22.0,19.70747184753418,22.63,-0.10420582511208276,0.02863636363636357
2026-01-23,2916,264.397084,228.41744995117188,230.56220904,-0.13608181113233508,-0.12796992481203007
2026-01-23,300033,251.60949093,246.7627716064453,251.2652919,-0.019262863676724695,-0.001367989056087593
2026-01-23,300014,64.6322337,64.09380340576172,60.50613582,-0.008330677487296545,-0.06383962991518899
2026-01-23,300059,23.19431247,22.275012969970703,23.02515618,-0.039634694980432705,-0.007293007293007303
2026-01-23,300034,23.4471955,19.011516571044922,21.33195914,-0.18917737641395438,-0.09021276595744687
2026-01-23,300394,142.60033854,133.6896514892578,159.728352,-0.062487138123046626,0.12011201120112025
2026-01-23,300191,23.09451858,21.281068801879883,35.88486804,-0.07852295218184702,0.5538261997405967
2026-01-23,300164,7.64,5.819698333740234,13.24,-0.23825938040049288,0.7329842931937174
2026-01-23,300580,26.43482004,27.311664581298828,24.32639948,0.033170059034713484,-0.07975921745673453
2026-01-23,300476,273.12548109,272.24151611328125,256.0458237,-0.003236479339792764,-0.06253410455091113
2026-01-23,300474,78.38,75.81079864501953,76.48,-0.03277878738173601,-0.024240877774942438
2026-01-23,300433,36.7418399,32.874916076660156,37.2177191,-0.10524578610827395,0.012951969778737027
2026-01-23,300418,53.45,48.796470642089844,56.61,-0.08706322465687855,0.05912067352666028
2026-01-23,600406,24.7918495,22.913883209228516,24.6154648,-0.07574934216874318,-0.007114624505928813
2026-01-23,600426,29.44465278,22.623279571533203,28.7060618,-0.2316676396028059,-0.025084044478924206
2026-01-23,600316,40.968963,37.9162483215332,41.3686602,-0.07451286180875016,0.009756097560975618
2026-01-23,600362,59.4408456,45.357391357421875,69.46594344,-0.236932266027153,0.16865671641791047
2026-01-23,600428,7.383628,6.54641056060791,7.6556564,-0.11338835588576368,0.03684210526315779
2026-01-23,300502,292.2631823,230.14810180664062,280.350087,-0.21253132195624957,-0.04076153282889927
2026-01-23,300760,191.539845,196.3310546875,191.4210606,0.02501416709144766,-0.0006201550387597843
2026-01-23,300750,339.233258,322.866943359375,335.3975089,-0.04824501800653336,-0.011307113938692881
2026-01-23,400,30.8884368,26.11842918395996,30.06672518,-0.15442696718274973,-0.02660256410256412
2026-01-23,426,52.66,45.3848762512207,68.36,-0.13815274874248562,0.2981390049373338
2026-01-23,600160,38.44367418,35.05595397949219,39.7227392,-0.08812165519471205,0.03327114401217712
2026-01-23,600183,73.6882263,66.46338653564453,69.0143442,-0.09804605331307137,-0.06342780026990558
2026-01-23,600118,98.983764,85.15452575683594,93.34468896,-0.13971218798230445,-0.05696969696969689
2026-01-23,600111,49.961724,43.755435943603516,55.9551364,-0.12422085467660171,0.11996007984031953
2026-01-23,600089,28.4273116,22.557689666748047,27.2469388,-0.20647826343353382,-0.04152249134948094
2026-01-23,600026,14.0532273,12.602797508239746,15.3201618,-0.10320972975084897,0.09015256588072118
2026-01-23,600309,83.9256464,70.78811645507812,86.1885888,-0.156537727243789,0.02696365767878084
2026-01-23,600489,29.18,24.45254898071289,41.0,-0.16200997324493183,0.4050719671007539
2026-01-23,600276,59.1983764,58.166316986083984,57.87378285,-0.01743391418275475,-0.022375504710632654
2026-01-23,601808,15.2954649,13.645208358764648,16.82012466,-0.1078918850799594,0.09968051118210863
2026-01-23,601872,10.88826032,9.668509483337402,10.85872616,-0.1120244006677642,-0.002712477396021762
2026-01-23,601899,37.1079044,35.142887115478516,42.813023,-0.05295414322888814,0.15374402549123745
2026-01-23,601975,3.3907335,3.1756362915039062,3.6691515,-0.06343677805881642,0.08211143695014655
2026-01-30,2050,49.73573268,47.282623291015625,49.75559916,-0.04932287626619869,0.00039944078290399254
2026-01-30,2028,185.10591598,171.55340576171875,191.56854116,-0.07321489508604107,0.034913120662757535
2026-01-30,2179,33.9977191,35.15226745605469,34.36275555,0.03395958277844269,0.010737086477075053
2026-01-30,2156,51.41240507,43.006961822509766,47.66660132,-0.16349056683977137,-0.07285797551972029
2026-01-30,21,30.91263155,28.275671005249023,27.243683,-0.08530365784245164,-0.11868768092634285
2026-01-30,768,28.80414504,27.923019409179688,29.86655232,-0.030590237259141118,0.036883833160978874
2026-01-30,603662,65.47398156,64.85884857177734,64.32113064,-0.009395075319483248,-0.017607771706132258
2026-01-30,603619,37.06721393,24.289138793945312,30.70203633,-0.34472715322456093,-0.17171988194258125
2026-01-30,2241,25.95592212,27.883079528808594,26.25380952,0.0742473104942647,0.011476664116296886
2026-01-30,2342,14.12735884,11.341297149658203,18.86312128,-0.1972103718674847,0.33521923620933536
2026-01-30,2273,23.94084038,23.785024642944336,27.0540448,-0.006508365394968907,0.13003739094308253
2026-01-30,2371,474.94074089,438.7093505859375,469.69548164,-0.07628612832027803,-0.011044028861728616
2026-01-30,2353,90.20097312,77.54093933105469,86.597712,-0.1403536275834062,-0.039947031560361945
2026-01-30,2463,68.82948975,63.47246551513672,65.66422905,-0.07783036390827347,-0.04598698481561814
2026-01-30,2475,51.60294452,52.36685562133789,51.4139956,0.01480363394848161,-0.0036615918288688265
2026-01-30,2384,75.18,67.85926818847656,73.4,-0.09737605495508705,-0.023676509710029325
2026-01-30,2422,30.90214886,33.46659851074219,31.04019292,0.0829861270282608,0.00446713465220161
2026-01-30,2517,24.93907623,23.819080352783203,22.07868039,-0.044909276786664565,-0.1146953405017922
2026-01-30,2555,25.78727808,23.245777130126953,24.23499648,-0.09855638667984024,-0.0601956358164033
2026-01-30,2595,60.07795661,57.491512298583984,57.48750801,-0.04305146941341709,-0.0431181209576762
2026-01-30,2558,43.5799251,39.02122497558594,40.72092318,-0.10460550618096542,-0.06560364464692481
2026-01-30,300308,613.1244293,545.3663330078125,561.32572782,-0.1105127981436761,-0.08448317992995025
2026-01-30,300274,145.5793188,139.2894287109375,145.30066,-0.043205931590487134,-0.001914137270987215
2026-01-30,2601,22.63,19.947734832763672,20.63,-0.11852696275900698,-0.08837825894829876
2026-01-30,2916,230.56220904,210.7151641845703,223.8926435,-0.08608108387782853,-0.028927401276082065
2026-01-30,300033,251.2652919,246.1754150390625,248.09023146,-0.020256983455411715,-0.012636287391668888
2026-01-30,300014,60.50613582,60.27421951293945,61.37321436,-0.0038329386584936564,0.014330423323999364
2026-01-30,300059,23.02515618,22.61890983581543,22.81619841,-0.017643586910278675,-0.009075194468452952
2026-01-30,300034,21.33195914,19.532678604125977,21.47164456,-0.08434670833867075,0.00654817586529477
2026-01-30,300394,159.728352,140.12767028808594,179.6230887,-0.12271260215540236,0.12455357142857149
2026-01-30,300191,35.88486804,22.95991325378418,31.09223124,-0.36017841202059553,-0.13355592654424042
2026-01-30,300164,13.24,7.1286301612854,11.52,-0.4615838246763293,-0.12990936555891242
2026-01-30,300580,24.32639948,24.969331741333008,23.60038674,0.026429404888363983,-0.029844644317252533
2026-01-30,300476,256.0458237,272.1254577636719,251.51509434,0.06279982946533735,-0.017694994179278334
2026-01-30,300474,76.48,78.69788360595703,70.91,0.028999524136467336,-0.0728294979079499
2026-01-30,300433,37.2177191,36.34907150268555,35.1357476,-0.023339624735747133,-0.05594033031433121
2026-01-30,300418,56.61,47.06843566894531,59.26,-0.1685490961147269,0.046811517399752756
2026-01-30,600406,24.6154648,23.15407943725586,24.7330546,-0.05936858696830871,0.004777070063694211
2026-01-30,600426,28.7060618,23.88038444519043,27.030907,-0.16810656189730533,-0.05835543766578255
2026-01-30,600316,41.3686602,38.791656494140625,45.8652537,-0.06229362259741189,0.10869565217391286
2026-01-30,600362,69.46594344,43.85519027709961,55.06410672,-0.3686807073313736,-0.20732226479352922
2026-01-30,600428,7.6556564,7.181271076202393,7.3739127,-0.06196533634889978,-0.03680203045685282
2026-01-30,300502,280.350087,262.1429748535156,273.216497,-0.06494420009395019,-0.025445292620865034
2026-01-30,300760,191.4210606,198.86874389648438,190.154027,0.03890733482063036,-0.006619091943323996
2026-01-30,300750,335.3975089,329.4924011230469,356.0477694,-0.017606295873574096,0.06156951066132388
2026-01-30,400,30.06672518,26.872398376464844,29.205413,-0.10624126120858612,-0.02864669081330251
2026-01-30,426,68.36,49.371734619140625,50.02,-0.2777686568294233,-0.26828554710356933
2026-01-30,600160,39.7227392,39.78403854370117,37.35522432,0.001543180176788228,-0.05960099750623449
2026-01-30,600183,69.0143442,69.29121398925781,63.12724164,0.004011771646419859,-0.0853025936599423
2026-01-30,600118,93.34468896,67.24369812011719,92.21487428,-0.2796194527046696,-0.012103684661525227
2026-01-30,600111,55.9551364,49.90397644042969,48.1766644,-0.10814306512119076,-0.1390126537159152
2026-01-30,600089,27.2469388,24.43491554260254,27.17808372,-0.10320510784857273,-0.002527075812274293
2026-01-30,600026,15.3201618,12.214166641235352,15.7489704,-0.20273905715308094,0.027989821882951738
2026-01-30,600309,86.1885888,78.36836242675781,82.26287568,-0.0907338950796488,-0.045547945205479556
2026-01-30,600489,41.0,28.390249252319336,29.92,-0.3075548962848943,-0.2702439024390243
2026-01-30,600276,57.87378285,56.59290313720703,57.9235796,-0.022132296347602054,0.0008604371020477508
2026-01-30,601808,16.82012466,14.460309982299805,15.13908954,-0.14029709799429013,-0.09994189424753053
2026-01-30,601872,10.85872616,9.462093353271484,11.4690988,-0.12861847569867402,0.05621033544877596
2026-01-30,601899,42.813023,39.221134185791016,36.900983,-0.08389710799466288,-0.13808975834292303
2026-01-30,601975,3.6691515,3.1236565113067627,3.5697165,-0.14867060918395902,-0.027100271002709952
2026-02-06,2050,49.75559916,50.47856521606445,52.31837508,0.014530345695156655,0.051507286883609504
2026-02-06,2028,191.56854116,175.23153686523438,217.56840918,-0.0852802041287185,0.13572096891568775
2026-02-06,2179,34.36275555,34.94062423706055,34.04704835,0.016816715592546272,-0.009187482055699303
2026-02-06,2156,47.66660132,45.548919677734375,48.945169,-0.044426948505285724,0.026823134953897876
2026-02-06,21,27.243683,26.374452590942383,29.18255825,-0.031905759917174814,0.07116788321167888
2026-02-06,768,29.86655232,27.487071990966797,29.84669424,-0.07967040532628855,-0.0006648936170212671
2026-02-06,603662,64.32113064,63.31013107299805,66.6864627,-0.015718000553510802,0.03677379480840548
2026-02-06,603619,30.70203633,26.421648025512695,34.33217668,-0.1394170816059126,0.11823777129899593
2026-02-06,2241,26.25380952,24.221776962280273,26.1644433,-0.07739953152976664,-0.0034039334341906535
2026-02-06,2342,18.86312128,11.50787353515625,17.1346679,-0.38992739513594177,-0.0916313559322034
2026-02-06,2273,27.0540448,26.15677261352539,26.72581558,-0.03316591633923105,-0.012132352941176539
2026-02-06,2371,469.69548164,455.63360595703125,474.62102985,-0.02993828178604141,0.010486684250829548
2026-02-06,2353,86.597712,84.71310424804688,103.49919648,-0.02176278920571395,0.19517241379310346
2026-02-06,2463,65.66422905,62.5395393371582,68.63041675,-0.0475858737405187,0.04517204790056084
2026-02-06,2475,51.4139956,48.64786911010742,50.30836284,-0.053801041090309254,-0.02150450956198391
2026-02-06,2384,73.4,67.98933410644531,77.38,-0.0737147941901184,0.05422343324250667
2026-02-06,2422,31.04019292,32.56584548950195,31.31628104,0.049150872658363376,0.008894536213468918
2026-02-06,2517,22.07868039,21.433422088623047,25.45553659,-0.02922540160820508,0.15294646873594253
2026-02-06,2555,24.23499648,23.782268524169922,25.30219008,-0.01868075187069629,0.044035228182546016
2026-02-06,2595,57.48750801,53.6734619140625,67.18805632,-0.06634565017627903,0.16874184750385401
2026-02-06,2558,40.72092318,40.02960205078125,40.97902752,-0.016977049517342246,0.006338371526084963
2026-02-06,300308,561.32572782,524.4595336914062,526.83654228,-0.06567700766499629,-0.061442374419473644
2026-02-06,300274,145.30066,143.62672424316406,155.8001255,-0.011520496581611694,0.07226027397260282
2026-02-06,2601,20.63,19.445735931396484,22.26,-0.05740494758136283,0.07901114881240923
2026-02-06,2916,223.8926435,192.23428344726562,235.78057254,-0.14139973318388355,0.053096559378468466
2026-02-06,300033,248.09023146,240.6590118408203,240.31414317,-0.02995369698938688,-0.031343790701625296
2026-02-06,300014,61.37321436,61.2061767578125,64.86146136,-0.0027216694437364186,0.05683663527119198
2026-02-06,300059,22.81619841,22.83970069885254,22.54753842,0.0010300703224179752,-0.011774967291757532
2026-02-06,300034,21.47164456,19.885103225708008,20.8530377,-0.07389007068641573,-0.028810408921933095
2026-02-06,300394,179.6230887,169.21800231933594,235.31409,-0.057927332482531124,0.3100436681222707
2026-02-06,300191,31.09223124,24.396175384521484,30.0039033,-0.2153610592881502,-0.03500321130378936
2026-02-06,300164,11.52,8.78586196899414,10.91,-0.23733837074703634,-0.05295138888888884
2026-02-06,300580,23.60038674,24.58390998840332,24.38607176,0.04167403099104128,0.03329119258322799
2026-02-06,300476,251.51509434,243.8217315673828,258.71855659,-0.030588075808353765,0.028640278106976336
2026-02-06,300474,70.91,71.88065338134766,72.64,0.013688526037902493,0.024397123113806263
2026-02-06,300433,35.1357476,34.500144958496094,34.47149955,-0.01808991368960966,-0.0189051918735893
2026-02-06,300418,59.26,51.37590026855469,63.01,-0.1330425199366404,0.0632804589942626
2026-02-06,600406,24.7330546,23.158544540405273,25.9677475,-0.06366015379251722,0.049920760697306
2026-02-06,600426,27.030907,24.548871994018555,27.78472666,-0.0918221133305458,0.027887323943662112
2026-02-06,600316,45.8652537,40.2724723815918,43.23724461,-0.12193939566954148,-0.05729847494553375
2026-02-06,600362,55.06410672,50.59607696533203,55.78370568,-0.08114232702235269,0.013068385248836467
2026-02-06,600428,7.3739127,7.0733232498168945,7.8791083,-0.04076390139296138,0.06851119894598168
2026-02-06,300502,273.216497,260.46136474609375,260.91818784,-0.04668507353677931,-0.04501305483028728
2026-02-06,300760,190.154027,202.21224975585938,186.09556,0.06341292343947758,-0.02134305049453411
2026-02-06,300750,356.0477694,339.6334533691406,368.7322287,-0.04610144323757526,0.035625723260042985
2026-02-06,400,29.205413,27.601783752441406,30.71023428,-0.05490863106639143,0.051525423728813635
2026-02-06,426,50.02,42.716033935546875,50.15,-0.14602091292389296,0.002598960415833629
2026-02-06,600160,37.35522432,37.88925552368164,39.43546752,0.014296024542830077,0.05568814638027053
2026-02-06,600183,63.12724164,59.15280532836914,65.45423826,-0.06295913156313959,0.036862003780718355
2026-02-06,600118,92.21487428,78.17138671875,87.24568936,-0.1522909147889585,-0.05388702157649361
2026-02-06,600111,48.1766644,51.96150588989258,57.241576,0.07856171731749395,0.18815980128337828
2026-02-06,600089,27.17808372,25.9877872467041,28.44698448,-0.043796188339061404,0.04668838219326821
2026-02-06,600026,15.7489704,13.019217491149902,18.25360245,-0.1733289757691142,0.15903465346534662
2026-02-06,600309,82.26287568,77.22549438476562,86.582144,-0.06123517143783819,0.05250568113861975
2026-02-06,600489,29.92,28.31983184814453,30.61,-0.05348155587752246,0.023061497326203106
2026-02-06,600276,57.9235796,58.280845642089844,58.5012219,0.006167886110578724,0.009972489683631292
2026-02-06,601808,15.13908954,14.452616691589355,15.74504406,-0.04534439449590866,0.04002582311168501
2026-02-06,601872,11.4690988,10.506644248962402,13.01471984,-0.08391719068961168,0.13476394849785422
2026-02-06,601899,36.900983,33.102134704589844,39.167265,-0.10294707583833618,0.06141522029372504
2026-02-06,601975,3.5697165,3.2589328289031982,3.838191,-0.0870611632875613,0.07520891364902504
2026-02-13,2050,52.31837508,49.73719024658203,50.86812204,-0.04933610475231853,-0.027719764571862537
2026-02-13,2028,217.56840918,188.5418243408203,213.52553426,-0.13341360057086804,-0.018582086136665343
2026-02-13,2179,34.04704835,35.320701599121094,35.07309675,0.037408624560580916,0.030136192407997697
2026-02-13,2156,48.945169,47.31011199951172,51.95180081,-0.0334058914065305,0.06142857142857139
2026-02-13,21,29.18255825,27.86682891845703,34.203748,-0.04508615455408094,0.17206132879046
2026-02-13,768,29.84669424,28.53647804260254,30.61123032,-0.0438982014846232,0.025615435795076413
2026-02-13,603662,66.6864627,66.28005981445312,64.74848055,-0.00609423365841355,-0.0290611028315948
2026-02-13,603619,34.33217668,27.828929901123047,36.15221965,-0.189421336127091,0.05301274623406704
2026-02-13,2241,26.1644433,24.6412353515625,26.98859844,-0.058216715371027905,0.03149905123339658
2026-02-13,2342,17.1346679,11.913469314575195,15.69595526,-0.3047154818462986,-0.08396501457725947
2026-02-13,2273,26.72581558,26.314546585083008,28.0486788,-0.015388454421004116,0.04949758094529222
2026-02-13,2371,474.62102985,454.14178466796875,471.45389236,-0.04314862573304756,-0.00667298179139042
2026-02-13,2353,103.49919648,94.32418823242188,116.72774352,-0.08864811089959601,0.12781304096941737
2026-02-13,2463,68.63041675,61.70374298095703,83.212514,-0.10092717044506316,0.21247280638143584
2026-02-13,2475,50.30836284,48.65062713623047,50.09886936,-0.03295149375148165,-0.0041641879833432816
2026-02-13,2384,77.38,76.32872772216797,85.55,-0.01358583972385663,0.10558283794262091
2026-02-13,2422,31.31628104,32.379459381103516,30.11332566,0.033949699830114755,-0.038413098236775745
2026-02-13,2517,25.45553659,23.61566925048828,22.52561724,-0.07227768831376735,-0.11509949278189635
2026-02-13,2555,25.30219008,23.838476181030273,23.769312,-0.057849296615896995,-0.06058282208588961
2026-02-13,2595,67.18805632,54.845272064208984,65.7837605,-0.18370503526706305,-0.020900974025974017
2026-02-13,2558,40.97902752,38.23389434814453,36.8295039,-0.06698873394483795,-0.10125968992248069
2026-02-13,300308,526.83654228,496.86114501953125,533.368812,-0.05689695921764215,0.012399044477306331
2026-02-13,300274,155.8001255,145.41424560546875,143.807845,-0.06666156308411486,-0.07697221335036741
2026-02-13,2601,22.26,19.60900115966797,23.35,-0.11909249058095384,0.048966756513926235
2026-02-13,2916,235.78057254,223.79910278320312,283.73981804,-0.050816187388654455,0.20340626449137877
2026-02-13,300033,240.31414317,245.1602783203125,233.46528492,0.020165834130221327,-0.02849960539007923
2026-02-13,300014,64.86146136,61.694068908691406,62.12069586,-0.048833195936314966,-0.04225568531038737
2026-02-13,300059,22.54753842,22.026344299316406,22.40823324,-0.023115344609914712,-0.0061782877316857165
2026-02-13,300034,20.8530377,19.51183319091797,24.29528555,-0.06431698481425718,0.16507177033492804
2026-02-13,300394,235.31409,163.37521362304688,262.9100151,-0.30571427481011915,0.11727272727272742
2026-02-13,300191,30.0039033,25.4755859375,36.80345676,-0.15092427532587072,0.22662229617304508
2026-02-13,300164,10.91,8.256555557250977,15.07,-0.24321213957369603,0.3813015582034831
2026-02-13,300580,24.38607176,23.92266082763672,23.77940358,-0.019003098855938094,-0.02487765089722671
2026-02-13,300476,258.71855659,235.88327026367188,302.10823886,-0.08826304006680108,0.16770997350128636
2026-02-13,300474,72.64,71.52339172363281,72.04,-0.01537180997201526,-0.008259911894272998
2026-02-13,300433,34.47149955,31.983976364135742,34.86806555,-0.07216173413797011,0.011504170261719793
2026-02-13,300418,63.01,50.45059585571289,61.1,-0.1993239826104921,-0.030312648785906893
2026-02-13,600406,25.9677475,23.62552833557129,26.7516795,-0.09019724042020638,0.030188679245283012
2026-02-13,600426,27.78472666,26.784250259399414,29.3913524,-0.036008142633301876,0.05782406138668117
2026-02-13,600316,43.23724461,40.925865173339844,41.32869048,-0.05345806508968831,-0.04414143748555577
2026-02-13,600362,55.78370568,53.87580108642578,57.21304608,-0.034201825969016886,0.025622901572716072
2026-02-13,600428,7.8791083,7.62777042388916,8.1219908,-0.03189927927641767,0.03082614056720101
2026-02-13,300502,260.91818784,253.11390686035156,256.70936974,-0.02991083543947559,-0.016130796150481075
2026-02-13,300760,186.09556,199.62567138671875,184.0366304,0.07270518107320112,-0.01106382978723408
2026-02-13,300750,368.7322287,361.86383056640625,335.5152301,-0.018627062130719962,-0.09008433766993906
2026-02-13,400,30.71023428,29.17209815979004,31.5814466,-0.050085457055978,0.028368794326241176
2026-02-13,426,50.15,44.08893966674805,55.19,-0.12085863077272085,0.1004985044865403
2026-02-13,600160,39.43546752,38.282039642333984,41.2086272,-0.02924849000664309,0.044963576990705745
2026-02-13,600183,65.45423826,58.79718017578125,68.72595573,-0.10170553139393834,0.04998480704952901
2026-02-13,600118,87.24568936,84.94834899902344,91.66496448,-0.02633184949112033,0.050653220261287935
2026-02-13,600111,57.241576,55.8992919921875,62.227776,-0.023449459319787147,0.08710801393728218
2026-02-13,600089,28.44698448,26.688928604125977,29.84375896,-0.06180113316088198,0.04910096818810494
2026-02-13,600026,18.25360245,13.500931739807129,20.0565477,-0.2603689174896471,0.09877202349172465
2026-02-13,600309,86.582144,77.58369445800781,91.501584,-0.10392962250960414,0.05681818181818166
2026-02-13,600489,30.61,27.749967575073242,31.84,-0.09343457774997577,0.04018294674942835
2026-02-13,600276,58.5012219,57.43916702270508,56.3300836,-0.018154405032947185,-0.03711270003404832
2026-02-13,601808,15.74504406,14.701448440551758,16.48782702,-0.06628089546598837,0.0471756672873993
2026-02-13,601872,13.01471984,10.390623092651367,15.98782528,-0.20162529655718142,0.22844175491679275
2026-02-13,601899,39.167265,31.89704704284668,38.970197,-0.18561975050219415,-0.005031446540880502
2026-02-13,601975,3.838191,3.4062795639038086,4.0867785,-0.11252994863887478,0.06476683937823835
2026-02-20,2050,53.12296752,51.37046813964844,49.0702056,-0.0329894857566414,-0.07629020194465219
2026-02-20,2028,211.73312666,195.03359985351562,221.59136846,-0.07887063809953743,0.04655975168132431
2026-02-20,2179,33.82999965,34.36307907104492,35.9708891,0.015757594636715444,0.06328375619714222
2026-02-20,2156,48.45571731,46.3388557434082,50.8430429,-0.04368651800259138,0.049268192125335064
2026-02-20,21,32.10578555,28.378511428833008,33.25916775,-0.11609353446164139,0.03592443480953866
2026-02-20,768,30.16442352,28.15553855895996,31.04810808,-0.06659782374783596,0.029295589203423233
2026-02-20,603662,66.97467543,67.15457916259766,62.65148448,0.002686145643000293,-0.06454963644457645
2026-02-20,603619,33.09892352,28.356584548950195,39.77241441,-0.14327774038283303,0.20162259615384626
2026-02-20,2241,25.97578128,23.783245086669922,26.25380952,-0.08440693928302423,0.01070336391437321
2026-02-20,2342,15.42619664,11.760961532592773,15.29631286,-0.2375981061918595,-0.008419689119171014
2026-02-20,2273,26.36774734,25.729557037353516,28.25755194,-0.024203444246386097,0.07167106752168984
2026-02-20,2371,485.68103364,443.94439697265625,465.3793826,-0.0859342526813186,-0.04180037850736451
2026-02-20,2353,97.95495216,89.16293334960938,124.41204624,-0.08975573584099872,0.27009450259120005
2026-02-20,2463,68.84939705,62.493629455566406,81.49053255,-0.09231406325632574,0.18360560936822323
2026-02-20,2475,50.6774704,49.96894836425781,48.99154668,-0.013981006355482717,-0.033267716535433034
2026-02-20,2384,77.98,72.12899780273438,91.03,-0.07503208767973368,0.16735060271864577
2026-02-20,2422,31.11907524,32.72378921508789,29.7780758,0.05156689145521964,-0.043092522179974724
2026-02-20,2517,24.34316043,23.441402435302734,22.0488846,-0.03704358755266468,-0.09424724602203183
2026-02-20,2555,24.42903168,21.814403533935547,23.08048704,-0.1070295450230655,-0.05520254169976169
2026-02-20,2595,64.27721013,54.157718658447266,65.83829626,-0.15743513838086887,0.024286774843567782
2026-02-20,2558,40.66136064,38.600833892822266,36.70045173,-0.05067530241845175,-0.097412109375
2026-02-20,300308,530.372358,461.5732421875,569.90557444,-0.12971851714130989,0.07453860640301335
2026-02-20,300274,148.4455236,149.9001922607422,148.6644698,0.009799343391869053,0.001474926253687281
2026-02-20,2601,21.4,19.604326248168945,22.63,-0.0839099884033202,0.057476635514018826
2026-02-20,2916,233.58389,229.1119842529297,288.02384598,-0.01914475243592484,0.23306382978723406
2026-02-20,300033,237.02669121,233.77877807617188,227.5225833,-0.013702731609034458,-0.04009720534629402
2026-02-20,300014,63.56582676,60.77156448364258,61.20378522,-0.043958561050538636,-0.03715898400752582
2026-02-20,300059,22.25897769,22.216276168823242,21.84106215,-0.0019183954344830223,-0.01877514528386226
2026-02-20,300034,20.49384662,19.311569213867188,23.53699327,-0.057689384919033415,0.14849074975657262
2026-02-20,300394,222.17928534,184.9403076171875,249.57555,-0.16760778425327028,0.12330701585467607
2026-02-20,300191,29.04537594,26.179141998291016,44.16215118,-0.09868124783889387,0.5204537641801308
2026-02-20,300164,10.68,8.319836616516113,18.08,-0.22098908085055113,0.6928838951310861
2026-02-20,300580,24.77394158,25.69343376159668,22.86442862,0.037115296273201315,-0.07707747892412675
2026-02-20,300476,258.21183028,259.77392578125,301.3531173,0.006049666661500641,0.1670771125134678
2026-02-20,300474,71.58,73.98613739013672,72.49,0.033614660381904526,0.012713048337524402
2026-02-20,300433,33.99562035,31.64571762084961,33.65853925,-0.06912369019765197,-0.009915427238262109
2026-02-20,300418,60.39,50.99107360839844,58.09,-0.15563713183642258,-0.03808577579069372
2026-02-20,600406,25.60517895,23.928850173950195,27.76099195,-0.06546834838855142,0.0841944125526215
2026-02-20,600426,27.12989342,24.54633903503418,30.838077,-0.09522906503794948,0.13668257086724678
2026-02-20,600316,43.04738844,40.017242431640625,43.25722947,-0.07039093701544352,0.004874651810584885
2026-02-20,600362,54.24593256,49.63353729248047,58.76067672,-0.08502748593026555,0.0832273305469744
2026-02-20,600428,7.577934,7.333307266235352,8.2288591,-0.032281454782352115,0.08589743589743581
2026-02-20,300502,261.16786349,237.66151428222656,271.789779,-0.09000475362342386,0.04067083663379867
2026-02-20,300760,183.8881499,193.15939331054688,181.839119,0.050417840494826116,-0.01114281100285297
2026-02-20,300750,358.4021934,348.7219543457031,333.7592222,-0.027009430278494673,-0.0687578693819455
2026-02-20,400,29.85882224,27.387836456298828,31.95765192,-0.08275563462750868,0.07029177718832891
2026-02-20,426,48.09,41.48747253417969,60.22,-0.137295226987322,0.25223539197338307
2026-02-20,600160,38.44487552,37.8896598815918,42.8926336,-0.014441863340651562,0.11569183200206146
2026-02-20,600183,63.89296275,62.28071594238281,68.06962335,-0.02523355841120689,0.06536964980544746
2026-02-20,600118,86.235855,82.90364074707031,100.15357212,-0.038640705225566396,0.16139130434782611
2026-02-20,600111,54.5889176,51.68374252319336,61.5695976,-0.053219136860237826,0.12787723785166238
2026-02-20,600089,28.279765,26.894203186035156,30.97494956,-0.04899481356952029,0.09530434782608688
2026-02-20,600026,16.51887675,14.472877502441406,22.0641516,-0.12385825492393687,0.3356932153392329
2026-02-20,600309,83.59112448,75.2718505859375,92.80031616,-0.09952341167575718,0.11016949152542366
2026-02-20,600489,29.51,26.446884155273438,35.02,-0.10379924922828077,0.18671636733310737
2026-02-20,600276,57.99329505,55.808021545410156,54.3182949,-0.037681485466652176,-0.06336939721792889
2026-02-20,601808,15.4420668,14.386759757995605,18.13954176,-0.06833975371770795,0.1746835443037975
2026-02-20,601872,12.00071368,9.617664337158203,17.58266992,-0.1985756352818674,0.46513535684987706
2026-02-20,601899,37.2261452,34.84440994262695,40.1723118,-0.06398017427206093,0.07914240338803613
2026-02-20,601975,3.519999,3.3421993255615234,4.494462,-0.050511285497091496,0.2768361581920906
2026-02-27,2050,51.59324856,49.36420440673828,47.27228916,-0.04320418301765716,-0.08375048132460527
2026-02-27,2028,226.36116424,201.24073791503906,229.7269074,-0.11097498287438978,0.01486890726728829
2026-02-27,2179,35.3789381,36.040828704833984,34.54034085,0.018708605751905916,-0.023703290574456193
2026-02-27,2156,52.21150987,44.104591369628906,48.78534804,-0.15527071560574068,-0.06562081499904338
2026-02-27,21,34.49209355,29.162006378173828,31.40977905,-0.15453069452277912,-0.0893629287979244
2026-02-27,768,30.78995304,28.5930118560791,28.794216,-0.07135253441493716,-0.06481780070944865
2026-02-27,603662,65.37459786,66.91109466552734,60.2265222,0.02350296377834349,-0.07874733961690483
2026-02-27,603619,36.03287257,26.137054443359375,43.45228271,-0.2746330620023789,0.20590670714877168
2026-02-27,2241,26.88930264,26.257356643676758,24.95303454,-0.02350176219829414,-0.07200886262924666
2026-02-27,2342,15.64599996,12.637624740600586,14.41709958,-0.19227759344819872,-0.07854406130268188
2026-02-27,2273,27.38227402,26.19528579711914,27.04409846,-0.04334878184382651,-0.012350163458045738
2026-02-27,2371,488.43854136,445.9298400878906,465.85894916,-0.087029785065177,-0.046228113238422464
2026-02-27,2353,109.7899728,89.35478210449219,122.83935216,-0.1861298456894036,0.1188576609247507
2026-02-27,2463,84.9643564,71.17149353027344,76.09565425,-0.1623370487830419,-0.10438144329896915
2026-02-27,2475,51.03660208,49.619140625,46.886636,-0.02777342921023873,-0.08131352619233778
2026-02-27,2384,85.89,76.93521118164062,92.7,-0.10425880566258439,0.07928746070555359
2026-02-27,2422,30.05416392,31.164867401123047,29.85695812,0.03695672533362049,-0.006561679790026198
2026-02-27,2517,22.35677443,22.121068954467773,21.39337722,-0.010542910663174254,-0.04309195912927588
2026-02-27,2555,23.56557504,21.549972534179688,22.34315328,-0.08553164955232562,-0.05187319884726227
2026-02-27,2595,66.45864053,58.21690368652344,66.4654575,-0.12401302189978092,0.00010257462303830955
2026-02-27,2558,37.26629586,38.05353927612305,35.22131532,0.02112480991082455,-0.05487480021310598
2026-02-27,300308,571.54363596,544.134765625,556.341626,-0.04795586655245021,-0.02659816154625838
2026-02-27,300274,144.9523365,144.88775634765625,147.7488766,-0.0004455268117996569,0.019292825266048697
2026-02-27,2601,22.62,20.10565948486328,21.54,-0.11115563727394873,-0.04774535809018576
2026-02-27,2916,288.39161636,242.3092803955078,266.54406784,-0.1597908307673115,-0.07575653132970284
2026-02-27,300033,231.81453447,235.12908935546875,219.15643953,0.014298304862750966,-0.05460440592709315
2026-02-27,300014,61.95126672,61.12805938720703,60.33670668,-0.013287982254077235,-0.026061776061776065
2026-02-27,300059,22.3883325,21.661739349365234,20.98533033,-0.032454098608494686,-0.06266666666666665
2026-02-27,300034,24.8440497,20.262462615966797,21.56144233,-0.18441385922815967,-0.13212851405622494
2026-02-27,300394,258.14668746,189.961669921875,238.7368404,-0.26413283939074494,-0.07518921606541074
2026-02-27,300191,37.42250568,24.77752685546875,46.7282088,-0.33789770606646485,0.2486659551760939
2026-02-27,300164,14.81,8.839652061462402,22.41,-0.40312950293974326,0.513166779203241
2026-02-27,300580,24.0180927,25.582250595092773,21.8301091,0.06512415097360225,-0.09109730848861275
2026-02-27,300476,313.22641025,295.92919921875,283.12090595,-0.05522270940513707,-0.09611419508326724
2026-02-27,300474,72.12,72.47676086425781,67.28,0.004946767391261986,-0.06711037160288413
2026-02-27,300433,35.22497495,31.979496002197266,32.11193185,-0.09213573472825798,-0.08837602026456515
2026-02-27,300418,57.06,49.465248107910156,52.68,-0.13310115478601203,-0.07676130389064151
2026-02-27,600406,26.8888676,22.754379272460938,28.91729165,-0.15376208433333438,0.07543731778425644
2026-02-27,600426,28.01315686,25.604618072509766,29.90151318,-0.08597884199654005,0.06740962217994029
2026-02-27,600316,41.30870562,38.75279998779297,41.20878132,-0.06187329265939434,-0.002418964683115532
2026-02-27,600362,56.0892888,49.010581970214844,54.29522016,-0.12620425363256083,-0.03198594024604573
2026-02-27,600428,8.1899979,7.339587211608887,8.1802826,-0.10383527551223337,-0.0011862396204033177
2026-02-27,300502,275.2852381,252.894775390625,286.22816516,-0.08133550082057606,0.03975123088883126
2026-02-27,300760,185.3828536,201.2993621826172,174.415094,0.08585750123881564,-0.059162750961127664
2026-02-27,300750,339.42946,345.3983154296875,343.5987525,0.017584965753083104,0.012283236994219626
2026-02-27,400,31.680448,29.33984375,33.44267292,-0.07388166512039218,0.055625000000000036
2026-02-27,426,52.14,48.0568733215332,51.15,-0.07831083004347517,-0.01898734177215189
2026-02-27,600160,40.92135552,40.1372184753418,41.1590976,-0.01916204961184531,0.005809731299927456
2026-02-27,600183,72.594339,59.18727111816406,65.61334914,-0.18468475733122858,-0.09616438356164392
2026-02-27,600118,90.00523672,87.55079650878906,93.61464468,-0.027269971177860786,0.04010219951121963
2026-02-27,600111,58.936884,61.892173767089844,55.2271512,0.05014329850030497,-0.06294416243654821
2026-02-27,600089,30.07983352,26.03767967224121,32.24385032,-0.13438085836050828,0.07194244604316546
2026-02-27,600026,19.9201086,13.520936965942383,24.3446337,-0.32124180457819473,0.22211350293542087
2026-02-27,600309,88.56959776,78.00779724121094,87.7628096,-0.11924859981196623,-0.009109086869584448
2026-02-27,600489,31.07,26.682348251342773,31.9,-0.141218273210725,0.02671387190215646
2026-02-27,600276,56.4894332,55.41523742675781,53.5016282,-0.019015870976064053,-0.052891396332863216
2026-02-27,601808,16.49760048,15.123722076416016,19.3514508,-0.08327746845667239,0.1729857819905214
2026-02-27,601872,15.3577632,10.185630798339844,17.18888112,-0.3367764129648878,0.11923076923076925
2026-02-27,601899,38.7928358,33.650936126708984,37.1177578,-0.1325476616301151,-0.043180086360172676
2026-02-27,601975,3.997287,3.3586933612823486,4.912089,-0.15975676470507405,0.2288557213930349
2026-03-06,2050,47.27228916,43.62618637084961,48.45434472,-0.07712981228409777,0.02500525320445468
2026-03-06,2028,229.7269074,222.4724884033203,212.21110202,-0.03157844711698621,-0.07624620719549191
2026-03-06,2179,34.54034085,35.254032135009766,37.2731813,0.020662543201561023,0.07912025135675504
2026-03-06,2156,48.78534804,42.070987701416016,46.27815673,-0.13763067413352792,-0.05139230139230144
2026-03-06,21,31.40977905,26.1049747467041,31.07171875,-0.16889021393150805,-0.01076289965178856
2026-03-06,768,28.794216,26.60186195373535,27.11620824,-0.07613869557221653,-0.05827586206896551
2026-03-06,603662,60.2265222,60.01167678833008,60.48491982,-0.003567289025198317,0.004290429042904442
2026-03-06,603619,43.45228271,26.321386337280273,37.66394933,-0.3942461777451628,-0.13321126115815973
2026-03-06,2241,24.95303454,22.882314682006836,25.1714853,-0.08298469088694516,0.008754476721050564
2026-03-06,2342,14.41709958,12.093499183654785,13.7377075,-0.16116975425269386,-0.04712404712404705
2026-03-06,2273,27.04409846,24.155521392822266,25.57204014,-0.10680988576676465,-0.05443177638837815
2026-03-06,2371,465.85894916,431.7186279296875,457.57643503,-0.07328467402391137,-0.017779016899716837
2026-03-06,2353,122.83935216,87.36930847167969,107.96843472,-0.28875147145126656,-0.12105988169516246
2026-03-06,2463,76.09565425,62.275733947753906,75.9861641,-0.18161247759094057,-0.0014388489208633226
2026-03-06,2475,46.886636,48.768280029296875,49.5801236,0.040131777193332274,0.057446808510638325
2026-03-06,2384,92.7,76.23783874511719,109.3,-0.17758534255537017,0.17907227615965482
2026-03-06,2422,29.85695812,31.19875144958496,32.39105265,0.044940724510248886,0.08487450462351376
2026-03-06,2517,21.39337722,19.170154571533203,18.62236875,-0.10392106985279426,-0.12952646239554322
2026-03-06,2555,22.34315328,21.00476837158203,22.9931712,-0.05990134389920665,0.029092488059053512
2026-03-06,2595,66.4654575,56.17817306518555,62.716124,-0.1547764029881905,-0.05641025641025643
2026-03-06,2558,35.22131532,34.056636810302734,35.66803437,-0.033067433714944694,0.0126832018038332
2026-03-06,300308,556.341626,466.42132568359375,534.1678664,-0.16162784899436278,-0.039856373429084435
2026-03-06,300274,147.7488766,152.9620361328125,172.270851,0.03528391993751723,0.16597063182001892
2026-03-06,2601,21.54,19.071048736572266,19.54,-0.11462169282394308,-0.0928505106778087
2026-03-06,2916,266.54406784,205.52099609375,251.08777214,-0.22894177402170024,-0.05798776849642018
2026-03-06,300033,219.15643953,204.53529357910156,228.33742182,-0.06671556620583341,0.04189236834513932
2026-03-06,300014,60.33670668,55.05362319946289,68.85799578,-0.08756002392633588,0.1412289395441031
2026-03-06,300059,20.98533033,20.8526668548584,21.25399032,-0.006321724416791796,0.012802275960170695
2026-03-06,300034,21.56144233,19.004209518432617,21.00270065,-0.11860212190022734,-0.025913928736695846
2026-03-06,300394,238.7368404,193.86717224121094,238.19490492,-0.18794614221923445,-0.002270011947431372
2026-03-06,300191,46.7282088,29.905149459838867,45.5799729,-0.3600193496002597,-0.024572649572649485
2026-03-06,300164,22.41,13.729862213134766,19.76,-0.38733323457676194,-0.1182507809013833
2026-03-06,300580,21.8301091,23.105857849121094,21.9792898,0.058439870514485515,0.006833712984054552
2026-03-06,300476,283.12090595,267.0244140625,278.68953469,-0.056853773597145496,-0.01565186874890334
2026-03-06,300474,67.28,70.83988189697266,65.6,0.052911443177358075,-0.024970273483947758
2026-03-06,300433,32.11193185,29.50659942626953,31.7451083,-0.08113284606794735,-0.011423278789749913
2026-03-06,300418,52.68,46.43872833251953,53.05,-0.11847516453076057,0.007023538344722802
2026-03-06,600406,28.91729165,25.159048080444336,29.6130313,-0.12996526836065792,0.024059640799728887
2026-03-06,600426,29.90151318,25.779125213623047,31.39392382,-0.13786553013424963,0.04991087344028533
2026-03-06,600316,41.20878132,37.97898864746094,39.71990925,-0.07837632099475689,-0.036129970902036845
2026-03-06,600362,54.29522016,43.88408279418945,50.8155156,-0.19175053227761962,-0.06408859840232395
2026-03-06,600428,8.1802826,7.302369594573975,7.9568307,-0.10732062061352565,-0.027315914489311144
2026-03-06,300502,286.22816516,225.4833984375,270.19898843,-0.212224980335335,-0.056001395673412446
2026-03-06,300760,174.415094,186.84445190429688,176.3750366,0.071263086349034,0.011237230419977262
2026-03-06,300750,343.5987525,337.4623718261719,387.989455,-0.017859147127806008,0.12919343326195576
2026-03-06,400,33.44267292,27.757593154907227,32.01705276,-0.16999477818930187,-0.04262877442273538
2026-03-06,426,51.15,39.48348617553711,48.77,-0.22808433674414252,-0.046529814271749625
2026-03-06,600160,41.1590976,38.4951171875,39.2769728,-0.06472397520445161,-0.04572803850782192
2026-03-06,600183,65.61334914,56.52109146118164,62.41124268,-0.13857329031350152,-0.0488026674749924
2026-03-06,600118,93.61464468,74.89207458496094,90.37517604,-0.19999616682878874,-0.0346042934956744
2026-03-06,600111,55.2271512,47.812408447265625,51.5473356,-0.13425901194654377,-0.06663055254604555
2026-03-06,600089,32.24385032,25.527957916259766,30.33558096,-0.20828444298956894,-0.05918242830994502
2026-03-06,600026,24.3446337,16.38766098022461,21.89847555,-0.3268470915532974,-0.10048038430744588
2026-03-06,600309,87.7628096,79.40398406982422,85.2047008,-0.09524336752974438,-0.029147982062780242
2026-03-06,600489,31.9,28.881093978881836,31.34,-0.09463655238614932,-0.017554858934169193
2026-03-06,600276,53.5016282,53.400821685791016,55.0752055,-0.0018841765680878142,0.02941176470588247
2026-03-06,601808,19.3514508,15.856714248657227,17.62154838,-0.18059299984592225,-0.08939393939393936
2026-03-06,601872,17.18888112,12.018003463745117,15.72201784,-0.300826890369167,-0.08533791523482259
2026-03-06,601899,37.1177578,31.118968963623047,36.211245,-0.16161506491582722,-0.024422617467480756
2026-03-06,601975,4.912089,3.820483922958374,4.514349,-0.22222827742771478,-0.08097165991902833
2026-03-13,2050,48.45434472,45.15614318847656,44.67971352,-0.06806823104476067,-0.07790077900779013
2026-03-13,2028,212.21110202,183.00576782226562,210.2095802,-0.13762396933871013,-0.009431748862089973
2026-03-13,2179,37.2731813,36.20579147338867,34.0963776,-0.02863693919819299,-0.0852302805717311
2026-03-13,2156,46.27815673,42.197235107421875,45.89858195,-0.08818245822510584,-0.008202028922944082
2026-03-13,21,31.07171875,26.3111515045166,32.24498685,-0.15321222761400666,0.037760000000000016
2026-03-13,768,27.11620824,26.152833938598633,25.57720704,-0.03552761849572539,-0.05675576711827157
2026-03-13,603662,60.48491982,60.570762634277344,57.29470305,0.0014192432515873765,-0.05274400262898449
2026-03-13,603619,37.66394933,29.700754165649414,36.1024917,-0.21142751373679658,-0.04145761816741478
2026-03-13,2241,25.1714853,23.919038772583008,23.9799357,-0.04975656034953935,-0.047337278106508895
2026-03-13,2342,13.7377075,13.02131462097168,12.86848528,-0.05214792053392614,-0.06327272727272737
2026-03-13,2273,25.57204014,23.837905883789062,25.25375726,-0.06781368427067302,-0.012446518864255074
2026-03-13,2371,457.57643503,433.7445068359375,461.21314811,-0.052082944770746376,0.007947771785410174
2026-03-13,2353,107.96843472,90.341552734375,97.53689424,-0.16325958629795545,-0.09661657601180063
2026-03-13,2463,75.9861641,70.0250015258789,85.92986045,-0.0784506317002136,0.1308619334555936
2026-03-13,2475,49.5801236,46.26726531982422,47.92412752,-0.06681827392975237,-0.03340040241448694
2026-03-13,2384,109.3,88.30682373046875,111.72,-0.1920693162811642,0.022140896614821548
2026-03-13,2422,32.39105265,33.32345199584961,33.01225092,0.02878570684085524,0.019178082191780854
2026-03-13,2517,18.62236875,18.723438262939453,18.76141577,0.005427317775535512,0.0074666666666667325
2026-03-13,2555,22.9931712,22.192108154296875,22.17822336,-0.03483917197568309,-0.03544303797468351
2026-03-13,2595,62.716124,57.28282928466797,59.08949596,-0.08663313943527551,-0.057826086956521694
2026-03-13,2558,35.66803437,32.03522491455078,32.67998028,-0.1018505650679965,-0.08377400500974108
2026-03-13,300308,534.1678664,438.9319763183594,574.5201136,-0.1782883173476506,0.0755422587883321
2026-03-13,300274,172.270851,147.0330810546875,164.309171,-0.14650052402256086,-0.046216060080878085
2026-03-13,2601,19.54,18.264949798583984,18.17,-0.0652533368176057,-0.07011258955987709
2026-03-13,2916,251.08777214,221.0998992919922,248.48356026,-0.11943183291015602,-0.010371719251019429
2026-03-13,300033,228.33742182,211.99925231933594,226.41974151,-0.07155274580240978,-0.008398449517012296
2026-03-13,300014,68.85799578,58.89284896850586,66.83481252,-0.14472025650198406,-0.029381965552178313
2026-03-13,300059,21.25399032,21.244184494018555,21.22413921,-0.0004613639995976193,-0.001404494382022392
2026-03-13,300034,21.00270065,20.098676681518555,19.33645314,-0.04304322494266688,-0.07933491686460814
2026-03-13,300394,238.19490492,166.8747100830078,219.61935327,-0.2994194811217551,-0.07798467249431207
2026-03-13,300191,45.5799729,33.59303283691406,42.3848817,-0.2629869940770838,-0.07009857612267256
2026-03-13,300164,19.76,11.46896743774414,20.45,-0.4195866681303573,0.03491902834008087
2026-03-13,300580,21.9792898,23.450233459472656,21.9295629,0.06692407593045413,-0.002262443438914019
2026-03-13,300476,278.68953469,264.2516784667969,275.50013968,-0.05180623750103519,-0.011444258262326645
2026-03-13,300474,65.6,67.3250732421875,64.62,0.02629684820407774,-0.01493902439024375
2026-03-13,300433,31.7451083,30.844823837280273,29.47476795,-0.02835978552071039,-0.0715178013741411
2026-03-13,300418,53.05,51.31778335571289,54.88,-0.03265252863877677,0.03449575871819044
2026-03-13,600406,29.6130313,25.750905990600586,27.25143615,-0.13041978952689703,-0.07974851091992052
2026-03-13,600426,31.39392382,25.391416549682617,27.7542693,-0.19119965075832257,-0.11593499878729085
2026-03-13,600316,39.71990925,37.26911544799805,37.04193801,-0.061701898324502236,-0.0674213836477987
2026-03-13,600362,50.8155156,41.92313766479492,45.01929384,-0.17499336236598328,-0.11406401551891354
2026-03-13,600428,7.9568307,7.284963607788086,7.7916706,-0.08443903327136448,-0.020757020757020794
2026-03-13,300502,270.19898843,224.9050750732422,314.1633036,-0.16763169107308484,0.16271087995353395
2026-03-13,300760,176.3750366,181.70327758789062,170.1190582,0.03020972293247226,-0.035469749691323216
2026-03-13,300750,387.989455,366.5553894042969,392.894505,-0.055243938512976154,0.012642225031605392
2026-03-13,400,32.01705276,29.79669189453125,28.3639011,-0.06934932087948842,-0.11410018552875689
2026-03-13,426,48.77,36.57511520385742,40.33,-0.25004889883417225,-0.17305720729956953
2026-03-13,600160,39.2769728,36.08515167236328,35.9584896,-0.08126443817067086,-0.08448928121059274
2026-03-13,600183,62.41124268,60.891357421875,60.2632458,-0.024352747884189396,-0.03441682600382412
2026-03-13,600118,90.37517604,80.39043426513672,83.86624368,-0.11048102158544115,-0.07202124128775311
2026-03-13,600111,51.5473356,44.59552764892578,46.4913288,-0.13486260483023327,-0.09808473592571099
2026-03-13,600089,30.33558096,28.269123077392578,27.67974216,-0.06811993761821211,-0.08754863813229574
2026-03-13,600026,21.89847555,17.9261474609375,23.12642745,-0.1813974712528562,0.05607476635514019
2026-03-13,600309,85.2047008,73.82830047607422,77.16633584,-0.13351845868961465,-0.09434180138568127
2026-03-13,600489,31.34,27.314239501953125,26.7,-0.12845438730207004,-0.14805360561582648
2026-03-13,600276,55.0752055,53.59660339355469,55.7922787,-0.026846964855089195,0.013019891500904102
2026-03-13,601808,17.62154838,16.338388442993164,16.99604694,-0.07281766104408793,-0.03549639489739331
2026-03-13,601872,15.72201784,12.805427551269531,17.38577552,-0.1855099210808724,0.10582341891045699
2026-03-13,601899,36.211245,32.130035400390625,31.8461888,-0.11270558633400685,-0.1205442176870748
2026-03-13,601975,4.514349,3.7563626766204834,4.653558,-0.16790600890173013,0.03083700440528636
2026-03-20,2050,44.67971352,40.55598068237305,43.57712388,-0.09229541804875374,-0.024677634504224
2026-03-20,2028,210.2095802,194.0164794921875,209.37312332,-0.07703312423918018,-0.003979156797726313
2026-03-20,2179,34.0963776,33.925567626953125,32.94207315,-0.0050096222845347205,-0.03385416666666663
2026-03-20,2156,45.89858195,40.943267822265625,42.71215156,-0.10796224888020478,-0.0694232861806311
2026-03-20,21,32.24498685,28.608699798583984,27.7010587,-0.11277061666458743,-0.140918902251002
2026-03-20,768,25.57720704,25.14900779724121,24.41550936,-0.0167414386601763,-0.04541925465838503
2026-03-20,603662,57.29470305,58.79552459716797,54.25356183,0.02619476962570566,-0.05307892454466612
2026-03-20,603619,36.1024917,29.436378479003906,34.76978264,-0.18464413139096703,-0.03691460055096418
2026-03-20,2241,23.9799357,23.071245193481445,22.55007618,-0.037893784115465845,-0.05962732919254643
2026-03-20,2342,12.86848528,11.627541542053223,12.21906638,-0.09643277440550313,-0.05046583850931685
2026-03-20,2273,25.25375726,23.75326156616211,23.28438194,-0.05941673068247,-0.07798345805435214
2026-03-20,2371,461.21314811,418.82598876953125,445.70716267,-0.09190362311691813,-0.03361999870025778
2026-03-20,2353,97.53689424,90.05502319335938,97.80564576,-0.07670811240135111,0.0027553832023676783
2026-03-20,2463,85.92986045,81.39978790283203,78.64378865,-0.05271825793088414,-0.08479091856828447
2026-03-20,2475,47.92412752,48.401397705078125,50.06894172,0.00995887061019407,0.04475437135720228
2026-03-20,2384,111.72,96.32470703125,104.3,-0.13780247913310062,-0.0664160401002506
2026-03-20,2422,33.01225092,33.959503173828125,31.66139119,0.028693961406135005,-0.04091995221027478
2026-03-20,2517,18.76141577,18.2218017578125,17.7781547,-0.02876190255590183,-0.05240868184224445
2026-03-20,2555,22.17822336,21.196903228759766,20.6647488,-0.044247012725560086,-0.06824146981627288
2026-03-20,2595,59.08949596,54.969635009765625,56.8535298,-0.06972239115092926,-0.037840332256576015
2026-03-20,2558,32.67998028,31.779739379882812,31.59792747,-0.02754716778908628,-0.03311057108140958
2026-03-20,300308,574.5201136,457.86590576171875,613.4740156,-0.20304634263770915,0.06780250347705152
2026-03-20,300274,164.309171,151.9014434814453,165.20486,-0.07551451597643732,0.005451241671714069
2026-03-20,2601,18.17,18.191068649291992,17.19,0.0011595294051729432,-0.05393505778756191
2026-03-20,2916,248.48356026,217.19580078125,230.9001602,-0.12591480678243716,-0.07076283051322052
2026-03-20,300033,226.41974151,225.77272033691406,208.51436748,-0.002857618195175604,-0.07908044550615823
2026-03-20,300014,66.83481252,64.93305206298828,69.76494,-0.02845463891205835,0.0438413361169101
2026-03-20,300059,21.22413921,21.50761604309082,19.02510744,0.013356340640531483,-0.1036099390529771
2026-03-20,300034,19.33645314,19.120670318603516,17.89968882,-0.011159379635663824,-0.07430340557275528
2026-03-20,300394,219.61935327,174.73077392578125,231.748725,-0.2043926397007132,0.05522906587876242
2026-03-20,300191,42.3848817,35.284908294677734,37.8418614,-0.167511931626372,-0.1071849234393405
2026-03-20,300164,20.45,16.222606658935547,17.5,-0.20671850078554777,-0.1442542787286063
2026-03-20,300580,21.9295629,23.343427658081055,20.9847518,0.06447300224488539,-0.04308390022675734
2026-03-20,300476,275.50013968,263.98651123046875,267.16399509,-0.04179173361909949,-0.030258222735141338
2026-03-20,300474,64.62,68.24757385253906,59.36,0.05613701412161953,-0.08139894769421241
2026-03-20,300433,29.47476795,27.229463577270508,28.70146425,-0.07617716877494507,-0.026236125126135157
2026-03-20,300418,54.88,46.413719177246094,50.7,-0.15426896542918933,-0.07616618075801751
2026-03-20,600406,27.25143615,25.927825927734375,26.44790585,-0.048570292405144544,-0.029485796476087733
2026-03-20,600426,27.7542693,25.062969207763672,26.8786202,-0.09696886857822373,-0.03155006858710563
2026-03-20,600316,37.04193801,35.823486328125,40.60923552,-0.03289384269111584,0.09630428918262735
2026-03-20,600362,45.01929384,40.76765060424805,43.58009592,-0.09444046925441418,-0.03196846945478449
2026-03-20,600428,7.7916706,7.077831745147705,8.5397487,-0.09161563565742814,0.09600997506234421
2026-03-20,300502,314.1633036,264.388427734375,326.005063,-0.1584363141565367,0.03769300635785644
2026-03-20,300760,170.1190582,177.75416564941406,162.635641,0.04488096472082437,-0.04398929361107895
2026-03-20,300750,392.894505,360.931884765625,394.856525,-0.0813516601215255,0.004993757802746579
2026-03-20,400,28.3639011,26.926841735839844,27.75009242,-0.05066508161531269,-0.02164048865619539
2026-03-20,426,40.33,34.070682525634766,39.1,-0.1552025161012951,-0.03049838829655338
2026-03-20,600160,35.9584896,35.195106506347656,34.48250752,-0.0212295650385812,-0.04104683195592296
2026-03-20,600183,60.2632458,55.42775344848633,55.10208663,-0.08023949402860864,-0.08564356435643561
2026-03-20,600118,83.86624368,74.4110336303711,78.67709484,-0.11274154695310068,-0.06187410586552222
2026-03-20,600111,46.4913288,41.32157516479492,46.0824604,-0.11119823349091018,-0.008794508794508715
2026-03-20,600089,27.67974216,25.62428092956543,27.85679808,-0.07425868415078363,0.006396588486140775
2026-03-20,600026,23.12642745,18.112823486328125,23.2921035,-0.21679111373823012,0.0071639275179098405
2026-03-20,600309,77.16633584,71.41416931152344,77.95344624,-0.07454243441600428,0.010200178503123825
2026-03-20,600489,26.7,23.980417251586914,25.04,-0.10185703177577099,-0.062172284644194775
2026-03-20,600276,55.7922787,55.877891540527344,51.42012405,0.0015344926309193152,-0.0783648696893966
2026-03-20,601808,16.99604694,16.10093879699707,16.3216782,-0.05266566667901473,-0.03967797584818855
2026-03-20,601872,17.38577552,13.72073745727539,16.43083768,-0.2108067056605254,-0.05492638731596822
2026-03-20,601899,31.8461888,29.039175033569336,31.6195606,-0.08814284761229152,-0.0071163366336634
2026-03-20,601975,4.653558,3.6107265949249268,4.414914,-0.22409335073831105,-0.05128205128205143
2026-03-27,2050,43.57712388,42.00343322753906,42.52420044,-0.036112770011955675,-0.024162297697743362
2026-03-27,2028,209.37312332,200.5909881591797,208.7159072,-0.04194490210378121,-0.0031389707980594705
2026-03-27,2179,32.94207315,34.24275207519531,32.8138171,0.03948382116913951,-0.0038933812518717748
2026-03-27,2156,42.71215156,40.77854537963867,40.72437837,-0.04527063399382003,-0.046538821328344415
2026-03-27,21,27.7010587,25.669809341430664,25.50366675,-0.07332749916050452,-0.0793251974156497
2026-03-27,768,24.41550936,24.222503662109375,24.19707048,-0.007905044905875624,-0.008946726311508724
2026-03-27,603662,54.25356183,56.83586120605469,53.90571888,0.04759686348605374,-0.006411430664956974
2026-03-27,603619,34.76978264,28.1687068939209,34.86923854,-0.1898509350612122,0.0028604118993134087
2026-03-27,2241,22.55007618,22.489519119262695,22.40113248,-0.0026854481667345498,-0.006605019815059454
2026-03-27,2342,12.21906638,12.15654182434082,13.7876628,-0.005116966690803637,0.12837285363859374
2026-03-27,2273,23.28438194,22.550142288208008,24.70670856,-0.031533568453051775,0.06108500640751813
2026-03-27,2371,445.70716267,418.5560607910156,437.604486,-0.06091690722746346,-0.01817937280043036
2026-03-27,2353,97.80564576,85.34072875976562,107.500608,-0.12744578192164246,0.09912477101567263
2026-03-27,2463,78.64378865,69.08492279052734,75.91648855,-0.12154635507215816,-0.03467915453740045
2026-03-27,2475,50.06894172,50.049198150634766,49.76966532,-0.0003943276747417901,-0.005977286312014329
2026-03-27,2384,104.3,96.85316467285156,106.25,-0.07139822940698404,0.01869606903163956
2026-03-27,2422,31.66139119,30.111133575439453,35.84215415,-0.04896366066978708,0.13204609156026148
2026-03-27,2517,17.7781547,17.805042266845703,18.62236875,0.0015123935694913992,0.04748603351955305
2026-03-27,2555,20.6647488,19.708444595336914,21.5379072,-0.046277078609495925,0.04225352112676051
2026-03-27,2595,56.8535298,55.59528350830078,53.7177236,-0.022131366269174335,-0.05515587529976018
2026-03-27,2558,31.59792747,29.18305778503418,33.80174145,-0.07642493917547499,0.06974552309142323
2026-03-27,300308,613.4740156,522.1045532226562,581.312076,-0.14893778718236517,-0.05242591989579937
2026-03-27,300274,165.20486,153.55123901367188,126.6404725,-0.07054042469651389,-0.23343373493975905
2026-03-27,2601,17.19,17.739824295043945,17.07,0.031985124784406294,-0.006980802792321161
2026-03-27,2916,230.9001602,185.366943359375,217.680306,-0.1971987234707211,-0.05725355144210065
2026-03-27,300033,208.51436748,205.8114776611328,209.3994507,-0.012962607092897094,0.004244710955396691
2026-03-27,300014,69.76494,68.640869140625,62.7386139,-0.016112260103355536,-0.10071428571428565
2026-03-27,300059,19.02510744,20.19499397277832,18.65694375,0.061491717535252954,-0.01935146443514646
2026-03-27,300034,17.89968882,17.98248291015625,17.82984611,0.004625448575605429,-0.0039018952062431778
2026-03-27,300394,231.748725,174.400146484375,230.1799644,-0.24746016840276042,-0.006769230769230861
2026-03-27,300191,37.8418614,29.40424346923828,38.53080294,-0.2229704781583952,0.018205804749340526
2026-03-27,300164,17.5,11.641852378845215,15.72,-0.3347512926374163,-0.10171428571428565
2026-03-27,300580,20.9847518,23.1646671295166,22.4765588,0.10388092031265295,0.07109004739336489
2026-03-27,300476,267.16399509,273.9232482910156,255.42980348,0.02530001544084781,-0.043921306110305314
2026-03-27,300474,59.36,64.2392578125,56.03,0.0821977394289084,-0.0560983827493261
2026-03-27,300433,28.70146425,27.792259216308594,27.2440842,-0.031678001713498216,-0.050777202072538885
2026-03-27,300418,50.7,49.64542007446289,47.79,-0.020800393008621576,-0.05739644970414204
2026-03-27,600406,26.44790585,25.763673782348633,25.56598235,-0.025870935548999996,-0.033345683586513575
2026-03-27,600426,26.8786202,24.783660888671875,27.12989342,-0.07794147525951223,0.00934844192634543
2026-03-27,600316,40.60923552,38.45859909057617,38.43088578,-0.05295929366522156,-0.05364173228346458
2026-03-27,600362,43.58009592,40.97873306274414,42.64363152,-0.05969153583395459,-0.02148835105179825
2026-03-27,600428,8.5397487,7.462332725524902,9.326688,-0.12616483368826747,0.0921501706484642
2026-03-27,300502,326.005063,298.7984313964844,319.22101891,-0.08345462905745005,-0.020809628008752745
2026-03-27,300760,162.635641,179.00274658203125,160.754888,0.1006366469329516,-0.011564211807668867
2026-03-27,300750,394.856525,383.13616943359375,393.5517817,-0.029682567779287017,-0.0033043478260869064
2026-03-27,400,27.75009242,26.92609214782715,27.1263836,-0.029693604608645563,-0.02247591865858012
2026-03-27,426,39.1,33.963623046875,39.96,-0.1313651394661126,0.021994884910485846
2026-03-27,600160,34.48250752,33.713706970214844,33.2838912,-0.022295378296930624,-0.03476012640045967
2026-03-27,600183,55.10208663,58.693965911865234,51.34309209,0.06518590313982142,-0.06821873308067139
2026-03-27,600118,78.67709484,70.95274353027344,78.27716044,-0.09817789186846593,-0.00508323802262034
2026-03-27,600111,46.0824604,43.957305908203125,47.4486792,-0.046116341735018884,0.02964726249729499
2026-03-27,600089,27.85679808,25.320594787597656,25.74196348,-0.0910443219324345,-0.07591807909604531
2026-03-27,600026,23.2921035,17.458850860595703,23.65269255,-0.2504390657290483,0.015481171548117123
2026-03-27,600309,77.95344624,74.79753112792969,81.37737648,-0.040484613115807755,0.0439227565316167
2026-03-27,600489,25.04,22.61025619506836,26.4,-0.09703449700206235,0.054313099041533475
2026-03-27,600276,51.42012405,53.106449127197266,57.13679095,0.03279504101463293,0.11117567305829934
2026-03-27,601808,16.3216782,15.851279258728027,15.7841379,-0.028820500901186374,-0.03293413173652704
2026-03-27,601872,16.43083768,12.792598724365234,19.16766984,-0.221427478409291,0.1665668064709407
2026-03-27,601899,31.6195606,29.10849952697754,32.6344608,-0.0794147997433734,0.03209722655032721
2026-03-27,601975,4.414914,3.834355115890503,4.77288,-0.13149947747781654,0.08108108108108114
2026-04-03,2050,42.52420044,41.653167724609375,44.57044788,-0.0204832238202719,0.04811959822471379
2026-04-03,2028,208.7159072,208.34332275390625,209.44282806,-0.0017851272147489938,0.003482824427480935
2026-04-03,2179,32.8138171,33.96821212768555,36.3457914,0.03518015061056534,0.1076368009621167
2026-04-03,2156,40.72437837,38.835975646972656,45.17938763,-0.04637032653685513,0.10939416237429489
2026-04-03,21,25.50366675,26.065441131591797,27.9396895,0.022027200523697,0.09551656920077978
2026-04-03,768,24.19707048,24.47845458984375,24.23678664,0.011628850280711811,0.0016413623307343084
2026-04-03,603662,53.90571888,58.06513214111328,55.66481037,0.07716089030131634,0.03263274336283173
2026-04-03,603619,34.86923854,31.987834930419922,35.56542984,-0.08263454351819854,0.01996577296063906
2026-04-03,2241,22.40113248,22.83708953857422,24.23810478,0.019461384774338786,0.08200354609929073
2026-04-03,2342,13.7876628,12.13728141784668,15.486143,-0.1196998654589464,0.12318840579710155
2026-04-03,2273,24.70670856,24.489267349243164,29.71966392,-0.00880089754686586,0.2028985507246377
2026-04-03,2371,437.604486,409.00054931640625,476.45936833,-0.06536481594385157,0.0887899543378996
2026-04-03,2353,107.500608,96.78172302246094,116.91686496,-0.0997099939894206,0.08759259259259267
2026-04-03,2463,75.91648855,73.71080017089844,87.9106368,-0.02905414121793648,0.15799134653205726
2026-04-03,2475,49.76966532,47.8220329284668,58.03966984,-0.039132921208343885,0.1661655642413309
2026-04-03,2384,106.25,86.26513671875,143.55,-0.18809283088235296,0.35105882352941187
2026-04-03,2422,35.84215415,35.982418060302734,33.524986,0.003913378356549924,-0.06464924346629985
2026-04-03,2517,18.62236875,18.0700626373291,20.05256667,-0.029658209440777905,0.07679999999999998
2026-04-03,2555,21.5379072,21.00248146057129,22.14911808,-0.024859692005206102,0.02837837837837842
2026-04-03,2595,53.7177236,53.82563781738281,56.6490207,0.002008912704238419,0.05456852791878175
2026-04-03,2558,33.80174145,32.01838684082031,34.30802304,-0.0527592524135968,0.01497797356828201
2026-04-03,300308,581.312076,387.3211364746094,733.7816437,-0.33371221334371637,0.26228522336769755
2026-04-03,300274,126.6404725,128.26968383789062,130.1635159,0.012864855174088419,0.027819253438113867
2026-04-03,2601,17.07,16.796184539794922,17.72,-0.01604074166403502,0.03807850029291138
2026-04-03,2916,217.680306,201.2416534423828,260.45100722,-0.07551740834844833,0.1964840182648402
2026-04-03,300033,209.3994507,205.29339599609375,228.7,-0.01960871764553407,0.09217096432431093
2026-04-03,300014,62.7386139,62.52991485595703,68.84802936,-0.0033264847765941408,0.09737887212073071
2026-04-03,300059,18.65694375,20.045639038085938,19.66193112,0.07443316047334592,0.05386666666666651
2026-04-03,300034,17.82984611,18.334609985351562,18.48836309,0.028310052270639874,0.03693340794627886
2026-04-03,300394,230.1799644,208.4755859375,255.9218997,-0.09429308288875549,0.11183395291202003
2026-04-03,300191,38.53080294,31.713855743408203,41.3364924,-0.17692201242748873,0.07281679191500379
2026-04-03,300164,15.72,16.21711540222168,14.57,0.031623117189674144,-0.07315521628498733
2026-04-03,300580,22.4765588,23.488914489746094,24.44574404,0.045040510816366286,0.08761061946902671
2026-04-03,300476,255.42980348,266.552734375,287.90996637,0.04354593999392442,0.12715886105492458
2026-04-03,300474,56.03,67.47706604003906,59.54,0.20430244583328694,0.06264501160092806
2026-04-03,300433,27.2440842,27.207962036132812,29.87133395,-0.001325871833386394,0.09643377001455611
2026-04-03,300418,47.79,40.16228103637695,50.05,-0.15960910156147823,0.047290228081188435
2026-04-03,600406,25.56598235,26.076948165893555,25.8305594,0.01998616008172105,0.010348792640858528
2026-04-03,600426,27.12989342,26.018888473510742,29.05632144,-0.04095131998086765,0.07100757788380596
2026-04-03,600316,38.43088578,36.15385437011719,37.39167306,-0.05925003714246446,-0.027041081643265574
2026-04-03,600362,42.64363152,41.53717041015625,44.2602648,-0.025946690523409477,0.037910309754970006
2026-04-03,600428,9.326688,8.244283676147461,8.8894995,-0.11605452266147853,-0.04687500000000011
2026-04-03,300502,319.22101891,315.73785400390625,372.7300775,-0.010911452253323461,0.1676238575163691
2026-04-03,300760,160.754888,172.89772033691406,156.5776366,0.07553631798066429,-0.025985221674876824
2026-04-03,300750,393.5517817,384.37872314453125,408.10016,-0.023308390361859055,0.03696687189969339
2026-04-03,400,27.1263836,26.514265060424805,28.19559872,-0.022565431079990872,0.039416058394160514
2026-04-03,426,39.96,37.819950103759766,43.3,-0.05355480220821407,0.08358358358358342
2026-04-03,600160,33.2838912,33.28279113769531,34.4726016,-3.3050892339403504e-05,0.03571428571428559
2026-04-03,600183,51.34309209,50.950252532958984,60.86985603,-0.007651264095126953,0.1855510362192525
2026-04-03,600118,78.27716044,67.32410430908203,78.90705712,-0.13992658994463103,0.008047004726018603
2026-04-03,600111,47.4486792,49.71373748779297,51.60717,0.047737014517212684,0.08764186633039106
2026-04-03,600089,25.74196348,25.869112014770508,26.64691596,0.004939348735744087,0.03515475735575091
2026-04-03,600026,23.65269255,20.371809005737305,23.49676215,-0.13871078471624987,-0.006592501030078357
2026-04-03,600309,81.37737648,77.48936462402344,87.63490416,-0.04777755224060476,0.07689517591585071
2026-04-03,600489,26.4,22.376323699951172,27.42,-0.15241198106245557,0.0386363636363638
2026-04-03,600276,57.13679095,57.04948806762695,56.8280511,-0.001527962647560055,-0.005403521004008982
2026-04-03,601808,15.7841379,15.43698501586914,15.4909341,-0.02199378175293687,-0.018575851393188736
2026-04-03,601872,19.16766984,14.174383163452148,18.78372576,-0.26050567013250736,-0.02003081664098605
2026-04-03,601899,32.6344608,31.134172439575195,33.255225,-0.04597251873163488,0.01902173913043481
2026-04-03,601975,4.77288,4.263113021850586,4.752993,-0.10680490147445854,-0.004166666666666652
2026-04-10,2050,43.48772472,41.8127326965332,45.47437272,-0.038516432723289196,0.04568296025582441
2026-04-10,2028,201.82509576,182.6243438720703,214.96941816,-0.0951356015248086,0.06512729425695674
2026-04-10,2179,36.3852548,36.110843658447266,35.1421577,-0.007541822726296665,-0.034164859002169146
2026-04-10,2156,44.68993594,43.79673767089844,47.96626562,-0.019986564095790027,0.07331247206079583
2026-04-10,21,27.5419715,26.34543800354004,28.60586715,-0.04344400314479879,0.03862815884476545
2026-04-10,768,23.88927024,23.92144775390625,24.54458688,0.00134694419641046,0.02743142144638422
2026-04-10,603662,54.3628839,58.62559509277344,56.5493253,0.07841216077893609,0.040219378427788
2026-04-10,603619,35.4063004,31.690141677856445,34.3122855,-0.10495755501593029,-0.03089887640449429
2026-04-10,2241,23.52317502,23.543834686279297,24.04944276,0.0008782686121975303,0.022372308991135625
2026-04-10,2342,15.57606254,13.444491386413574,18.49345206,-0.13684916506417844,0.18729955099422702
2026-04-10,2273,29.94842974,25.738847732543945,29.2919713,-0.14056102587020158,-0.021919628030554694
2026-04-10,2371,472.41302548,452.7745666503906,473.13237532,-0.04157052784405235,0.0015227138143980579
2026-04-10,2353,111.96984624,93.33737182617188,115.7622288,-0.16640618023079745,0.033869677304649404
2026-04-10,2463,85.4421316,71.70130920410156,93.962456,-0.1608202199381743,0.0997204100652378
2026-04-10,2475,54.95712292,50.96175765991211,60.3041946,-0.0726996801834745,0.09729533490651665
2026-04-10,2384,131.9,95.72564697265625,149.55,-0.2742558986151915,0.13381349507202422
2026-04-10,2422,33.65316977,32.7061767578125,35.41816168,-0.02813978649439708,0.05244652798124805
2026-04-10,2517,18.80114349,18.99850082397461,18.34427471,0.01049709205610716,-0.024300052826201846
2026-04-10,2555,21.75134592,22.313722610473633,22.59539904,0.025854799631343184,0.038804638715432827
2026-04-10,2595,55.1492873,50.433284759521484,60.68466694,-0.08551339049631768,0.10037082818294185
2026-04-10,2558,32.72961573,32.30357360839844,33.02742843,-0.013017021804232476,0.009099181073703333
2026-04-10,300308,692.20085036,603.58203125,808.65304098,-0.1280247186404222,0.16823468298173205
2026-04-10,300274,123.206998,120.80178833007812,133.258619,-0.019521696891940166,0.08158319870759301
2026-04-10,2601,17.62,17.10517692565918,17.9,-0.029218108645903573,0.015891032917139558
2026-04-10,2916,241.535682,216.77536010742188,268.51213636,-0.10251206648870259,0.11168724279835396
2026-04-10,300033,216.40987176,210.8782958984375,239.77,-0.025560644792105625,0.10794391240112455
2026-04-10,300014,64.89136062,64.52877044677734,70.74164916,-0.0055876494152428124,0.09015512210105969
2026-04-10,300059,18.85595115,21.012374877929688,19.96044222,0.1143630311075392,0.058575197889182196
2026-04-10,300034,18.22894731,17.79463005065918,19.12692501,-0.023825690642188757,0.049261083743842526
2026-04-10,300394,247.3650237,221.8141632080078,253.54736661,-0.10329213123913517,0.02499279331219384
2026-04-10,300191,38.72051148,34.42067337036133,37.05307326,-0.11104807104264702,-0.043063434760185704
2026-04-10,300164,14.35,13.133101463317871,13.64,-0.08480129175485218,-0.049477351916376255
2026-04-10,300580,23.868912,23.652925491333008,27.0514336,-0.009048862749462261,0.1333333333333333
2026-04-10,300476,276.23538962,254.78192138671875,303.5,-0.07766372101269658,0.09870064229462505
2026-04-10,300474,58.57,69.6650619506836,60.91,0.18943250726794592,0.03995219395595018
2026-04-10,300433,29.41528305,28.135578155517578,25.4198806,-0.0435047622117789,-0.13582743511964945
2026-04-10,300418,50.46,46.569091796875,52.02,-0.07710876343886253,0.030915576694411362
2026-04-10,600406,25.4385934,24.71455955505371,26.33031605,-0.028462023570308248,0.03505392912172578
2026-04-10,600426,29.5055675,26.466636657714844,27.19842248,-0.10299516666761821,-0.0781935483870968
2026-04-10,600316,36.93202128,36.76053237915039,39.08039373,-0.004643366241708469,0.058170995670995485
2026-04-10,600362,44.4081276,41.23294448852539,46.54720944,-0.07150004476826011,0.048168701442841355
2026-04-10,600428,9.2101044,7.745481014251709,8.8506383,-0.15902353786003676,-0.039029535864978926
2026-04-10,300502,349.54591,319.0966796875,383.4304625,-0.08711081846873847,0.09693877551020402
2026-04-10,300760,154.716681,173.3656463623047,158.8345402,0.1205362294599941,0.026615483045425492
2026-04-10,300750,382.5840899,387.33404541015625,445.3589198,0.012415454890970068,0.16408113028539195
2026-04-10,400,27.73029214,26.550365447998047,25.77996456,-0.04255009958225242,-0.07033202427704388
2026-04-10,426,43.56,40.04839324951172,44.75,-0.08061539831240316,0.02731864095500458
2026-04-10,600160,34.3735424,32.67869186401367,33.7791872,-0.04930683361824029,-0.01729106628242061
2026-04-10,600183,58.8710256,55.282684326171875,67.18456908,-0.06095258639129475,0.14121621621621627
2026-04-10,600118,79.11702268,75.93247985839844,85.47597964,-0.04025104476544705,0.08037406798938451
2026-04-10,600111,51.657032,50.148075103759766,49.2536836,-0.02921106455051914,-0.04652509652509651
2026-04-10,600089,26.29280412,23.862323760986328,27.4928498,-0.09243899387532006,0.04564160119715677
2026-04-10,600026,24.9098814,19.617523193359375,21.43068435,-0.21246019287111595,-0.13967136150234738
2026-04-10,600309,86.17874992,77.78325653076172,88.6483088,-0.09741953088240252,0.02865623929672334
2026-04-10,600489,27.78,25.225513458251953,27.07,-0.09195415917019611,-0.025557955363570972
2026-04-10,600276,56.7284576,56.73095703125,57.23638445,4.4059566498777514e-05,0.008953651685393416
2026-04-10,601808,15.35410566,15.277162551879883,14.99248764,-0.005011239978670146,-0.02355187778485035
2026-04-10,601872,19.443322,14.465641021728516,17.79925376,-0.25600980008825047,-0.08455696202531637
2026-04-10,601899,33.403026,29.381071090698242,34.782502,-0.12040690293453515,0.041297935103244976
2026-04-10,601975,4.951863,3.7503843307495117,4.3453095,-0.24263164575645335,-0.12248995983935751
2026-04-17,2050,45.47437272,45.20625686645508,44.85851184,-0.00589597695378441,-0.013543031891655732
2026-04-17,2028,214.96941816,207.7454833984375,223.04521018,-0.03360447650365683,0.03756716694459872
2026-04-17,2179,35.1421577,35.07006072998047,35.36907225,-0.0020515806295960948,0.006457046603032035
2026-04-17,2156,47.96626562,44.82904052734375,47.18713844,-0.06540482257906177,-0.016243231986672324
2026-04-17,21,28.60586715,27.072635650634766,28.56609535,-0.053598497515403465,-0.0013903371567605127
2026-04-17,768,24.54458688,24.216835021972656,24.10770912,-0.013353325506342495,-0.017799352750809128
2026-04-17,603662,56.5493253,58.215789794921875,55.68468711,0.029469219766657062,-0.015289982425307547
2026-04-17,603619,34.3122855,29.581018447875977,33.20832501,-0.1378884263516642,-0.032173913043478164
2026-04-17,2241,24.04944276,23.56012535095215,24.13880898,-0.020346309639311277,0.0037159372419488523
2026-04-17,2342,18.49345206,15.333908081054688,18.94304976,-0.1708466309423743,0.024311183144246407
2026-04-17,2273,29.2919713,26.096471786499023,33.30034632,-0.10909130972352743,0.13684210526315788
2026-04-17,2371,473.13237532,442.2016906738281,474.571075,-0.06537427210567048,0.003040797364642245
2026-04-17,2353,115.7622288,99.00695037841797,129.78707664,-0.14473873382767866,0.12115219260533117
2026-04-17,2463,93.962456,82.7294921875,106.1258163,-0.11954736275199107,0.12944915254237288
2026-04-17,2475,60.3041946,52.39996337890625,67.60653876,-0.13107266042640675,0.12109181141439218
2026-04-17,2384,149.55,100.59322357177734,186.66,-0.32736059129537054,0.24814443329989966
2026-04-17,2422,35.41816168,33.49494552612305,32.7361628,-0.054300281625371816,-0.07572383073496647
2026-04-17,2517,18.34427471,18.768218994140625,17.25176241,0.023110441314396546,-0.059556036816459046
2026-04-17,2555,22.59539904,22.17215347290039,20.6647488,-0.018731493360677143,-0.08544439673679682
2026-04-17,2595,60.68466694,56.971160888671875,61.93898942,-0.0611934816252635,0.020669512469108087
2026-04-17,2558,33.02742843,29.733516693115234,31.64756292,-0.09973261296640301,-0.041779380823564805
2026-04-17,300308,808.65304098,701.949951171875,895.939746,-0.1319516336435369,0.10794086041427353
2026-04-17,300274,133.258619,136.1759490966797,133.855745,0.021892243207770834,0.004480955937266717
2026-04-17,2601,17.9,17.214935302734375,17.53,-0.0382717707969622,-0.02067039106145241
2026-04-17,2916,268.51213636,236.743408203125,299.4843662,-0.11831393763998055,0.11534759754201529
2026-04-17,300033,239.77,236.4781036376953,236.01,-0.013729392177106003,-0.015681694957667802
2026-04-17,300014,70.74164916,67.91829681396484,71.62866054,-0.03991075101528141,0.01253874330797422
2026-04-17,300059,19.96044222,20.782896041870117,19.89,0.041204188404504904,-0.0035290911505667655
2026-04-17,300034,19.12692501,18.61478614807129,19.96503753,-0.026775807489230696,0.04381846635367759
2026-04-17,300394,253.54736661,215.08108520507812,249.63972657,-0.1517124075048657,-0.015411873892623218
2026-04-17,300191,37.05307326,34.65516662597656,43.0838079,-0.06471545874744089,0.162759364052816
2026-04-17,300164,13.64,12.503557205200195,13.9,-0.08331692043986838,0.019061583577712593
2026-04-17,300580,27.0514336,25.688451766967773,28.97089194,-0.05038482814575218,0.07095588235294126
2026-04-17,300476,303.5,287.3786926269531,331.95,-0.05311798145979196,0.09373970345963745
2026-04-17,300474,60.91,66.08058166503906,62.12,0.08488887974124215,0.019865375143654607
2026-04-17,300433,25.4198806,24.489727020263672,26.371639,-0.03659157941663693,0.03744149765990645
2026-04-17,300418,52.02,50.55427551269531,52.36,-0.028176172381866427,0.006535947712418277
2026-04-17,600406,26.33031605,25.39997100830078,26.40870925,-0.0353336070836574,0.0029772981019724476
2026-04-17,600426,27.19842248,26.008258819580078,27.66289722,-0.043758554794679494,0.017077267637177984
2026-04-17,600316,39.08039373,38.14196014404297,41.25874347,-0.024012899983570035,0.05574021989261069
2026-04-17,600362,46.54720944,45.66128158569336,44.02368432,-0.019032888651437152,-0.054214315967810345
2026-04-17,600428,8.8506383,7.371686935424805,8.8020618,-0.16710109649099492,-0.005488474204171201
2026-04-17,300502,383.4304625,354.5213623046875,433.92201252,-0.07539594013168027,0.13168372093023262
2026-04-17,300760,158.8345402,169.35458374023438,159.4086648,0.06623271945124687,0.0036146080019943128
2026-04-17,300750,445.3589198,417.467529296875,437.3164488,-0.06262676969768644,-0.01805840332918829
2026-04-17,400,25.77996456,25.75581932067871,25.8888661,-0.0009365893139648973,0.004224270353302639
2026-04-17,426,44.75,41.10944747924805,41.1,-0.08135312895535096,-0.08156424581005584
2026-04-17,600160,33.7791872,33.760719299316406,33.29379712,-0.000546724246923147,-0.014369501466275691
2026-04-17,600183,67.18456908,57.89649200439453,74.53350285,-0.13824717792780206,0.10938425103611604
2026-04-17,600118,85.47597964,75.04293060302734,101.983272,-0.1220582563769802,0.1931220025734004
2026-04-17,600111,49.2536836,50.21044921875,47.0298384,0.01942526017993096,-0.045150840251062974
2026-04-17,600089,27.4928498,21.754671096801758,27.22726592,-0.2087153112515182,-0.009660107334525825
2026-04-17,600026,21.43068435,17.060049057006836,20.90441925,-0.20394287096077568,-0.024556616643929052
2026-04-17,600309,88.6483088,77.43445587158203,86.2377832,-0.12649821615568102,-0.02719200887902329
2026-04-17,600489,27.07,25.3358154296875,25.83,-0.06406296898088293,-0.04580716660509798
2026-04-17,600276,57.23638445,54.51749038696289,56.170734,-0.04750289678783359,-0.018618409605011266
2026-04-17,601808,14.99248764,14.891624450683594,14.89475304,-0.006727581955599082,-0.006518904823989646
2026-04-17,601872,17.79925376,15.11894416809082,17.24794944,-0.15058550364243917,-0.030973451327433676
2026-04-17,601899,34.782502,29.727922439575195,33.895696,-0.14531960813011113,-0.025495750708215303
2026-04-17,601975,4.3453095,4.140340805053711,4.4845185,-0.047170102600583186,0.03203661327231133
2026-04-24,2050,44.85851184,42.7771110534668,46.60676208,-0.04639923843120519,0.03897254207263079
2026-04-24,2028,223.04521018,196.39093017578125,194.17749,-0.11950169197853855,-0.12942542077771324
2026-04-24,2179,35.36907225,35.57565689086914,36.0695476,0.005840827246158309,0.019804741980474105
2026-04-24,2156,47.18713844,42.50446319580078,51.71206937,-0.0992362622317815,0.09589331075359864
2026-04-24,21,28.56609535,27.05706214904785,29.0532999,-0.05282602268399095,0.017055342847198007
2026-04-24,768,24.10770912,25.154441833496094,23.333244,0.043419003783636834,-0.032125205930807144
2026-04-24,603662,55.68468711,56.248313903808594,55.8536394,0.010121755603927474,0.003034088880956576
2026-04-24,603619,33.20832501,30.146900177001953,33.47685594,-0.09218847478986558,0.008086253369272045
2026-04-24,2241,24.13880898,25.20380401611328,24.327471,0.044119618204679245,0.007815713698066551
2026-04-24,2342,18.94304976,17.381498336791992,19.79228986,-0.08243400313002236,0.04483122362869185
2026-04-24,2273,33.30034632,26.146169662475586,32.822922,-0.21483790555138038,-0.01433691756272415
2026-04-24,2371,474.571075,425.20263671875,536.50509803,-0.1040274911007798,0.13050526315789468
2026-04-24,2353,129.78707664,111.80300903320312,136.366512,-0.1385659348555991,0.05069407163126005
2026-04-24,2463,106.1258163,78.11576080322266,102.09458805,-0.26393253284947726,-0.03798536859876189
2026-04-24,2475,67.60653876,62.83661651611328,66.838396,-0.07055415543191346,-0.011361959569130886
2026-04-24,2384,186.66,127.52557373046875,186.73,-0.3168028836897635,0.0003750133933353439
2026-04-24,2422,32.7361628,32.8100471496582,34.08702253,0.002256964266386108,0.04126506024096366
2026-04-24,2517,17.25176241,17.892433166503906,17.85761014,0.03713653951856766,0.03511801957397798
2026-04-24,2555,20.6647488,20.638410568237305,20.79087168,-0.001274548847295831,0.00610328638497637
2026-04-24,2595,61.93898942,58.65911102294922,59.61440265,-0.05295337279093082,-0.03753026634382561
2026-04-24,2558,31.64756292,30.54706573486328,32.58070938,-0.034773520726338325,0.029485570890840807
2026-04-24,300308,895.939746,770.434326171875,857.5,-0.14008243343199667,-0.04290438745643055
2026-04-24,300274,133.855745,124.75631713867188,136.7518061,-0.06797935987975812,0.021635687732342035
2026-04-24,2601,17.53,16.997303009033203,16.91,-0.030387734795595978,-0.03536794067313187
2026-04-24,2916,299.4843662,246.45094299316406,310.616875,-0.17708244299944342,0.03717225356787246
2026-04-24,300033,236.01,214.82933044433594,235.0,-0.0897447970664974,-0.004279479683064191
2026-04-24,300014,71.62866054,71.04740142822266,72.34624278,-0.008114895733011052,0.01001808821483241
2026-04-24,300059,19.89,20.46584129333496,20.36,0.02895129679914321,0.02362996480643531
2026-04-24,300034,19.96503753,19.60610008239746,19.60584645,-0.017978300670018266,-0.01799100449775104
2026-04-24,300394,249.63972657,222.5106964111328,219.2699475,-0.1086727282216442,-0.1216544317175583
2026-04-24,300191,43.0838079,36.158447265625,43.31345508,-0.1607416097121489,0.005330243337195784
2026-04-24,300164,13.9,14.059835433959961,13.48,0.011498952083450309,-0.030215827338129442
2026-04-24,300580,28.97089194,26.461559295654297,28.7918751,-0.08661565027209528,-0.006179196704428569
2026-04-24,300476,331.95,318.123779296875,328.49,-0.041651515900361424,-0.01042325651453524
2026-04-24,300474,62.12,64.6883544921875,65.98,0.04134504977764819,0.06213779781068918
2026-04-24,300433,26.371639,26.045244216918945,25.46945135,-0.01237673483551982,-0.03421052631578936
2026-04-24,300418,52.36,47.92902374267578,48.86,-0.08462521499855269,-0.0668449197860963
2026-04-24,600406,26.40870925,25.71756362915039,25.44839255,-0.026171124620549602,-0.036363636363636376
2026-04-24,600426,27.66289722,25.914196014404297,29.315209,-0.06321468036006772,0.059730250481695446
2026-04-24,600316,41.25874347,38.46611404418945,36.58228623,-0.06768576042169383,-0.11334463550496487
2026-04-24,600362,44.02368432,40.30424499511719,44.81228592,-0.08448723414076154,0.017913121361397222
2026-04-24,600428,8.8020618,8.055325508117676,8.3162968,-0.0848365199937956,-0.05518763796909498
2026-04-24,300502,433.92201252,334.3988342285156,375.07702861,-0.22935729329218402,-0.13561188926152423
2026-04-24,300760,159.4086648,174.9720916748047,166.694108,0.09763225163657907,0.0457029309488326
2026-04-24,300750,437.3164488,410.48199462890625,434.426912,-0.06136163925397209,-0.006607427660059173
2026-04-24,400,25.8888661,25.918678283691406,24.93845266,0.0011515445897185561,-0.03671128107074573
2026-04-24,426,41.1,35.24165725708008,42.38,-0.1425387528690979,0.03114355231143562
2026-04-24,600160,33.29379712,32.237369537353516,36.28538496,-0.03173046254949019,0.08985421005653094
2026-04-24,600183,74.53350285,72.05606079101562,76.08483393,-0.03323930801924435,0.020813875917278235
2026-04-24,600118,101.983272,84.55381774902344,102.7831408,-0.1709050308856198,0.007843137254901933
2026-04-24,600111,47.0298384,44.84471130371094,52.8936096,-0.046462568671915006,0.12468193384223913
2026-04-24,600089,27.22726592,26.219900131225586,26.38133208,-0.03699841885462496,-0.03106936416184969
2026-04-24,600026,20.90441925,19.63981056213379,21.04085835,-0.06049480125434292,0.006526806526806483
2026-04-24,600309,86.2377832,84.56831359863281,88.09733152,-0.01935891136597745,0.02156303479749
2026-04-24,600489,25.83,24.004453659057617,25.96,-0.07067542938220606,0.005032907471931969
2026-04-24,600276,56.170734,54.47561264038086,53.6609778,-0.03017801689433408,-0.04468085106382991
2026-04-24,601808,14.89475304,14.67898941040039,14.7579246,-0.014485881640345033,-0.009186351706036655
2026-04-24,601872,17.24794944,16.075172424316406,17.3267072,-0.06799515616411689,0.004566210045662267
2026-04-24,601899,33.895696,31.090356826782227,32.811822,-0.0827638757799154,-0.03197674418604657
2026-04-24,601975,4.4845185,4.050192832946777,4.454688,-0.09685001122265924,-0.006651884700665245
2026-05-01,2050,46.60676208,44.95262145996094,50.58005808,-0.03549142970283481,0.08525149190110826
2026-05-01,2028,194.17749,177.15521240234375,197.5133597,-0.0876634958957202,0.01717948717948703
2026-05-01,2179,36.0695476,36.91585922241211,40.30199725,0.02346332789635852,0.1173413566739605
2026-05-01,2156,51.71206937,44.68366241455078,59.41344188,-0.13591424673340669,0.1489279505505119
2026-05-01,21,29.0532999,27.945096969604492,32.12567145,-0.03814378863020329,0.10574948665297734
2026-05-01,768,23.333244,24.411699295043945,25.3686972,0.04621968960012346,0.08723404255319145
2026-05-01,603662,55.8536394,59.91471862792969,60.96196158,0.07270930366499417,0.09145907473309611
2026-05-01,603619,33.47685594,30.157798767089844,28.842211,-0.0991448294564713,-0.13844325609031494
2026-05-01,2241,24.327471,25.364227294921875,25.08211908,0.04261669019857739,0.031020408163265234
2026-05-01,2342,19.79228986,16.50763702392578,20.3817624,-0.16595618088195374,0.029782937910146412
2026-05-01,2273,32.822922,25.81235694885254,37.78614566,-0.21358747558025026,0.15121212121212135
2026-05-01,2371,536.50509803,445.62994384765625,580.92495065,-0.16938357998093478,0.08279483789269815
2026-05-01,2353,136.366512,108.2899169921875,143.1350688,-0.20589068823445822,0.04963503649635026
2026-05-01,2463,102.09458805,90.66044616699219,108.68,-0.11199557294269147,0.06450304639825633
2026-05-01,2475,66.838396,62.53972625732422,77.00381772,-0.06431437616599578,0.15208955223880594
2026-05-01,2384,186.73,145.292236328125,219.46,-0.22191272785238036,0.17527981577679008
2026-05-01,2422,34.08702253,32.16200256347656,33.5,-0.05647369067888597,-0.017221290873480122
2026-05-01,2517,17.85761014,18.356155395507812,17.7781547,0.027917803759815563,-0.004449388209121108
2026-05-01,2555,20.79087168,21.549468994140625,20.9072928,0.03648703747569981,0.005599626691553894
2026-05-01,2595,59.61440265,55.4935302734375,58.14,-0.06912544944476606,-0.024732322802197948
2026-05-01,2558,32.58070938,33.16328811645508,31.39938567,0.017881094289883714,-0.03625837903717244
2026-05-01,300308,857.5,668.4891357421875,1017.99,-0.22042083295371717,0.18716034985422736
2026-05-01,300274,136.7518061,123.16718292236328,139.85,-0.09933779717470748,0.022655597672577965
2026-05-01,2601,16.91,16.840675354003906,17.55,-0.004099624245777256,0.03784742755765813
2026-05-01,2916,310.616875,239.09390258789062,327.80268546,-0.2302610648958121,0.055328000000000044
2026-05-01,300033,235.0,206.86509704589844,251.92,-0.11972299129404917,0.07199999999999984
2026-05-01,300014,72.34624278,72.57901000976562,67.86135378,0.003217405919384797,-0.06199200991872156
2026-05-01,300059,20.36,21.16480827331543,21.27,0.03952889358130807,0.0446954813359528
2026-05-01,300034,19.60584645,18.977359771728516,20.68341969,-0.0320560848966297,0.05496183206106875
2026-05-01,300394,219.2699475,216.7450714111328,244.19184885,-0.011514920843711085,0.11365853658536595
2026-05-01,300191,43.31345508,37.25307846069336,36.4939323,-0.13991902996685712,-0.1574458275703089
2026-05-01,300164,13.48,13.638936996459961,12.7,0.011790578372400606,-0.05786350148367958
2026-05-01,300580,28.7918751,25.93899917602539,28.81176586,-0.099086145451312,0.000690846286701241
2026-05-01,300476,328.49,319.0634765625,375.43,-0.028696530906572537,0.14289628299187185
2026-05-01,300474,65.98,69.80229949951172,68.57,0.05793118368462746,0.03925431949075464
2026-05-01,300433,25.46945135,27.21435546875,30.2183292,0.06850968616369513,0.18645387310237438
2026-05-01,300418,48.86,47.023921966552734,52.63,-0.03757834698009144,0.07715923045435935
2026-05-01,600406,25.44839255,24.47585105895996,26.3597135,-0.03821622482163578,0.03581055063534855
2026-05-01,600426,29.315209,25.883499145507812,26.64257566,-0.11706243863013865,-0.09116883116883123
2026-05-01,600316,36.58228623,35.90534973144531,34.19409546,-0.018504488601359004,-0.06528270964217431
2026-05-01,600362,44.81228592,40.018714904785156,48.43985328,-0.1069700176369589,0.0809502859656841
2026-05-01,600428,8.3162968,7.613641262054443,7.9276848,-0.08449139741447864,-0.04672897196261683
2026-05-01,300502,375.07702861,324.16162109375,422.67947468,-0.13574653639797052,0.12691378687308608
2026-05-01,300760,166.694108,174.97442626953125,164.7044693,0.04967373093673633,-0.0119358669833729
2026-05-01,300750,434.426912,436.8755187988281,429.69405,0.005636406795231252,-0.01089449541284404
2026-05-01,400,24.93845266,24.084487915039062,26.9778815,-0.0342428921554806,0.08177848352520845
2026-05-01,426,42.38,34.970001220703125,50.95,-0.17484659696311655,0.2022180273714016
2026-05-01,600160,36.28538496,36.13742446899414,34.82921472,-0.004077688335647256,-0.040131040131040074
2026-05-01,600183,76.08483393,71.5,85.14420966,-0.060259498420121016,0.11906940269245858
2026-05-01,600118,102.7831408,86.40745544433594,111.64168776,-0.1593226790717419,0.08618677042801548
2026-05-01,600111,52.8936096,47.659690856933594,54.2897456,-0.09895181634694872,0.02639517345399711
2026-05-01,600089,26.38133208,24.038387298583984,28.46665736,-0.08881070805337499,0.07904548844146153
2026-05-01,600026,21.04085835,20.86315155029297,21.58661475,-0.008445796114920912,0.025937934228809523
2026-05-01,600309,88.09733152,81.97184753417969,81.94803152,-0.06953086864418467,-0.06980120616484253
2026-05-01,600489,25.96,23.14288330078125,26.83,-0.10851759241982861,0.033513097072418896
2026-05-01,600276,53.6609778,57.519065856933594,55.88191285,0.07189746096899485,0.04138827023014113
2026-05-01,601808,14.7579246,14.577656745910645,13.98582126,-0.012214986793560145,-0.05231788079470201
2026-05-01,601872,17.3267072,16.029743194580078,17.51375688,-0.07485346121736991,0.010795454545454497
2026-05-01,601899,32.811822,29.47555160522461,34.0730572,-0.10167891300810394,0.038438438438438416
2026-05-01,601975,4.454688,3.9178872108459473,4.633671,-0.12050244352781891,0.0401785714285714
2026-05-08,2050,49.98406368,47.9826545715332,49.10000532,-0.040040944275357426,-0.017686804451510274
2026-05-08,2028,205.80822376,184.258056640625,201.9445896,-0.10470994173928339,-0.018772982388232995
2026-05-08,2179,36.11887685,36.6151008605957,39.8383023,0.013738633475689044,0.10297732859874364
2026-05-08,2156,59.01388948,49.945037841796875,57.3357694,-0.15367317284309134,-0.028436018957346043
2026-05-08,21,31.3600643,29.15909767150879,34.1440903,-0.07018374093356727,0.08877615726062138
2026-05-08,768,23.29352784,24.291688919067383,24.05806392,0.04285143435222061,0.03282182438192671
2026-05-08,603662,58.58669115,60.40506362915039,60.01781643,0.031037296072836673,0.02442748091603053
2026-05-08,603619,29.05106839,27.298675537109375,28.62340802,-0.06032111553920805,-0.014720985963711075
2026-05-08,2241,25.16155572,25.64394760131836,25.15162614,0.019171782805739834,-0.00039463299131803353
2026-05-08,2342,22.10022472,13.895689010620117,19.89220046,-0.37124218478896454,-0.09990958408679917
2026-05-08,2273,34.87186804,28.65714454650879,38.60174554,-0.1782159615413368,0.10695949800342275
2026-05-08,2371,551.64141758,464.5779113769531,563.8903468,-0.15782626798579857,0.022204513348063726
2026-05-08,2353,150.1027008,125.78483581542969,138.02878992,-0.1620081774342752,-0.08043766578249334
2026-05-08,2463,107.3799762,81.50886535644531,107.02,-0.24093049522909737,-0.0033523587240281705
2026-05-08,2475,69.35231776,61.864356994628906,75.2181352,-0.10796987047042705,0.08457997698504038
2026-05-08,2384,211.07,113.44568634033203,214.89,-0.46252102932519057,0.018098261240346858
2026-05-08,2422,33.55456687,32.98847198486328,31.39,-0.01687087445741542,-0.06450886040002102
2026-05-08,2517,18.60250489,19.009740829467773,17.52985645,0.021891457192234842,-0.0576615056059796
2026-05-08,2555,21.5379072,20.56080436706543,20.5677312,-0.045366656280075746,-0.04504504504504503
2026-05-08,2595,59.54623295,56.4609375,59.01,-0.051813444732778824,-0.0090053211334169
2026-05-08,2558,33.1564806,33.50412368774414,30.68463519,0.010484921241735723,-0.07455089820359284
2026-05-08,300308,877.47,712.941162109375,1078.0,-0.18750366153899856,0.22853202958505703
2026-05-08,300274,138.831795,135.08319091796875,135.03,-0.027001048873791844,-0.027384180979580397
2026-05-08,2601,16.51,16.6882381439209,17.8,0.01079576886256195,0.07813446396123558
2026-05-08,2916,321.550589,274.11053466796875,329.36322464,-0.1475352742458551,0.024296754250386465
2026-05-08,300033,247.24,233.1634979248047,237.0,-0.05693456590841017,-0.0414172464002589
2026-05-08,300014,71.56886202,64.91714477539062,65.3,-0.09294149797646001,-0.08759203154925332
2026-05-08,300059,20.73,21.29483413696289,20.18,0.027247184609883845,-0.026531596719729933
2026-05-08,300034,20.29429602,20.591611862182617,20.1546106,0.014650217080188987,-0.006882989183874089
2026-05-08,300394,233.98777422,191.71771240234375,279.524616,-0.18065072826374717,0.19461205582982855
2026-05-08,300191,36.90330336,32.34380340576172,37.77196878,-0.12355262372474729,0.023538961038960915
2026-05-08,300164,12.8,11.668706893920898,12.25,-0.08838227391242981,-0.04296875
2026-05-08,300580,29.50794246,26.302642822265625,27.04148822,-0.10862497926039316,-0.08358611391978421
2026-05-08,300476,338.06,301.297607421875,354.83,-0.10874517120666449,0.04960657871383778
2026-05-08,300474,67.3,66.21730041503906,65.59,-0.01608766099496184,-0.025408618127785942
2026-05-08,300433,27.3828823,27.896709442138672,32.03261865,0.018764538243611906,0.1698044895003623
2026-05-08,300418,54.87,50.154945373535156,49.03,-0.08593137646190707,-0.10643338800801894
2026-05-08,600406,25.9089526,25.257049560546875,26.72228205,-0.025161304261026918,0.03139183055975803
2026-05-08,600426,27.50299608,26.48090171813965,25.86591298,-0.037163018853920815,-0.05952380952380942
2026-05-08,600316,36.54231651,34.25857925415039,33.58455723,-0.0624956892162174,-0.08094066174459935
2026-05-08,600362,46.9217952,44.26493835449219,47.7103968,-0.05662308601329502,0.01680672268907557
2026-05-08,600428,8.2385744,7.901893615722656,8.0928449,-0.040866388762276995,-0.017688679245283057
2026-05-08,300502,401.9777965,329.90093994140625,440.7845261,-0.17930556659139696,0.09653948535936108
2026-05-08,300760,168.772835,175.83956909179688,159.6066388,0.04187127680705771,-0.054310850439882596
2026-05-08,300750,450.01048288,416.0810546875,425.459384,-0.0753969729224011,-0.054556726596404204
2026-05-08,400,26.01756792,26.050310134887695,26.26507142,0.0012584656255485438,0.0095129375951295
2026-05-08,426,48.14,40.313621520996094,48.17,-0.16257537347328432,0.0006231823847113738
2026-05-08,600160,35.81980672,35.94718551635742,34.23485952,0.003556099488563058,-0.04424778761061954
2026-05-08,600183,81.544326,75.73577117919922,92.80142076,-0.07123186990104968,0.138048780487805
2026-05-08,600118,107.2824028,91.90384674072266,100.7834688,-0.14334649166971625,-0.06057781919850891
2026-05-08,600111,55.1573444,51.81870651245117,53.1229748,-0.060529344258075435,-0.03688302296148971
2026-05-08,600089,27.3453032,26.239931106567383,27.30595744,-0.04042274043729077,-0.0014388489208633226
2026-05-08,600026,22.11287985,19.517534255981445,22.22982765,-0.1173680502776554,0.00528867342441619
2026-05-08,600309,83.4337024,79.24405670166016,80.66897712,-0.050215267665502106,-0.0331367924528303
2026-05-08,600489,27.75,26.59812355041504,26.02,-0.041509061246304935,-0.06234234234234237
2026-05-08,600276,53.4617908,54.51872253417969,54.0991892,0.01976985279325305,0.011922503725782407
2026-05-08,601808,14.10310278,13.67691421508789,13.80012552,-0.03021948939608521,-0.021483021483021503
2026-05-08,601872,18.14381896,16.994308471679688,17.720496,-0.0633554871140708,-0.023331524688008698
2026-05-08,601899,33.9548164,30.25669288635254,33.0285968,-0.10891307642727999,-0.027278003482298252
2026-05-08,601975,4.872315,4.333918571472168,5.3197725,-0.11050115366675439,0.09183673469387754
2026-05-15,2050,49.10000532,48.93852996826172,52.47730692,-0.0032887033450587078,0.06878413918672854
2026-05-15,2028,201.9445896,189.70849609375,197.98137724,-0.06059134107274944,-0.019625246548323427
2026-05-15,2179,39.8383023,38.84408187866211,40.252668,-0.024956395326562242,0.010401188707280795
2026-05-15,2156,57.3357694,47.476688385009766,61.69089056,-0.1719534091573598,0.07595818815331024
2026-05-15,21,34.1440903,33.57664489746094,36.16250915,-0.016619139580329234,0.05911473500291198
2026-05-15,768,24.05806392,25.257761001586914,22.16161728,0.049866734313128935,-0.07882789929839029
2026-05-15,603662,60.01781643,61.30763244628906,67.00449054,0.02149055218950524,0.11641000165590332
2026-05-15,603619,28.62340802,26.36821937561035,28.36482268,-0.07878826458449262,-0.009034051424600453
2026-05-15,2241,25.15162614,26.680269241333008,24.76437252,0.060777108121129464,-0.015396762731938574
2026-05-15,2342,19.89220046,16.98713493347168,12.77856574,-0.1460404308899832,-0.35760924158714225
2026-05-15,2273,38.60174554,28.177783966064453,36.47322878,-0.27003860649601985,-0.05514042772481331
2026-05-15,2371,563.8903468,493.08056640625,662.39132003,-0.12557367012147969,0.17468107725017723
2026-05-15,2353,138.02878992,121.09333801269531,132.36510048,-0.12269506902958649,-0.04103266748395484
2026-05-15,2463,107.02,88.50288391113281,103.7,-0.17302481862144636,-0.031022238833862792
2026-05-15,2475,75.2181352,66.4461669921875,67.70629756,-0.11662038927830942,-0.09986737400530521
2026-05-15,2384,214.89,163.0556640625,206.97,-0.24121334607240907,-0.036856065894178336
2026-05-15,2422,31.39,30.770313262939453,32.39,-0.01974153351578678,0.031857279388340265
2026-05-15,2517,17.52985645,18.292644500732422,16.39761643,0.043513650719736674,-0.06458923512747883
2026-05-15,2555,20.5677312,19.499744415283203,19.89830976,-0.05192535697456013,-0.032547169811320775
2026-05-15,2595,59.01,55.45854949951172,56.08,-0.06018387562257721,-0.04965260125402471
2026-05-15,2558,30.68463519,31.431915283203125,27.22008078,0.02435355964234054,-0.11290844386929799
2026-05-15,300308,1078.0,758.0562133789062,993.34,-0.29679386514016115,-0.07853432282003703
2026-05-15,300274,135.03,129.93064880371094,165.38,-0.037764579695542255,0.22476486706657783
2026-05-15,2601,17.8,17.37579917907715,16.11,-0.02383150679341861,-0.09494382022471914
2026-05-15,2916,329.36322464,259.16461181640625,341.80777912,-0.21313433793442516,0.03778367938194105
2026-05-15,300033,237.0,231.56954956054688,236.2,-0.02291329299347311,-0.0033755274261604296
2026-05-15,300014,65.3,60.76605224609375,63.95,-0.06943258428646626,-0.020673813169984623
2026-05-15,300059,20.18,21.908666610717773,19.98,0.08566236921297188,-0.009910802775024763
2026-05-15,300034,20.1546106,20.537349700927734,19.43622844,0.01899015111349911,-0.035643564356435675
2026-05-15,300394,279.524616,219.4677276611328,240.45534633,-0.21485366547777374,-0.13977040816326525
2026-05-15,300191,37.77196878,34.75428009033203,37.13295054,-0.07989227956965317,-0.016917790113666342
2026-05-15,300164,12.25,12.057916641235352,11.7,-0.01568027418486928,-0.044897959183673564
2026-05-15,300580,27.04148822,26.618385314941406,27.1011605,-0.015646435640537915,0.0022066936373665857
2026-05-15,300476,354.83,336.1936340332031,331.4,-0.05252195689991501,-0.06603162077614633
2026-05-15,300474,65.59,70.43704223632812,62.3,0.07389910407574507,-0.050160085378868846
2026-05-15,300433,32.03261865,31.23810577392578,36.19656165,-0.024803244616225628,0.1299907149489321
2026-05-15,300418,49.03,48.243141174316406,46.35,-0.016048517758180614,-0.05466041199265759
2026-05-15,600406,26.72228205,25.799482345581055,25.1446189,-0.03453296775673187,-0.05903923725705906
2026-05-15,600426,25.86591298,25.21105194091797,23.88618458,-0.025317530434297186,-0.0765381218722403
2026-05-15,600316,33.58455723,32.721981048583984,31.13641188,-0.02568371455692453,-0.0728949717346028
2026-05-15,600362,47.7103968,44.381526947021484,42.86049696,-0.06977242019036223,-0.10165289256198351
2026-05-15,600428,8.0928449,7.855184555053711,7.6459411,-0.02936672429571563,-0.055222088835534144
2026-05-15,300502,440.7845261,348.70123291015625,403.761194,-0.20890772642266708,-0.08399417381453311
2026-05-15,300760,159.6066388,168.16607666015625,156.6568262,0.05362833228310704,-0.01848176631108911
2026-05-15,300750,425.459384,408.1315002441406,410.14483896,-0.04072746872556787,-0.03599531615925056
2026-05-15,400,26.26507142,26.357017517089844,25.67106302,0.0035006985368342125,-0.022615906520919826
2026-05-15,426,48.17,42.591880798339844,39.86,-0.11580068926012366,-0.1725140128710816
2026-05-15,600160,34.23485952,34.57113265991211,32.27348736,0.009822535994799653,-0.05729166666666674
2026-05-15,600183,92.80142076,77.02079010009766,97.64435817,-0.1700472959429543,0.052186026575224975
2026-05-15,600118,100.7834688,99.48968505859375,85.25601572,-0.012837261475626471,-0.15406746031746033
2026-05-15,600111,53.1229748,52.79051971435547,50.5800128,-0.006258216654774662,-0.04786934484700589
2026-05-15,600089,27.30595744,25.418825149536133,25.48621604,-0.06911064351471674,-0.06664265129683
2026-05-15,600026,22.22982765,20.04294776916504,22.0446603,-0.09837592604254675,-0.008329679964927728
2026-05-15,600309,80.66897712,78.0287094116211,76.24148112,-0.032729653983976315,-0.05488474204171234
2026-05-15,600489,26.02,25.50652313232422,22.78,-0.01973393034880022,-0.12451960030745579
2026-05-15,600276,54.0991892,55.1300163269043,51.24085575,0.0190543914270771,-0.052835051546391676
2026-05-15,601808,13.80012552,13.77558708190918,13.37009328,-0.0017781315144748122,-0.031161473087818692
2026-05-15,601872,17.720496,17.51455307006836,17.5236016,-0.011621736204880606,-0.011111111111111183
2026-05-15,601899,33.0285968,31.610218048095703,29.5503466,-0.042943960365409706,-0.105310262529833
2026-05-15,601975,5.3197725,4.330763816833496,5.6976255,-0.18591183799053512,0.07102803738317753
2026-05-22,2050,52.47730692,45.974971771240234,48.28547964,-0.12390756177088824,-0.07987885671020256
2026-05-22,2028,197.98137724,191.6597900390625,204.0357318,-0.031930211260598806,0.030580424504577097
2026-05-22,2179,40.252668,39.50917053222656,38.99,-0.018470762429298793,-0.031368554253347836
2026-05-22,2156,61.69089056,50.76752471923828,69.3,-0.177066107193537,0.12334251249946604
2026-05-22,21,36.16250915,33.26564025878906,42.40668175,-0.0801069660071122,0.17266978278801215
2026-05-22,768,22.16161728,22.60489845275879,21.53608776,0.020002203230846005,-0.028225806451612878
2026-05-22,603662,67.00449054,67.34864807128906,63.33723201,0.005136335318953078,-0.054731533669534316
2026-05-22,603619,28.36482268,24.805437088012695,26.06739139,-0.12548591021148958,-0.08099579242636745
2026-05-22,2241,24.76437252,25.003141403198242,28.2000072,0.009641628634257104,0.13873295910184447
2026-05-22,2342,12.77856574,13.045384407043457,11.99926306,0.020880173289577364,-0.0609851446442532
2026-05-22,2273,36.47322878,28.588977813720703,43.49534482,-0.21616542406584538,0.19252795200436323
2026-05-22,2371,662.39132003,502.9756774902344,658.404923,-0.24066686521880387,-0.006018190319612593
2026-05-22,2353,132.36510048,119.67854309082031,147.39527808,-0.09584518383753715,0.11355090991126482
2026-05-22,2463,103.7,90.78759765625,133.06,-0.12451689820395373,0.2831243972999036
2026-05-22,2475,67.70629756,61.92253494262695,72.6244064,-0.08542429324609846,0.07263886842492995
2026-05-22,2384,206.97,151.12115478515625,219.0,-0.2698402919014531,0.05812436585012315
2026-05-22,2422,32.39,33.261775970458984,35.02,0.02691497284529132,0.08119790058660081
2026-05-22,2517,16.39761643,17.629837036132812,15.82156449,0.07514632455229431,-0.03513022410660205
2026-05-22,2555,19.89830976,18.508665084838867,19.18590086,-0.06983732246216334,-0.0358024831552326
2026-05-22,2595,56.08,55.71145248413086,52.65,-0.006571817330048857,-0.06116262482168333
2026-05-22,2558,27.22008078,28.17215347290039,26.18766342,0.03497685038465903,-0.03792851932895702
2026-05-22,300308,993.34,758.8846435546875,1197.99,-0.23602729825166868,0.20602210723417969
2026-05-22,300274,165.38,151.36476135253906,190.09,-0.08474566844516229,0.14941347200387
2026-05-22,2601,16.11,16.656343460083008,14.49,0.03391331223358218,-0.1005586592178771
2026-05-22,2916,341.80777912,285.1192626953125,395.87996472,-0.1658491113649746,0.15819471908805394
2026-05-22,300033,236.2,228.28111267089844,236.52,-0.03352619529678891,0.001354784081287086
2026-05-22,300014,63.95,55.91771697998047,65.84,-0.12560254917935154,0.029554339327599655
2026-05-22,300059,19.98,21.103652954101562,19.19,0.05623888659166987,-0.03953953953953948
2026-05-22,300034,19.43622844,17.951351165771484,19.68566669,-0.07639739771593856,0.012833675564681846
2026-05-22,300394,240.45534633,211.3052978515625,319.14295188,-0.12122853129841449,0.32724415052934375
2026-05-22,300191,37.13295054,33.78681945800781,33.6,-0.09011217889587586,-0.09514327540964651
2026-05-22,300164,11.7,11.115177154541016,10.35,-0.04998485858623791,-0.11538461538461531
2026-05-22,300580,27.1011605,26.672595977783203,25.08224836,-0.015813511831598293,-0.0744954128440366
2026-05-22,300476,331.4,312.8027038574219,375.3,-0.056117369168913966,0.13246831623415822
2026-05-22,300474,62.3,66.32205200195312,63.31,0.0645594221822332,0.016211878009630976
2026-05-22,300433,36.19656165,32.60380172729492,39.88462545,-0.09925693930393187,0.10188989317995079
2026-05-22,300418,46.35,43.35329055786133,44.29,-0.06465392539673509,-0.04444444444444451
2026-05-22,600406,25.1446189,23.957847595214844,24.5958665,-0.04719782429413388,-0.021823850350740526
2026-05-22,600426,23.88618458,21.777111053466797,22.56890376,-0.08829679430255832,-0.05514823079375186
2026-05-22,600316,31.13641188,33.88893127441406,29.70749439,0.08840194576762084,-0.04589216944801022
2026-05-22,600362,42.86049696,41.696617126464844,42.85063944,-0.02715507089479985,-0.00022999080036789632
2026-05-22,600428,7.6459411,7.369015216827393,7.3253362,-0.036218678583936126,-0.041931385006353294
2026-05-22,300502,403.761194,328.51690673828125,512.43430406,-0.1863583929804773,0.2691519434628977
2026-05-22,300760,156.6568262,167.09011840820312,150.78,0.06659966540419493,-0.03751401290676737
2026-05-22,300750,410.14483896,381.86053466796875,414.18022656,-0.06896174620592932,0.009838933022374485
2026-05-22,400,25.67106302,25.422088623046875,26.4333738,-0.009698639933965691,0.029695333590435746
2026-05-22,426,39.86,34.2756233215332,39.59,-0.140099766143171,-0.0067737079779226494
2026-05-22,600160,32.27348736,31.97735595703125,34.24476544,-0.009175686521431636,0.061080417434008716
2026-05-22,600183,97.64435817,79.51490020751953,134.88624852,-0.18566825879398852,0.3814034015683878
2026-05-22,600118,85.25601572,86.50839233398438,81.95655692,0.014689598187387354,-0.03870059810015247
2026-05-22,600111,50.5800128,44.3543701171875,50.8392952,-0.1230850357319897,0.005126182965299764
2026-05-22,600089,25.48621604,22.733909606933594,25.48621604,-0.1079919603893621,0.0
2026-05-22,600026,22.0446603,19.242645263671875,19.34511525,-0.12710629232640636,-0.12245800176834665
2026-05-22,600309,76.24148112,71.00598907470703,73.85,-0.06866986276214371,-0.031367191256895244
2026-05-22,600489,22.78,20.761404037475586,22.39,-0.08861264102389876,-0.017120280948200173
2026-05-22,600276,51.24085575,52.90507507324219,48.0,0.032478367093667915,-0.06324749465176527
2026-05-22,601808,13.37009328,13.439765930175781,12.7543653,0.005211081831418607,-0.046052631578947456
2026-05-22,601872,17.5236016,16.06505584716797,15.84015448,-0.08323321804074968,-0.09606741573033695
2026-05-22,601899,29.5503466,28.483627319335938,30.2597914,-0.03609836781623621,0.02400800266755576
2026-05-22,601975,5.6976255,4.2906718254089355,4.88,-0.24693684669009297,-0.14350285044181998
2026-05-29,2050,48.28547964,44.54401779174805,46.69616124,-0.0774862728121789,-0.03291503805801266
2026-05-29,2028,204.0357318,192.02215576171875,191.9867696,-0.05887976548175011,-0.05905319668130793
2026-05-29,2179,38.99,37.64665222167969,39.22,-0.034453649097725414,0.005898948448320063
2026-05-29,2156,69.3,54.625732421875,71.1,-0.21174989290223667,0.025974025974025983
2026-05-29,21,42.40668175,37.98940658569336,39.4536256,-0.10416460288847373,-0.06963657678780766
2026-05-29,768,21.53608776,22.901647567749023,20.9502744,0.06340797933993114,-0.02720147533425543
2026-05-29,603662,63.33723201,63.511802673339844,62.54216241,0.0027562092279669326,-0.012552957790679442
2026-05-29,603619,26.06739139,25.29776954650879,25.7,-0.029524313805579183,-0.01409390700064217
2026-05-29,2241,28.2000072,27.645780563354492,24.94,-0.019653421813506156,-0.11560306268290599
2026-05-29,2342,11.99926306,12.363329887390137,11.05,0.030340765559492278,-0.07911011328390694
2026-05-29,2273,43.49534482,29.876684188842773,37.18,-0.31310616544175784,-0.1451958789184281
2026-05-29,2371,658.404923,574.3873901367188,626.433819,-0.1276076923611965,-0.04855842185129
2026-05-29,2353,147.39527808,142.54562377929688,156.61245984,-0.032902372205376396,0.06253376553214496
2026-05-29,2463,133.06,95.21624755859375,140.82,-0.28441118624234374,0.0583195550879303
2026-05-29,2475,72.6244064,58.96762466430664,74.41008892,-0.188046724409349,0.024587912087912223
2026-05-29,2384,219.0,200.05331420898438,237.8,-0.08651454699093897,0.0858447488584475
2026-05-29,2422,35.02,34.22998809814453,33.88,-0.022558877837106528,-0.03255282695602513
2026-05-29,2517,15.82156449,17.908252716064453,15.12632939,0.13188886771490527,-0.043942247332077855
2026-05-29,2555,19.18590086,18.320819854736328,19.0,-0.04508941287543333,-0.00968945171543023
2026-05-29,2595,52.65,50.37440872192383,52.24,-0.043221106896033645,-0.007787274453941007
2026-05-29,2558,26.18766342,26.556148529052734,25.25,0.014070942609233139,-0.035805539614652604
2026-05-29,300308,1197.99,880.6195068359375,1280.0,-0.2649191505472187,0.06845633102112703
2026-05-29,300274,190.09,178.18975830078125,164.35,-0.06260319690261851,-0.13540954284812456
2026-05-29,2601,14.49,15.555646896362305,13.95,0.07354360913473457,-0.037267080745341685
2026-05-29,2916,395.87996472,306.30084228515625,393.38,-0.22627849453862037,-0.006314956407981298
2026-05-29,300033,236.52,236.2831268310547,221.2,-0.001001493188505509,-0.06477253509216985
2026-05-29,300014,65.84,63.49055099487305,59.66,-0.03568421939743249,-0.09386391251518844
2026-05-29,300059,19.19,19.5495662689209,18.74,0.01873716878170395,-0.02344971339239199
2026-05-29,300034,19.68566669,19.53474998474121,17.7600034,-0.007666324317857853,-0.09782057780030429
2026-05-29,300394,319.14295188,220.40548706054688,342.59592285,-0.3093831909425313,0.0734873536509073
2026-05-29,300191,33.6,32.16707229614258,31.3,-0.04264665785289945,-0.06845238095238093
2026-05-29,300164,10.35,9.292336463928223,9.66,-0.10218971363012341,-0.06666666666666665
2026-05-29,300580,25.08224836,24.957542419433594,22.60584874,-0.004971880462091405,-0.09873116574147511
2026-05-29,300476,375.3,323.1057434082031,366.72,-0.13907342550438817,-0.02286171063149478
2026-05-29,300474,63.31,67.51535034179688,58.13,0.06642474082762395,-0.08181961775390934
2026-05-29,300433,39.88462545,33.05727767944336,43.2653506,-0.1711774322442996,0.0847626149639571
2026-05-29,300418,44.29,43.12961959838867,40.48,-0.026199602655482712,-0.08602393316775803
2026-05-29,600406,24.5958665,24.083269119262695,23.321977,-0.02084079374627046,-0.05179282868525892
2026-05-29,600426,22.56890376,21.547557830810547,21.5866539,-0.04525456531032923,-0.04352226720647767
2026-05-29,600316,29.70749439,30.451446533203125,27.83890998,0.02504257455834269,-0.06289942818701655
2026-05-29,600362,42.85063944,42.77620315551758,45.3938796,-0.001737110238148265,0.059351276742581005
2026-05-29,600428,7.3253362,7.095778942108154,7.3933433,-0.031337436484054515,0.009283819628647105
2026-05-29,300502,512.43430406,361.55902099609375,553.52378246,-0.2944285381921671,0.080184870674054
2026-05-29,300760,150.78,160.63943481445312,142.59,0.06538953982260987,-0.05431754874651806
2026-05-29,300750,414.18022656,389.9361267089844,406.7272144,-0.058535145563023416,-0.017994611239414926
2026-05-29,400,26.4333738,25.263492584228516,23.86923754,-0.04425773359931384,-0.09700374531835199
2026-05-29,426,39.59,37.99217987060547,39.89,-0.040359184879882104,0.007577671129072927
2026-05-29,600160,34.24476544,34.0183219909668,37.88023808,-0.006612498176690851,0.10616141162857962
2026-05-29,600183,134.88624852,88.78598022460938,143.16001428,-0.3417714466909145,0.061338838100855275
2026-05-29,600118,81.95655692,81.0185546875,80.26683408,-0.011445115165289454,-0.020617299011833623
2026-05-29,600111,50.8392952,46.82487869262695,49.5229384,-0.07896286704173372,-0.025892506865437426
2026-05-29,600089,25.48621604,23.341243743896484,25.2304686,-0.0841620542153858,-0.010034735623311475
2026-05-29,600026,19.34511525,18.047807693481445,17.2498005,-0.06706124723234996,-0.10831234256926947
2026-05-29,600309,73.85,73.60322570800781,72.17,-0.003341561164416862,-0.02274881516587668
2026-05-29,600489,22.39,20.8864688873291,22.55,-0.06715190320102271,0.007146047342563744
2026-05-29,600276,48.0,53.86707305908203,46.63,0.12223068873087573,-0.028541666666666576
2026-05-29,601808,12.7543653,12.968355178833008,12.6566307,0.016777775592879296,-0.00766283524904221
2026-05-29,601872,15.84015448,14.854872703552246,14.72770112,-0.06220152572954918,-0.0702299564947172
2026-05-29,601899,30.2597914,29.49831771850586,29.8952156,-0.025164538361429067,-0.012048192771084376
2026-05-29,601975,4.88,4.417972564697266,4.39,-0.09467775313580618,-0.10040983606557385
2026-06-05,2050,46.69616124,46.8272819519043,45.38497356,0.00280795483873697,-0.028079132099553372
2026-06-05,2028,191.9867696,178.57843017578125,171.274504,-0.06983991371986054,-0.10788381742738584
2026-06-05,2179,39.22,37.82780456542969,36.5,-0.03549707890286358,-0.06935237123916371
2026-06-05,2156,71.1,61.796016693115234,60.09,-0.13085771177053107,-0.15485232067510535
2026-06-05,21,39.4536256,31.877248764038086,39.08,-0.19203246142128738,-0.009469994058036724
2026-06-05,768,20.9502744,21.92087173461914,20.63254512,0.046328621577345075,-0.01516587677725123
2026-06-05,603662,62.54216241,67.1617660522461,64.56958989,0.07386382984268947,0.03241697123788345
2026-06-05,603619,25.7,26.151905059814453,24.27,0.017583854467488447,-0.055642023346303526
2026-06-05,2241,24.94,25.946704864501953,22.72,0.04036507074987772,-0.08901363271852458
2026-06-05,2342,11.05,10.274999618530273,9.98,-0.07013578112848207,-0.09683257918552035
2026-06-05,2273,37.18,31.16411590576172,33.18,-0.16180430592356865,-0.10758472296933841
2026-06-05,2371,626.433819,541.1309204101562,636.9243375,-0.13617224358355362,0.01674641148325362
2026-06-05,2353,156.61245984,125.93991088867188,145.01,-0.19584999164602956,-0.07408388739857252
2026-06-05,2463,140.82,111.17530822753906,126.91,-0.21051478321588502,-0.09877858258770056
2026-06-05,2475,74.41008892,66.55559539794922,64.42423304,-0.10555683558576756,-0.13420029494570318
2026-06-05,2384,237.8,194.78482055664062,210.99,-0.1808880548501236,-0.11274179983179144
2026-06-05,2422,33.88,32.152767181396484,38.08,-0.05098089783363391,0.12396694214876014
2026-06-05,2517,15.12632939,17.273595809936523,14.18,0.14195555078656952,-0.06256173362359929
2026-06-05,2555,19.0,19.028038024902344,17.61,0.00147568552117594,-0.07315789473684209
2026-06-05,2595,52.24,52.206336975097656,50.02,-0.0006443917477477745,-0.04249617151607965
2026-06-05,2558,25.25,27.122188568115234,23.65,0.07414608190555394,-0.06336633663366342
2026-06-05,300308,1280.0,818.2239990234375,1124.0,-0.3607625007629395,-0.12187499999999996
2026-06-05,300274,164.35,165.82354736328125,146.75,0.008965910333320615,-0.10708853057499235
2026-06-05,2601,13.95,16.213457107543945,14.41,0.1622549897880965,0.032974910394265367
2026-06-05,2916,393.38,322.64154052734375,376.16,-0.1798222061941539,-0.04377446743606683
2026-06-05,300033,221.2,227.93917846679688,193.04,0.030466448764904452,-0.12730560578661843
2026-06-05,300014,59.66,58.1882209777832,55.1,-0.02466944388563186,-0.07643312101910815
2026-06-05,300059,18.74,19.343273162841797,17.36,0.032191737611622084,-0.0736392742796157
2026-06-05,300034,17.7600034,17.530567169189453,16.55,-0.012918704216607568,-0.0681308090290117
2026-06-05,300394,342.59592285,280.8232727050781,293.9999979,-0.18030760445438232,-0.14184618586741604
2026-06-05,300191,31.3,29.61040687561035,29.56,-0.05398061100286422,-0.055591054313099075
2026-06-05,300164,9.66,9.100954055786133,9.19,-0.05787225095381654,-0.04865424430641829
2026-06-05,300580,22.60584874,23.669960021972656,23.62,0.04707238795638591,0.04486233946197782
2026-06-05,300476,366.72,303.2461242675781,325.48,-0.17308539412200563,-0.11245636998254804
2026-06-05,300474,58.13,60.58967590332031,51.6,0.042313364928957764,-0.11233442284534667
2026-06-05,300433,43.2653506,34.965980529785156,42.3135922,-0.19182486574406366,-0.021998166819431564
2026-06-05,300418,40.48,39.976356506347656,36.94,-0.012441785910383918,-0.08745059288537549
2026-06-05,600406,23.321977,22.236492156982422,22.39105775,-0.04654343167466368,-0.03991596638655459
2026-06-05,600426,21.5866539,21.961227416992188,20.3302878,0.017352087948757422,-0.05820105820105825
2026-06-05,600316,27.83890998,31.134113311767578,26.6797881,0.11836682305934088,-0.04163675520459442
2026-06-05,600362,45.3938796,42.447269439697266,39.56808528,-0.06491205832741231,-0.12833876221498375
2026-06-05,600428,7.3933433,7.212924480438232,7.6070799,-0.02440287326597801,0.028909329829172048
2026-06-05,300502,553.52378246,371.19287109375,526.0,-0.32940032053532586,-0.04972466103927342
2026-06-05,300760,142.59,152.1856689453125,146.88,0.06729552524940385,0.030086261308647222
2026-06-05,300750,406.7272144,384.8673400878906,380.8210224,-0.0537457871963567,-0.06369426751592355
2026-06-05,400,23.86923754,24.031286239624023,21.39420254,0.006789018683670323,-0.1036914143508918
2026-06-05,426,39.89,35.867401123046875,36.05,-0.10084228821642327,-0.09626472800200558
2026-06-05,600160,37.88023808,39.51325988769531,41.0,0.04311012523856128,0.08235856156477461
2026-06-05,600183,143.16001428,101.24858856201172,149.73,-0.29275930104348613,0.04589260313393129
2026-06-05,600118,80.26683408,76.92005920410156,78.01720308,-0.041695613315990365,-0.028026905829596327
2026-06-05,600111,49.5229384,46.1673469543457,47.52,-0.06775832682929606,-0.04044465988310575
2026-06-05,600089,25.2304686,23.954235076904297,22.377901,-0.05058302892938349,-0.11306042884990242
2026-06-05,600026,17.2498005,15.957468032836914,16.22650725,-0.07491869063431111,-0.05932203389830504
2026-06-05,600309,72.17,69.84262084960938,67.15,-0.0322485679699408,-0.06955798808369118
2026-06-05,600489,22.55,21.72406005859375,20.64,-0.03662704839939024,-0.08470066518847008
2026-06-05,600276,46.63,52.32908630371094,46.98,0.12221930739247133,0.0075058974908854825
2026-06-05,601808,12.6566307,12.866216659545898,12.24,0.01655938017895231,-0.032917978716089036
2026-06-05,601872,14.72770112,14.837486267089844,14.19608624,0.007454330190117542,-0.03609625668449201
2026-06-05,601899,29.8952156,30.310630798339844,26.9293422,0.013895708393547812,-0.09920896506262356
2026-06-05,601975,4.39,4.367471694946289,3.94,-0.005131732358476193,-0.10250569476081994
2026-06-12,2050,45.38497356,42.83087921142578,45.43463976,-0.05627621100621871,0.0010943313635369822
2026-06-12,2028,171.274504,152.93577575683594,189.3977364,-0.10707214334226922,0.10581395348837219
2026-06-12,2179,36.5,36.223655700683594,40.78,-0.007571076693600132,0.11726027397260275
2026-06-12,2156,60.09,54.83771514892578,68.27,-0.0874069703956436,0.13612913962389728
2026-06-12,21,39.08,33.71121597290039,44.04,-0.1373793251560801,0.12691914022517925
2026-06-12,768,20.63254512,21.688247680664062,20.44389336,0.051166860633239386,-0.009143407122232827
2026-06-12,603662,64.56958989,66.40663146972656,69.65803533,0.028450569112427715,0.07880560258580882
2026-06-12,603619,24.27,23.781246185302734,22.42,-0.020138187667790075,-0.07622579316028011
2026-06-12,2241,22.72,23.745811462402344,23.92,0.04515015239446951,0.052816901408450745
2026-06-12,2342,9.98,8.136305809020996,9.97,-0.18473889689168377,-0.0010020040080159776
2026-06-12,2273,33.18,29.19919204711914,36.94,-0.11997612877880826,0.11332127787823976
2026-06-12,2371,636.9243375,571.9367065429688,720.38890088,-0.10203351816028106,0.13104313725490213
2026-06-12,2353,145.01,124.82241821289062,164.22,-0.13921510093862055,0.13247362250879258
2026-06-12,2463,126.91,108.20527648925781,147.9,-0.14738573406935773,0.16539279804585938
2026-06-12,2475,64.42423304,59.92660140991211,69.76132884,-0.06981273067380389,0.08284298544440993
2026-06-12,2384,210.99,181.16700744628906,273.0,-0.14134789588943053,0.2939001848428835
2026-06-12,2422,38.08,34.979957580566406,35.92,-0.08140867698092413,-0.05672268907563016
2026-06-12,2517,14.18,16.950008392333984,14.5,0.19534614896572533,0.02256699576868826
2026-06-12,2555,17.61,17.64959716796875,17.47,0.0022485614973737356,-0.007950028392958552
2026-06-12,2595,50.02,48.55590057373047,50.48,-0.029270280413225436,0.00919632147141125
2026-06-12,2558,23.65,25.531280517578125,23.9,0.07954674492930769,0.010570824524312794
2026-06-12,300308,1124.0,877.53466796875,1367.88,-0.2192752064334964,0.21697508896797157
2026-06-12,300274,146.75,124.35836791992188,146.98,-0.15258352354397364,0.0015672913117545928
2026-06-12,2601,14.41,15.54963493347168,15.48,0.07908639371767379,0.07425399028452473
2026-06-12,2916,376.16,306.00457763671875,453.8,-0.18650420662292977,0.20640153126329208
2026-06-12,300033,193.04,224.2378387451172,214.69,0.16161333788394727,0.1121529216742645
2026-06-12,300014,55.1,53.999351501464844,66.66,-0.019975471842743286,0.20980036297640647
2026-06-12,300059,17.36,18.415252685546875,18.6,0.06078644501998132,0.07142857142857162
2026-06-12,300034,16.55,16.30344581604004,18.7,-0.014897533774015814,0.1299093655589123
2026-06-12,300394,293.9999979,219.7848663330078,336.6,-0.2524324220989804,0.14489796736151628
2026-06-12,300191,29.56,29.600345611572266,29.82,0.0013648718393866055,0.00879566982408675
2026-06-12,300164,9.19,8.444371223449707,8.96,-0.08113479614257812,-0.025027203482045568
2026-06-12,300580,23.62,23.698091506958008,22.76,0.003306160328450769,-0.036409822184589324
2026-06-12,300476,325.48,310.5831298828125,369.0,-0.04576892625410933,0.13371021260906968
2026-06-12,300474,51.6,60.6922721862793,55.52,0.17620682531549026,0.07596899224806197
2026-06-12,300433,42.3135922,36.66659164428711,55.29121455,-0.13345594789073223,0.30670103092783507
2026-06-12,300418,36.94,39.56661605834961,43.0,0.07110492848807826,0.1640498105035193
2026-06-12,600406,22.39105775,21.56606674194336,22.5968399,-0.03684466438646217,0.00919037199124717
2026-06-12,600426,20.3302878,19.186481475830078,19.42418134,-0.05626119686165598,-0.04456928838951313
2026-06-12,600316,26.6797881,30.32516098022461,27.99878886,0.1366342516125385,0.04943820224719109
2026-06-12,600362,39.56808528,38.4854850769043,52.55043912,-0.027360439491443178,0.3281016442451421
2026-06-12,600428,7.6070799,6.899935722351074,7.6362258,-0.092958689397876,0.003831417624521105
2026-06-12,300502,526.0,390.27276611328125,581.48,-0.2580365663245604,0.10547528517110272
2026-06-12,300760,146.88,158.25375366210938,140.01,0.07743568669736778,-0.04677287581699352
2026-06-12,300750,380.8210224,380.8647766113281,390.1372876,0.0001148944221944781,0.02446363160648879
2026-06-12,400,21.39420254,21.5443058013916,22.65152032,0.00701607181249031,0.05876908838500694
2026-06-12,426,36.05,37.29463577270508,39.57,0.034525264152706736,0.09764216366158118
2026-06-12,600160,41.0,38.472721099853516,44.12,-0.06164094878406057,0.0760975609756096
2026-06-12,600183,149.73,104.44456481933594,183.87,-0.3024473063558676,0.22801041875375683
2026-06-12,600118,78.01720308,76.2372055053711,76.50745072,-0.02281544972592353,-0.01935153146225821
2026-06-12,600111,47.52,50.117923736572266,51.4,0.0546701123016049,0.08164983164983153
2026-06-12,600089,22.377901,19.990373611450195,22.93857808,-0.10669130176908936,0.025054945054944877
2026-06-12,600026,16.22650725,15.473470687866211,18.8091045,-0.04640780363462327,0.159159159159159
2026-06-12,600309,67.15,64.27216339111328,69.05,-0.042856837064582654,0.028294862248696928
2026-06-12,600489,20.64,19.426151275634766,21.92,-0.05881050021149392,0.0620155038759691
2026-06-12,600276,46.98,49.81134033203125,48.42,0.060266929162010596,0.03065134099616862
2026-06-12,601808,12.24,12.737188339233398,11.87,0.04061996235566978,-0.030228758169934755
2026-06-12,601872,14.19608624,13.631523132324219,16.87385008,-0.03976892631752427,0.18862690707350915
2026-06-12,601899,26.9293422,24.623844146728516,29.2547446,-0.08561286184225791,0.08635199414562744
2026-06-12,601975,3.94,3.956188201904297,4.51,0.0041086806863697145,0.14467005076142136
2026-06-19,2050,45.43463976,47.539085388183594,41.222946,0.0463180876815561,-0.09269785745518155
2026-06-19,2028,189.3977364,172.373291015625,174.38134384,-0.08988726955226167,-0.07928496319663514
2026-06-19,2179,40.78,39.55470657348633,42.69,-0.030046430272527513,0.04683668464933777
2026-06-19,2156,68.27,54.80500793457031,71.6,-0.19723146426585159,0.048776915189687964
2026-06-19,21,44.04,34.97247314453125,53.51,-0.2058929803694085,0.21503178928247046
2026-06-19,768,20.44389336,21.336050033569336,19.91,0.04363927446984772,-0.02611505306736739
2026-06-19,603662,69.65803533,70.2597885131836,64.62922011,0.00863867578711952,-0.07219289484947922
2026-06-19,603619,22.42,21.252840042114258,18.74,-0.05205887412514465,-0.16413916146297958
2026-06-19,2241,23.92,24.087596893310547,22.33,0.007006559084889119,-0.06647157190635467
2026-06-19,2342,9.97,9.59799861907959,9.65,-0.037312074314986066,-0.032096288866599876
2026-06-19,2273,36.94,31.42913055419922,35.83,-0.14918433800218678,-0.03004872766648614
2026-06-19,2371,720.38890088,595.491455078125,812.63552689,-0.17337502791798298,0.12805114834128473
2026-06-19,2353,164.22,142.67027282714844,161.53,-0.1312247422533891,-0.01638046522957004
2026-06-19,2463,147.9,113.33888244628906,147.28,-0.2336789557384107,-0.0041920216362407725
2026-06-19,2475,69.76132884,63.78438186645508,67.835984,-0.0856770803098269,-0.02759902759902766
2026-06-19,2384,273.0,218.35064697265625,260.32,-0.20018078031994047,-0.04644688644688644
2026-06-19,2422,35.92,34.50920104980469,35.6,-0.03927614003884505,-0.008908685968819552
2026-06-19,2517,14.5,16.280427932739258,15.6,0.1227881332923626,0.07586206896551717
2026-06-19,2555,17.47,17.713394165039062,18.41,0.013932121639328221,0.05380652547223819
2026-06-19,2595,50.48,49.120933532714844,46.74,-0.026922869795664717,-0.07408874801901733
2026-06-19,2558,23.9,27.97423553466797,27.44,0.17047010605305313,0.1481171548117155
2026-06-19,300308,1367.88,1003.5842895507812,1253.89,-0.26632139548002665,-0.08333333333333337
2026-06-19,300274,146.98,130.12840270996094,151.05,-0.11465231521321984,0.027690842291468343
2026-06-19,2601,15.48,16.064594268798828,17.37,0.03776448764850304,0.12209302325581395
2026-06-19,2916,453.8,370.11773681640625,433.5,-0.1844034005808589,-0.0447333627148524
2026-06-19,300033,214.69,220.9738006591797,242.0,0.029269181886346418,0.12720667008244457
2026-06-19,300014,66.66,61.086647033691406,62.21,-0.08360865536016493,-0.06675667566756671
2026-06-19,300059,18.6,19.590198516845703,20.07,0.053236479400306624,0.07903225806451597
2026-06-19,300034,18.7,17.99388885498047,17.08,-0.03775995427911927,-0.08663101604278078
2026-06-19,300394,336.6,247.75567626953125,318.0,-0.2639462974761402,-0.05525846702317294
2026-06-19,300191,29.82,27.511844635009766,27.36,-0.07740292974481,-0.08249496981891347
2026-06-19,300164,8.96,8.265582084655762,8.03,-0.07750199948038383,-0.10379464285714302
2026-06-19,300580,22.76,22.473434448242188,18.04,-0.0125907535921711,-0.2073813708260106
2026-06-19,300476,369.0,313.24945068359375,319.55,-0.15108549950245598,-0.13401084010840103
2026-06-19,300474,55.52,60.814640045166016,52.97,0.09536455412763001,-0.04592939481268021
2026-06-19,300433,55.29121455,34.72484588623047,55.11275985,-0.37196449438041024,-0.0032275416890801267
2026-06-19,300418,43.0,38.28547668457031,38.75,-0.10964007710301604,-0.09883720930232553
2026-06-19,600406,22.5968399,22.297502517700195,22.2832671,-0.013246869191643196,-0.013876843018213347
2026-06-19,600426,19.42418134,19.27823257446289,19.10437906,-0.0075137666284322835,-0.01646413171305372
2026-06-19,600316,27.99878886,31.12525177001953,26.4,0.1116642196793769,-0.05710207209298557
2026-06-19,600362,52.55043912,42.45277404785156,41.78602728,-0.1921518685902931,-0.20483961733258305
2026-06-19,600428,7.6362258,7.031927585601807,7.8596777,-0.07913571838043254,0.029262086513994978
2026-06-19,300502,581.48,449.5985107421875,566.0,-0.22680313898640114,-0.026621723877003567
2026-06-19,300760,140.01,146.5067138671875,133.98,0.04640178463815081,-0.043068352260552833
2026-06-19,300750,390.1372876,375.152099609375,379.625352,-0.0384100378684874,-0.02694419614353205
2026-06-19,400,22.65152032,22.412986755371094,21.33,-0.010530576370112121,-0.05834135198568435
2026-06-19,426,39.57,36.258995056152344,33.01,-0.08367462582379726,-0.16578215820065711
2026-06-19,600160,44.12,36.88871383666992,50.95,-0.1639004116801921,0.15480507706255686
2026-06-19,600183,183.87,126.72122192382812,178.5,-0.3108107797692493,-0.029205416870615175
2026-06-19,600118,76.50745072,71.32852935791016,77.75724572,-0.06769172562086168,0.016335598536330487
2026-06-19,600111,51.4,49.064979553222656,47.26,-0.04542841336142689,-0.08054474708171211
2026-06-19,600089,22.93857808,22.411331176757812,22.0828078,-0.02298516069319445,-0.037307032590051414
2026-06-19,600026,18.8091045,17.723678588867188,19.4523174,-0.0577074741188669,0.034196891191709655
2026-06-19,600309,69.05,65.47065734863281,71.79,-0.051836968158829655,0.03968139029688644
2026-06-19,600489,21.92,19.024776458740234,18.3,-0.1320813659333835,-0.16514598540145986
2026-06-19,600276,48.42,50.4014778137207,48.67,0.040922714038015284,0.005163155720776524
2026-06-19,601808,11.87,12.157689094543457,10.79,0.024236654974175043,-0.09098567818028647
2026-06-19,601872,16.87385008,14.859642028808594,19.25627232,-0.11936861129154985,0.14119019836639435
2026-06-19,601899,29.2547446,25.871768951416016,25.1,-0.11563852957321608,-0.1420195136483946
2026-06-19,601975,4.51,4.290855884552002,4.16,-0.04859071295964479,-0.07760532150776045
2026-06-26,2050,43.64665656,40.8662223815918,44.62011408,-0.06370325696278711,0.022303140646336095
2026-06-26,2028,187.704907,169.08944702148438,154.78435408,-0.09917407209027107,-0.17538461538461525
2026-06-26,2179,42.34,40.0298957824707,44.11,-0.054560798713493175,0.04180444024563057
2026-06-26,2156,77.81,52.63350296020508,67.37,-0.32356377123499447,-0.13417298547744505
2026-06-26,21,53.2,33.777305603027344,56.03,-0.3650882405445989,0.05319548872180446
2026-06-26,768,20.01,19.291526794433594,20.32,-0.03590570742460808,0.0154922538730633
2026-06-26,603662,66.75603129,67.9173355102539,73.36504734,0.0173962441716915,0.09900253089176725
2026-06-26,603619,19.51,18.6608829498291,18.66,-0.04352214506257812,-0.043567401332650024
2026-06-26,2241,23.85,25.24784278869629,21.72,0.05860976053233902,-0.08930817610062902
2026-06-26,2342,9.55,9.20451831817627,11.55,-0.03617609233756347,0.2094240837696335
2026-06-26,2273,36.41,32.255287170410156,39.02,-0.11410911369376109,0.07168360340565805
2026-06-26,2371,797.279406,501.59637451171875,841.05983654,-0.37086500574715864,0.05491228070175436
2026-06-26,2353,163.51,160.10845947265625,146.78,-0.020803256848778262,-0.10231790104580751
2026-06-26,2463,154.99,122.19648742675781,130.51,-0.21158469948540026,-0.15794567391444625
2026-06-26,2475,74.24049896,68.64112091064453,60.7531092,-0.07542215000969155,-0.18167159365761887
2026-06-26,2384,275.8,178.14736938476562,221.68,-0.3540704518318868,-0.1962291515591008
2026-06-26,2422,37.53,34.6943473815918,44.75,-0.07555695759147896,0.19237942978950162
2026-06-26,2517,16.07,16.041900634765625,16.47,-0.0017485603755056367,0.024891101431238294
2026-06-26,2555,18.96,19.437925338745117,19.57,0.02520703263423618,0.03217299578059074
2026-06-26,2595,47.64,47.770328521728516,46.53,0.0027356952503887477,-0.023299748110831242
2026-06-26,2558,27.73,28.502277374267578,27.71,0.027849887279753904,-0.0007212405337180261
2026-06-26,300308,1323.4,1062.923583984375,1143.0,-0.19682364819073983,-0.13631555085386138
2026-06-26,300274,152.66,136.57797241210938,127.84,-0.10534539229589035,-0.16258351893095768
2026-06-26,2601,17.43,16.98849868774414,16.82,-0.02532996627973949,-0.034997131382673574
2026-06-26,2916,455.0,358.3204040527344,423.1,-0.2124826284555289,-0.0701098901098901
2026-06-26,300033,259.0,245.78855895996094,247.65,-0.051009424865015696,-0.043822393822393835
2026-06-26,300014,66.81,57.58351135253906,61.27,-0.1381004138221964,-0.08292171830564288
2026-06-26,300059,21.11,20.7071533203125,20.73,-0.01908321552285641,-0.018000947418285174
2026-06-26,300034,17.4,16.639297485351562,16.9,-0.043718535324622776,-0.028735632183908066
2026-06-26,300394,341.97,264.42999267578125,250.77,-0.22674505753200214,-0.2666900605316256
2026-06-26,300191,28.51,28.77581214904785,27.54,0.009323470678633816,-0.03402314977200993
2026-06-26,300164,8.36,7.872098445892334,8.04,-0.05836142991718485,-0.03827751196172258
2026-06-26,300580,19.0,21.3489933013916,21.63,0.12363122638903157,0.138421052631579
2026-06-26,300476,350.16,298.7840270996094,306.09,-0.14672142135135546,-0.12585675119945183
2026-06-26,300474,55.75,62.08546829223633,58.8,0.11364068685625694,0.05470852017937222
2026-06-26,300433,55.2416438,35.29789733886719,50.25482635,-0.3610273896507912,-0.09027279253409903
2026-06-26,300418,40.8,41.943016052246094,45.55,0.02801509931975721,0.11642156862745101
2026-06-26,600406,22.37145945,22.439220428466797,22.67,0.003028902902747266,0.013344706037942577
2026-06-26,600426,19.56123946,19.221689224243164,18.86833452,-0.017358319060055916,-0.03542234332425054
2026-06-26,600316,26.39000763,30.725502014160156,29.19,0.1642854539849239,0.1061004759550348
2026-06-26,600362,44.78271336,42.86317825317383,41.32272384,-0.042863305119441586,-0.07726172132951792
2026-06-26,600428,7.9471154,7.505472660064697,8.2871509,-0.05557271005971587,0.04278728606356963
2026-06-26,300502,610.49,434.0775451660156,509.0,-0.2889686232927392,-0.1662435093121919
2026-06-26,300760,138.16,144.7141876220703,139.2,0.047439111335193296,0.007527504342790925
2026-06-26,300750,400.4499448,395.16326904296875,380.9704812,-0.013201839145393413,-0.04864394127892513
2026-06-26,400,21.81000842,22.972021102905273,20.96,0.053278873649571734,-0.03897331920424807
2026-06-26,426,35.28,33.303470611572266,34.33,-0.05602407563570677,-0.02692743764172345
2026-06-26,600160,50.8,40.46491622924805,54.83,-0.20344653092031395,0.07933070866141745
2026-06-26,600183,187.2,146.30764770507812,151.95,-0.21844205285748863,-0.18830128205128205
2026-06-26,600118,70.6884052,68.54650115966797,81.486634,-0.030300641728610356,0.1527581329561527
2026-06-26,600111,49.2,50.950592041015625,48.2,0.035581139045032906,-0.020325203252032464
2026-06-26,600089,22.8205408,22.63716697692871,21.47294852,-0.008035472282553857,-0.05905172413793103
2026-06-26,600026,21.2260257,17.333091735839844,16.0803225,-0.18340380903996345,-0.24242424242424243
2026-06-26,600309,73.61,70.66891479492188,68.6,-0.0399549681439767,-0.06806140470044841
2026-06-26,600489,18.89,18.629539489746094,19.09,-0.01378827476198552,0.010587612493382803
2026-06-26,600276,50.04,51.45685577392578,53.49,0.028314463907389786,0.06894484412470026
2026-06-26,601808,11.09,12.000658988952637,10.94,0.08211532812918287,-0.01352569882777277
2026-06-26,601872,21.2645952,18.585491180419922,16.27332216,-0.12598894991333187,-0.23472222222222217
2026-06-26,601899,25.5400128,24.99980926513672,26.3,-0.02115126327827377,0.029756727451601073
2026-06-26,601975,4.55,3.8155972957611084,3.68,-0.16140718774481133,-0.1912087912087912
2026-07-03,2050,44.62011408,45.390140533447266,42.5639334,0.017257384238567264,-0.046081923419412196
2026-07-03,2028,154.78435408,153.39991760253906,159.3,-0.008944292113306274,0.029173787924754224
2026-07-03,2179,44.11,40.90085983276367,40.13,-0.07275312099832976,-0.0902289730219904
2026-07-03,2156,67.37,61.424339294433594,72.17,-0.08825383264904874,0.07124833011726284
2026-07-03,21,56.03,41.70876693725586,56.24,-0.2555993764544734,0.0037479921470640054
2026-07-03,768,20.32,21.017940521240234,20.09,0.03434746659646826,-0.011318897637795255
2026-07-03,603662,73.36504734,69.54143524169922,63.23784831,-0.05211762599403491,-0.1380384719588188
2026-07-03,603619,18.66,18.227924346923828,19.01,-0.023155179693256756,0.0187566988210075
2026-07-03,2241,21.72,22.737653732299805,21.37,0.0468533025920721,-0.016114180478821294
2026-07-03,2342,11.55,11.513025283813477,10.06,-0.003201274128703413,-0.129004329004329
2026-07-03,2273,39.02,31.81772232055664,32.88,-0.18457913068793852,-0.1573552024602768
2026-07-03,2371,841.05983654,639.63330078125,878.43,-0.2394913263096594,0.04443222923797596
2026-07-03,2353,146.78,138.1415557861328,168.0,-0.05885300595358489,0.1445701049189263
2026-07-03,2463,130.51,107.9616470336914,137.3,-0.172771074755257,0.052026664623400665
2026-07-03,2475,60.7531092,55.68988800048828,64.30452248,-0.08334093952037136,0.058456486042693045
2026-07-03,2384,221.68,192.07911682128906,261.32,-0.1335297869844413,0.17881631180079394
2026-07-03,2422,44.75,37.478004455566406,42.7,-0.16250269373035964,-0.045810055865921684
2026-07-03,2517,16.47,16.819551467895508,16.35,0.021223525676715704,-0.007285974499089076
2026-07-03,2555,19.57,19.086637496948242,18.72,-0.024699157028705065,-0.04343382728666334
2026-07-03,2595,46.53,46.87497329711914,45.7,0.0074139973591047514,-0.01783795400816679
2026-07-03,2558,27.71,28.091960906982422,28.32,0.013784226163205293,0.022013713460844464
2026-07-03,300308,1143.0,1054.39453125,1194.9,-0.07752009514435698,0.045406824146981606
2026-07-03,300274,127.84,131.3601837158203,124.01,0.027535855098719475,-0.029959324155193978
2026-07-03,2601,16.82,17.46686363220215,15.82,0.03845800429263657,-0.05945303210463737
2026-07-03,2916,423.1,341.4873046875,442.56,-0.19289221298156467,0.04599385488064289
2026-07-03,300033,247.65,250.00782775878906,230.3,0.009520806617359323,-0.07005855037351094
2026-07-03,300014,61.27,66.1784896850586,56.89,0.08011244793632422,-0.07148686143300154
2026-07-03,300059,20.73,21.06093978881836,20.59,0.01596429275534783,-0.006753497346840387
2026-07-03,300034,16.9,17.40070343017578,16.15,0.02962742190389256,-0.044378698224852076
2026-07-03,300394,250.77,224.1527099609375,271.5,-0.10614224205073375,0.08266539059696121
2026-07-03,300191,27.54,27.326438903808594,28.21,-0.007754578656187561,0.024328249818446057
2026-07-03,300164,8.04,7.9732465744018555,9.18,-0.008302664875390997,0.14179104477611948
2026-07-03,300580,21.63,23.984140396118164,22.98,0.10883681905308218,0.06241331484049928
2026-07-03,300476,306.09,300.63232421875,296.7,-0.017830297563624975,-0.03067725178868952
2026-07-03,300474,58.8,60.87266540527344,62.6,0.03524941165431028,0.06462585034013624
2026-07-03,300433,50.25482635,40.21359634399414,46.73,-0.19980628200908823,-0.07013906137992265
2026-07-03,300418,45.55,48.57709503173828,50.42,0.06645653198108192,0.10691547749725583
2026-07-03,600406,22.67,23.568132400512695,21.68,0.03961766213112905,-0.043670048522276184
2026-07-03,600426,18.86833452,18.500808715820312,18.48000318,-0.019478444363497993,-0.020581113801452777
2026-07-03,600316,29.19,31.687007904052734,28.0,0.08554326495555786,-0.04076738609112718
2026-07-03,600362,41.32272384,42.08988571166992,40.15953648,0.018565133185322935,-0.02814885496183206
2026-07-03,600428,8.2871509,7.890231609344482,7.9374001,-0.04789574794101048,-0.042203985932004806
2026-07-03,300502,509.0,432.0087890625,545.5,-0.15125974643909623,0.07170923379174843
2026-07-03,300760,139.2,142.2797393798828,139.5,0.022124564510652478,0.0021551724137931494
2026-07-03,300750,380.9704812,355.6836242675781,374.145196,-0.06637484576960417,-0.017915522427095598
2026-07-03,400,20.96,21.349464416503906,20.04,0.018581317581293222,-0.04389312977099247
2026-07-03,426,34.33,32.900970458984375,32.35,-0.04162626102579736,-0.05767550247596842
2026-07-03,600160,54.83,42.05229187011719,46.0,-0.23304227849503578,-0.16104322451212838
2026-07-03,600183,151.95,136.6658172607422,157.4,-0.10058692161406912,0.03586706153339936
2026-07-03,600118,81.486634,78.17207336425781,81.82657824,-0.040676126538030544,0.004171779141104448
2026-07-03,600111,48.2,47.11917495727539,42.98,-0.022423756073124745,-0.10829875518672216
2026-07-03,600089,21.47294852,21.59455108642578,20.04,0.0056630586299091235,-0.06673273205425634
2026-07-03,600026,16.0803225,16.150419235229492,15.52482045,0.004359162276098116,-0.03454545454545466
2026-07-03,600309,68.6,66.0221939086914,68.88,-0.03757734826980452,0.004081632653061273
2026-07-03,600489,19.09,20.806459426879883,19.95,0.08991406112519029,0.045049764274489146
2026-07-03,600276,53.49,53.28350067138672,55.61,-0.003860522127748789,0.03963357636941489
2026-07-03,601808,10.94,11.240318298339844,11.28,0.027451398385726078,0.031078610603290757
2026-07-03,601872,16.27332216,15.854260444641113,15.8499992,-0.025751454511786398,-0.026013309134906293
2026-07-03,601899,26.3,25.352272033691406,27.62,-0.03603528389006061,0.050190114068441094
2026-07-03,601975,3.68,3.823411703109741,3.4,0.03897057149721217,-0.07608695652173925
2026-07-10,2050,42.5639334,40.35628128051758,41.83,-0.05186673183457302,-0.017243082144283384
2026-07-10,2028,159.3,167.1140594482422,151.4,0.04905247613460251,-0.04959196484620221
2026-07-10,2179,40.13,39.40227127075195,34.01,-0.018134281815301523,-0.15250436082731134
2026-07-10,2156,72.17,63.27842330932617,75.95,-0.12320322420221463,0.05237633365664407
2026-07-10,21,56.24,41.53535079956055,43.34,-0.261462468002124,-0.22937411095305826
2026-07-10,768,20.09,20.792015075683594,19.9,0.034943507998187906,-0.009457441513190723
2026-07-10,603662,63.23784831,63.7427864074707,57.0,0.007984745069051558,-0.0986410587441443
2026-07-10,603619,19.01,18.517684936523438,18.36,-0.025897688767836047,-0.03419253024723845
2026-07-10,2241,21.37,21.881078720092773,23.02,0.02391570987799585,0.0772110435189517
2026-07-10,2342,10.06,9.484580993652344,8.05,-0.05719870838445895,-0.1998011928429423
2026-07-10,2273,32.88,30.03006362915039,28.98,-0.08667689692365,-0.11861313868613144
2026-07-10,2371,878.43,666.78125,702.76,-0.2409398016916544,-0.1999817856858258
2026-07-10,2353,168.0,149.75030517578125,130.5,-0.10862913585844491,-0.2232142857142857
2026-07-10,2463,137.3,97.34746551513672,136.72,-0.2909871411861856,-0.004224326292789571
2026-07-10,2475,64.30452248,55.38541030883789,61.43146904,-0.13870116481987926,-0.04467887061743714
2026-07-10,2384,261.32,208.63113403320312,268.8,-0.20162584557935437,0.028623909383131974
2026-07-10,2422,42.7,39.302734375,49.9,-0.079561255854801,0.16861826697892268
2026-07-10,2517,16.35,17.636756896972656,17.01,0.07870072764358738,0.04036697247706433
2026-07-10,2555,18.72,18.939416885375977,18.63,0.0117209874666655,-0.004807692307692291
2026-07-10,2595,45.7,46.149288177490234,46.7,0.009831251148582743,0.02188183807439814
2026-07-10,2558,28.32,26.784393310546875,30.28,-0.05422340005131088,0.06920903954802271
2026-07-10,300308,1194.9,1002.19775390625,1113.0,-0.16127060515001257,-0.06854130052724083
2026-07-10,300274,124.01,127.26078033447266,105.84,0.026213856418616732,-0.1465204418998468
2026-07-10,2601,15.82,16.033241271972656,15.66,0.013479220731520636,-0.010113780025284513
2026-07-10,2916,442.56,359.39166259765625,364.0,-0.18792556354470302,-0.17751265365148228
2026-07-10,300033,230.3,238.5500946044922,220.4,0.03582325056227598,-0.042987407729049076
2026-07-10,300014,56.89,62.67706298828125,51.61,0.10172372979928368,-0.09281068729126385
2026-07-10,300059,20.59,19.691253662109375,19.82,-0.04364965215593131,-0.037396794560466184
2026-07-10,300034,16.15,16.059072494506836,15.63,-0.005630186098647849,-0.03219814241486052
2026-07-10,300394,271.5,220.8184051513672,244.13,-0.18667254087894225,-0.10081031307550647
2026-07-10,300191,28.21,27.572179794311523,26.12,-0.022609720159109448,-0.07408720311946115
2026-07-10,300164,9.18,8.296083450317383,9.86,-0.09628720584777961,0.07407407407407396
2026-07-10,300580,22.98,22.157472610473633,21.84,-0.035793184922818466,-0.04960835509138384
2026-07-10,300476,296.7,293.480224609375,270.93,-0.01085195615310075,-0.08685540950454995
2026-07-10,300474,62.6,58.639183044433594,54.84,-0.06327183635090106,-0.12396166134185305
2026-07-10,300433,46.73,39.88834762573242,38.3,-0.1464081398302498,-0.18039803124331266
2026-07-10,300418,50.42,48.1114616394043,48.24,-0.045786163439026306,-0.04323681078936925
2026-07-10,600406,21.68,21.31981658935547,22.1,-0.016613625952238475,0.019372693726937396
2026-07-10,600426,18.48000318,19.20856475830078,19.25,0.03942432104607363,0.04166648741886192
2026-07-10,600316,28.0,29.89275360107422,26.9,0.06759834289550781,-0.03928571428571437
2026-07-10,600362,40.15953648,38.27831268310547,41.51001672,-0.046843762697097,0.03362788414334816
2026-07-10,600428,7.9374001,7.376885890960693,10.103912,-0.07061685211500257,0.27294981640146876
2026-07-10,300502,545.5,406.4910888671875,542.6,-0.254828434707264,-0.005316223648029306
2026-07-10,300760,139.5,141.90777587890625,150.31,0.017260042142697163,0.07749103942652336
2026-07-10,300750,374.145196,364.4924621582031,364.8787504,-0.02579943280040642,-0.024766977363515297
2026-07-10,400,20.04,21.98276138305664,19.95,0.09694418079124967,-0.004491017964071808
2026-07-10,426,32.35,30.859745025634766,30.15,-0.04606661435441228,-0.0680061823802165
2026-07-10,600160,46.0,41.99298095703125,39.98,-0.08710910962975549,-0.13086956521739135
2026-07-10,600183,157.4,139.96388244628906,146.99,-0.11077584214555869,-0.06613722998729354
2026-07-10,600118,81.82657824,72.57295227050781,69.14865776,-0.11308826751072254,-0.15493646138807426
2026-07-10,600111,42.98,48.00979995727539,38.87,0.11702652297057692,-0.0956258724988367
2026-07-10,600089,20.04,19.22568702697754,18.88,-0.04063437989134033,-0.05788423153692612
2026-07-10,600026,15.52482045,13.907830238342285,14.5600011,-0.10415516346005249,-0.062146892655367325
2026-07-10,600309,68.88,69.49227905273438,68.36,0.008889068709848624,-0.007549361207897731
2026-07-10,600489,19.95,20.70722198486328,19.99,0.03795598921620469,0.002005012531328232
2026-07-10,600276,55.61,55.5135612487793,55.99,-0.0017341980079248476,0.006833303362704601
2026-07-10,601808,11.28,11.865241050720215,11.68,0.05188307187235952,0.03546099290780136
2026-07-10,601872,15.8499992,14.078195571899414,14.16,-0.11178572350341731,-0.10662456058672853
2026-07-10,601899,27.62,25.842180252075195,29.25,-0.06436711614499657,0.05901520637219404
2026-07-10,601975,3.4,3.4573965072631836,3.38,0.016881325665642155,-0.00588235294117645
2026-07-17,2050,41.83,43.465641021728516,37.19,0.039102104272735305,-0.11092517332058338
2026-07-17,2028,151.4,140.40667724609375,164.6,-0.07261111462289471,0.08718626155878462
2026-07-17,2179,34.01,34.24147033691406,34.1,0.006805949335903172,0.002646280505733678
2026-07-17,2156,75.95,63.12734603881836,69.82,-0.16883020357052858,-0.08071099407504945
2026-07-17,21,43.34,36.92557144165039,39.09,-0.14800250480732835,-0.09806183664051682
2026-07-17,768,19.9,20.242721557617188,20.79,0.017222188824984386,0.04472361809045222
2026-07-17,603662,57.0,60.028717041015625,48.69,0.05313538668448459,-0.14578947368421058
2026-07-17,603619,18.36,18.592233657836914,23.47,0.012648892039047732,0.278322440087146
2026-07-17,2241,23.02,24.466960906982422,22.49,0.06285668579419723,-0.02302345786272808
2026-07-17,2342,8.05,7.861416816711426,7.31,-0.023426482396096238,-0.09192546583850947
2026-07-17,2273,28.98,26.84765625,27.01,-0.07357983954451353,-0.0679779158040027
2026-07-17,2371,702.76,658.718994140625,740.0,-0.0626686292039601,0.05299106380556662
2026-07-17,2353,130.5,123.71409606933594,135.11,-0.051999263836506215,0.03532567049808444
2026-07-17,2463,136.72,122.58948516845703,115.74,-0.10335367781994564,-0.15345231129315395
2026-07-17,2475,61.43146904,54.28233337402344,61.19,-0.11637578878866683,-0.003930705935792922
2026-07-17,2384,268.8,201.599853515625,206.65,-0.2500005449567523,-0.23121279761904767
2026-07-17,2422,49.9,37.708648681640625,51.35,-0.2443156576825526,0.029058116232465014
2026-07-17,2517,17.01,17.186552047729492,15.55,0.01037930909638396,-0.08583186360964146
2026-07-17,2555,18.63,19.519500732421875,18.48,0.04774561097272545,-0.00805152979066015
2026-07-17,2595,46.7,44.93616485595703,50.23,-0.03776948916580236,0.07558886509635965
2026-07-17,2558,30.28,29.82063865661621,25.26,-0.015170453876611312,-0.16578599735799204
2026-07-17,300308,1113.0,1011.1185302734375,1072.52,-0.09153770864920263,-0.036370170709793315
2026-07-17,300274,105.84,133.9021453857422,117.79,0.2651374280587886,0.11290627362055927
2026-07-17,2601,15.66,16.4318904876709,16.83,0.04929058031104083,0.07471264367816088
2026-07-17,2916,364.0,328.90362548828125,337.47,-0.09641861129593066,-0.07288461538461533
2026-07-17,300033,220.4,228.96243286132812,228.34,0.038849513889873455,0.036025408348457244
2026-07-17,300014,51.61,53.43462371826172,55.31,0.03535407320793871,0.07169153264871153
2026-07-17,300059,19.82,19.66354751586914,20.28,-0.00789366721144602,0.023208879919273562
2026-07-17,300034,15.63,16.14525032043457,15.47,0.032965471556914316,-0.010236724248240625
2026-07-17,300394,244.13,206.051513671875,212.09,-0.15597626808718712,-0.13124155163232698
2026-07-17,300191,26.12,27.704572677612305,31.68,0.0606651101689244,0.21286370597243476
2026-07-17,300164,9.86,8.939414978027344,12.49,-0.09336562088972167,0.2667342799188641
2026-07-17,300580,21.84,24.39313316345215,19.04,0.11690170162326696,-0.1282051282051282
2026-07-17,300476,270.93,248.7655029296875,238.93,-0.08180894352900203,-0.11811168936625693
2026-07-17,300474,54.84,57.15626907348633,51.91,0.04223685400230348,-0.053428154631655844
2026-07-17,300433,38.3,36.564781188964844,36.58,-0.04530597417846349,-0.04490861618798958
2026-07-17,300418,48.24,47.161224365234375,39.32,-0.022362678995970664,-0.18490878938640132
2026-07-17,600406,22.1,22.23634147644043,24.37,0.006169297576489985,0.10271493212669691
2026-07-17,600426,19.25,19.014646530151367,21.42,-0.012226154277851009,0.11272727272727279
2026-07-17,600316,26.9,29.299097061157227,26.28,0.08918576435528736,-0.023048327137546343
2026-07-17,600362,41.51001672,40.89005661010742,45.06,-0.014935192969794175,0.0855211238276754
2026-07-17,600428,10.103912,8.346599578857422,10.7256912,-0.17392396342551064,0.06153846153846154
2026-07-17,300502,542.6,451.8857421875,497.3,-0.16718440437246596,-0.08348691485440474
2026-07-17,300760,150.31,142.9502410888672,150.8,-0.04896386741489467,0.0032599294790767175
2026-07-17,300750,364.8787504,366.8684387207031,384.59734808,0.005453012318535677,0.05404150737302027
2026-07-17,400,19.95,20.72918701171875,23.08,0.0390569930686091,0.15689223057644108
2026-07-17,426,30.15,28.67566680908203,33.59,-0.04889993999727915,0.11409618573797697
2026-07-17,600160,39.98,40.48044967651367,40.83,0.012517500663173475,0.02126063031515768
2026-07-17,600183,146.99,132.24020385742188,125.1,-0.1003455754988648,-0.14892169535342548
2026-07-17,600118,69.14865776,67.4324951171875,61.05998452,-0.024818451990332724,-0.11697513013302496
2026-07-17,600111,38.87,45.25901412963867,40.27,0.16436877102234826,0.03601749421147438
2026-07-17,600089,18.88,18.300235748291016,21.53,-0.03070785231509443,0.14036016949152552
2026-07-17,600026,14.5600011,13.180537223815918,16.01,-0.09474339093175488,0.0995878290146559
2026-07-17,600309,68.36,65.26785278320312,75.49,-0.04523328286712802,0.10430076067875937
2026-07-17,600489,19.99,21.31107521057129,22.45,0.06608680393052979,0.12306153076538284
2026-07-17,600276,55.99,54.01572036743164,54.91,-0.035261290097666764,-0.019289158778353355
2026-07-17,601808,11.68,12.237863540649414,12.55,0.047762289439162275,0.07448630136986312
2026-07-17,601872,14.16,13.678638458251953,15.87,-0.0339944591629977,0.12076271186440679
2026-07-17,601899,29.25,28.02269172668457,33.06,-0.04195925720736515,0.13025641025641033
2026-07-17,601975,3.38,3.2424192428588867,3.64,-0.040704366018080806,0.0769230769230771
2026-07-24,2050,37.19,39.26188278198242,35.46,0.055710749717193364,-0.046517881150846874
2026-07-24,2028,164.6,147.27835083007812,154.1,-0.10523480662163953,-0.06379100850546782
2026-07-24,2179,34.1,32.98073196411133,33.38,-0.03282310955685264,-0.02111436950146628
2026-07-24,2156,69.82,58.33930969238281,55.89,-0.16443268845054682,-0.19951303351475214
2026-07-24,21,39.09,39.65614700317383,36.42,0.014483167131589259,-0.06830391404451275
2026-07-24,768,20.79,21.360380172729492,20.96,0.027435313743602308,0.008177008177008283
2026-07-24,603662,48.69,55.44775390625,46.73,0.13879141314951737,-0.04025467241733416
2026-07-24,603619,23.47,22.707149505615234,22.5,-0.03250321663335165,-0.04132935662547932
2026-07-24,2241,22.49,21.746868133544922,23.06,-0.03304276862850497,0.025344597598932816
2026-07-24,2342,7.31,6.549234867095947,6.96,-0.10407183760657346,-0.0478796169630642
2026-07-24,2273,27.01,25.32611846923828,24.69,-0.06234289266055981,-0.08589411329137353
2026-07-24,2371,740.0,636.9483642578125,668.07,-0.1392589672191723,-0.09720270270270259
2026-07-24,2353,135.11,131.0436553955078,125.73,-0.030096548031176118,-0.06942491303382436
2026-07-24,2463,115.74,103.44470977783203,96.55,-0.10623198740425055,-0.16580266113703124
2026-07-24,2475,61.19,54.985687255859375,58.35,-0.10139422690211841,-0.046412812551070326
2026-07-24,2384,206.65,193.0591278076172,161.8,-0.06576758863964582,-0.21703363174449553
2026-07-24,2422,51.35,38.61516571044922,42.79,-0.24800066776145635,-0.16669912366114903
2026-07-24,2517,15.55,16.29076385498047,16.5,0.04763754694408151,0.06109324758842449
2026-07-24,2555,18.48,18.582191467285156,19.28,0.005529841303309357,0.04329004329004338
2026-07-24,2595,50.23,48.378875732421875,52.8,-0.03685296172761543,0.051164642643838354
2026-07-24,2558,25.26,28.750316619873047,27.68,0.13817563815807787,0.09580364212193193
2026-07-24,300308,1072.52,1006.5711669921875,864.0,-0.06148960672790482,-0.1944206168649536
2026-07-24,300274,117.79,122.57908630371094,103.71,0.04065783431285275,-0.1195347652602089
2026-07-24,2601,16.83,16.323816299438477,16.78,-0.030076274543168302,-0.002970885323826278
2026-07-24,2916,337.47,332.8460388183594,284.5,-0.013701843665038793,-0.1569621003348447
2026-07-24,300033,228.34,228.3677978515625,225.88,0.00012173886118294064,-0.010773408075676616
2026-07-24,300014,55.31,59.81434631347656,54.22,0.08143819044434197,-0.019707105405894154
2026-07-24,300059,20.28,20.371137619018555,19.99,0.0044939654348399305,-0.014299802761341351
2026-07-24,300034,15.47,15.908333778381348,15.51,0.028334439455807825,0.0025856496444731647
2026-07-24,300394,212.09,181.27635192871094,160.1,-0.1452857186632518,-0.24513178367674104
2026-07-24,300191,31.68,26.034605026245117,29.85,-0.1782005989190304,-0.05776515151515149
2026-07-24,300164,12.49,11.265504837036133,11.94,-0.09803804347188694,-0.04403522818254613
2026-07-24,300580,19.04,22.11090850830078,20.0,0.16128721157041914,0.050420168067226934
2026-07-24,300476,238.93,264.4468688964844,180.36,0.10679642111281273,-0.2451345582388147
2026-07-24,300474,51.91,52.166168212890625,52.16,0.004934852877877649,0.0048160277403197504
2026-07-24,300433,36.58,34.61907958984375,30.83,-0.05360635347611398,-0.15718972115910335
2026-07-24,300418,39.32,44.12423324584961,36.0,0.12218294114571737,-0.08443540183112919
2026-07-24,600406,24.37,23.733543395996094,24.32,-0.026116397373980638,-0.002051702913418163
2026-07-24,600426,21.42,20.692174911499023,21.94,-0.03397876230163299,0.024276377217553602
2026-07-24,600316,26.28,28.68920135498047,24.69,0.09167432857612123,-0.060502283105022814
2026-07-24,600362,45.06,43.41926574707031,42.14,-0.03641221156080088,-0.06480248557478918
2026-07-24,600428,10.7256912,9.045902252197266,10.98,-0.15661358475458764,0.023710248156314728
2026-07-24,300502,497.3,422.16632080078125,371.1,-0.15108320772012618,-0.2537703599436959
2026-07-24,300760,150.8,143.15975952148438,161.62,-0.05066472465859173,0.07175066312997336
2026-07-24,300750,384.59734808,377.86376953125,400.43001696,-0.01750812527014456,0.04116686960802096
2026-07-24,400,23.08,24.122987747192383,22.96,0.045190110363621416,-0.005199306759098632
2026-07-24,426,33.59,36.070804595947266,31.5,0.07385545090643819,-0.06222089907710637
2026-07-24,600160,40.83,37.91315841674805,39.61,-0.07143868682958487,-0.029879990203281914
2026-07-24,600183,125.1,122.30904388427734,100.08,-0.022309801084913317,-0.19999999999999996
2026-07-24,600118,61.05998452,60.576324462890625,54.79,-0.007921064194684746,-0.1026856552501465
2026-07-24,600111,40.27,43.281219482421875,39.15,0.07477575074303133,-0.027812267196424267
2026-07-24,600089,21.53,20.057527542114258,20.75,-0.06839166084002524,-0.03622851834649332
2026-07-24,600026,16.01,13.632427215576172,16.85,-0.14850548309955214,0.05246720799500304
2026-07-24,600309,75.49,76.78543853759766,76.56,0.017160399226356704,0.014174062789773512
2026-07-24,600489,22.45,23.731483459472656,21.9,0.05708166857339236,-0.024498886414253906
2026-07-24,600276,54.91,52.818965911865234,54.65,-0.03808111615616028,-0.004735020943361867
2026-07-24,601808,12.55,12.035046577453613,12.69,-0.04103214522281973,0.011155378486055634
2026-07-24,601872,15.87,15.606489181518555,16.47,-0.016604336388244767,0.037807183364839236
2026-07-24,601899,33.06,32.58937454223633,32.7,-0.014235494790189818,-0.010889292196007205
2026-07-24,601975,3.64,3.5690627098083496,3.62,-0.019488266536167753,-0.005494505494505475
2026-07-31,2050,35.46,35.58216857910156,38.71,0.0034452503976751814,0.0916525662718557
2026-07-31,2028,154.1,154.90892028808594,160.56,0.005249320493744047,0.04192083062946139
2026-07-31,2179,33.38,33.16672897338867,34.67,-0.006389185938026731,0.03864589574595567
2026-07-31,2156,55.89,53.16061782836914,60.96,-0.048834893033295024,0.09071390230810517
2026-07-31,21,36.42,33.37379455566406,39.91,-0.08364100615969083,0.09582646897309166
2026-07-31,768,20.96,21.507715225219727,20.83,0.02613145158491048,-0.006202290076335992
2026-07-31,603662,46.73,51.30636215209961,53.86,0.0979319955510296,0.15257864326984816
2026-07-31,603619,22.5,22.287988662719727,22.43,-0.009422726101345535,-0.0031111111111111756
2026-07-31,2241,23.06,21.694671630859375,23.44,-0.05920764827149283,0.01647875108412844
2026-07-31,2342,6.96,6.632375240325928,8.23,-0.047072522941677075,0.18247126436781613
2026-07-31,2273,24.69,25.035385131835938,27.32,0.013988867227052948,0.10652085864722549
2026-07-31,2371,668.07,599.6785278320312,742.5,-0.10237171579021476,0.11141048093762618
2026-07-31,2353,125.73,126.2444839477539,144.57,0.004091974451235991,0.14984490575041742
2026-07-31,2463,96.55,84.95234680175781,117.2,-0.12012069599422248,0.2138788192646297
2026-07-31,2475,58.35,53.470577239990234,55.9,-0.08362335492733108,-0.041988003427592124
2026-07-31,2384,161.8,163.8741455078125,187.68,0.012819193496987014,0.15995055624227428
2026-07-31,2422,42.79,41.238059997558594,42.51,-0.036268754438920414,-0.0065435849497545995
2026-07-31,2517,16.5,17.065805435180664,17.9,0.03429123849579785,0.08484848484848473
2026-07-31,2555,19.28,18.686992645263672,19.8,-0.030757642880514968,0.026970954356846377
2026-07-31,2595,52.8,50.54518127441406,52.79,-0.0427049001057942,-0.00018939393939387816
2026-07-31,2558,27.68,27.82113265991211,29.26,0.00509872326272065,0.05708092485549132
2026-07-31,300308,864.0,767.6813354492188,955.0,-0.11147993582266347,0.10532407407407418
2026-07-31,300274,103.71,133.3707275390625,106.7,0.28599679432130465,0.02883039244045915
2026-07-31,2601,16.78,16.883153915405273,16.58,0.006147432384104423,-0.01191895113230057
2026-07-31,2916,284.5,282.66802978515625,353.99,-0.006439262618079922,0.2442530755711776
2026-07-31,300033,225.88,230.50682067871094,238.98,0.020483534083189925,0.057995395785372716
2026-07-31,300014,54.22,57.55169677734375,54.13,0.061447745801249454,-0.0016599040944300647
2026-07-31,300059,19.99,19.938209533691406,20.01,-0.0025908187247920544,0.0010005002501252136
2026-07-31,300034,15.51,15.772181510925293,16.02,0.01690403036268817,0.03288201160541582
2026-07-31,300394,160.1,158.52557373046875,225.28,-0.009834017923368132,0.4071205496564647
2026-07-31,300191,29.85,28.306102752685547,32.45,-0.05172185083130498,0.08710217755443894
2026-07-31,300164,11.94,12.01699447631836,10.77,0.006448448602877743,-0.09798994974874375
2026-07-31,300580,20.0,21.939224243164062,21.83,0.09696121215820308,0.09149999999999991
2026-07-31,300476,180.36,248.3839874267578,250.15,0.3771567278041572,0.38694832557107994
2026-07-31,300474,52.16,55.6335563659668,53.09,0.06659425548249231,0.017829754601227155
2026-07-31,300433,30.83,31.60769271850586,34.82,0.025225193594092143,0.12941939669153424
2026-07-31,300418,36.0,41.27494430541992,43.9,0.14652623070610904,0.21944444444444433
2026-07-31,600406,24.32,24.3936824798584,24.17,0.003029707231019696,-0.00616776315789469
2026-07-31,600426,21.94,20.658889770507812,21.23,-0.05839153279362752,-0.03236098450319058
2026-07-31,600316,24.69,27.4882755279541,26.04,0.11333639238372206,0.054678007290400954
2026-07-31,600362,42.14,39.98997497558594,46.25,-0.05102100200318138,0.09753203607024208
2026-07-31,600428,10.98,8.030877113342285,12.0,-0.26859042683585743,0.09289617486338786
2026-07-31,300502,371.1,301.1434326171875,421.87,-0.18851136454543926,0.13680948531393144
2026-07-31,300760,161.62,150.2120361328125,149.75,-0.07058510003209695,-0.07344388070783325
2026-07-31,300750,400.43001696,382.8638000488281,386.600096,-0.043868381907359866,-0.03453767293719512
2026-07-31,400,22.96,23.504846572875977,22.86,0.023730251431880456,-0.004355400696864131
2026-07-31,426,31.5,33.86989974975586,37.58,0.07523491269066218,0.19301587301587286
2026-07-31,600160,39.61,38.317535400390625,43.84,-0.03262975510248356,0.10679121433981331
2026-07-31,600183,100.08,98.37528991699219,127.25,-0.017033474050837438,0.27148281374900085
2026-07-31,600118,54.79,55.85894012451172,65.33,0.019509766828102126,0.19237087059682412
2026-07-31,600111,39.15,43.12063217163086,41.91,0.10142100055251246,0.07049808429118776
2026-07-31,600089,20.75,20.294986724853516,21.18,-0.02192835060946907,0.020722891566264945
2026-07-31,600026,16.85,15.07927131652832,17.46,-0.10508775569564877,0.03620178041543021
2026-07-31,600309,76.56,77.99849700927734,74.97,0.01878914588920244,-0.020768025078369945
2026-07-31,600489,21.9,22.377412796020508,25.11,0.02179967105116476,0.14657534246575343
2026-07-31,600276,54.65,52.80368423461914,52.11,-0.03378436899141557,-0.04647758462946017
2026-07-31,601808,12.69,12.386784553527832,12.23,-0.02389404621530078,-0.03624901497241917
2026-07-31,601872,16.47,15.460570335388184,17.88,-0.061288989958215856,0.08561020036429867
2026-07-31,601899,32.7,30.96820640563965,34.5,-0.0529600487571974,0.05504587155963292
2026-07-31,601975,3.62,3.546076536178589,3.73,-0.020420846359505918,0.03038674033149169
